title,percentile,age,raw_score,raw_score_boy,raw_score_girl
Phrases,0,8,0,0,0
Phrases,1,8,0,0,0
Phrases,2,8,0,0,0
Phrases,3,8,0,0,0
Phrases,4,8,0,0,0
Phrases,5,8,0,0,0
Phrases,6,8,0,0,0
Phrases,7,8,0,0,0
Phrases,8,8,0,0,0
Phrases,9,8,0,0,0
Phrases,10,8,0,0,0
Phrases,11,8,0,0,0
Phrases,12,8,0,0,1
Phrases,13,8,1,1,1
Phrases,14,8,1,1,1
Phrases,15,8,1,1,1
Phrases,16,8,1,1,1
Phrases,17,8,1,1,1
Phrases,18,8,1,1,1
Phrases,19,8,1,1,1
Phrases,20,8,1,1,1
Phrases,21,8,1,1,1
Phrases,22,8,1,1,1
Phrases,23,8,1,1,1
Phrases,24,8,1,1,2
Phrases,25,8,1,1,2
Phrases,26,8,2,2,2
Phrases,27,8,2,2,2
Phrases,28,8,2,2,2
Phrases,29,8,2,2,2
Phrases,30,8,2,2,2
Phrases,31,8,2,2,2
Phrases,32,8,2,2,2
Phrases,33,8,2,2,3
Phrases,34,8,2,2,3
Phrases,35,8,3,3,3
Phrases,36,8,3,3,3
Phrases,37,8,3,3,3
Phrases,38,8,3,3,3
Phrases,39,8,3,3,3
Phrases,40,8,3,3,4
Phrases,41,8,3,3,4
Phrases,42,8,4,4,4
Phrases,43,8,4,4,4
Phrases,44,8,4,4,4
Phrases,45,8,4,4,4
Phrases,46,8,4,4,4
Phrases,47,8,4,4,5
Phrases,48,8,4,4,5
Phrases,49,8,5,5,5
Phrases,50,8,5,5,5
Phrases,51,8,5,5,5
Phrases,52,8,5,5,6
Phrases,53,8,5,5,6
Phrases,54,8,5,5,6
Phrases,55,8,6,6,6
Phrases,56,8,6,6,6
Phrases,57,8,6,6,6
Phrases,58,8,6,6,7
Phrases,59,8,6,6,7
Phrases,60,8,7,7,7
Phrases,61,8,7,7,7
Phrases,62,8,7,7,8
Phrases,63,8,7,7,8
Phrases,64,8,7,7,8
Phrases,65,8,8,8,8
Phrases,66,8,8,8,8
Phrases,67,8,8,8,9
Phrases,68,8,8,8,9
Phrases,69,8,9,9,9
Phrases,70,8,9,9,9
Phrases,71,8,9,9,10
Phrases,72,8,9,9,10
Phrases,73,8,10,10,10
Phrases,74,8,10,10,11
Phrases,75,8,10,10,11
Phrases,76,8,11,11,11
Phrases,77,8,11,11,11
Phrases,78,8,11,11,12
Phrases,79,8,12,12,12
Phrases,80,8,12,12,12
Phrases,81,8,12,12,13
Phrases,82,8,13,13,13
Phrases,83,8,13,13,14
Phrases,84,8,13,13,14
Phrases,85,8,14,14,14
Phrases,86,8,14,14,15
Phrases,87,8,15,15,15
Phrases,88,8,15,15,16
Phrases,89,8,16,16,16
Phrases,90,8,16,16,17
Phrases,91,8,17,17,17
Phrases,92,8,17,17,18
Phrases,93,8,18,18,18
Phrases,94,8,19,19,19
Phrases,95,8,19,19,20
Phrases,96,8,20,20,21
Phrases,97,8,21,21,22
Phrases,98,8,22,22,23
Phrases,99,8,24,24,24
Phrases,0,9,0,0,0
Phrases,1,9,0,0,0
Phrases,2,9,0,0,0
Phrases,3,9,0,0,0
Phrases,4,9,0,0,0
Phrases,5,9,0,0,0
Phrases,6,9,0,0,1
Phrases,7,9,1,0,1
Phrases,8,9,1,1,1
Phrases,9,9,1,1,1
Phrases,10,9,1,1,1
Phrases,11,9,1,1,1
Phrases,12,9,1,1,1
Phrases,13,9,1,1,1
Phrases,14,9,1,1,1
Phrases,15,9,1,1,2
Phrases,16,9,1,1,2
Phrases,17,9,2,1,2
Phrases,18,9,2,2,2
Phrases,19,9,2,2,2
Phrases,20,9,2,2,2
Phrases,21,9,2,2,2
Phrases,22,9,2,2,3
Phrases,23,9,2,2,3
Phrases,24,9,3,2,3
Phrases,25,9,3,2,3
Phrases,26,9,3,3,3
Phrases,27,9,3,3,3
Phrases,28,9,3,3,3
Phrases,29,9,3,3,4
Phrases,30,9,3,3,4
Phrases,31,9,4,3,4
Phrases,32,9,4,3,4
Phrases,33,9,4,4,4
Phrases,34,9,4,4,4
Phrases,35,9,4,4,5
Phrases,36,9,4,4,5
Phrases,37,9,4,4,5
Phrases,38,9,5,4,5
Phrases,39,9,5,5,5
Phrases,40,9,5,5,5
Phrases,41,9,5,5,6
Phrases,42,9,5,5,6
Phrases,43,9,5,5,6
Phrases,44,9,6,5,6
Phrases,45,9,6,6,6
Phrases,46,9,6,6,7
Phrases,47,9,6,6,7
Phrases,48,9,6,6,7
Phrases,49,9,7,6,7
Phrases,50,9,7,7,7
Phrases,51,9,7,7,8
Phrases,52,9,7,7,8
Phrases,53,9,7,7,8
Phrases,54,9,8,7,8
Phrases,55,9,8,8,8
Phrases,56,9,8,8,9
Phrases,57,9,8,8,9
Phrases,58,9,8,8,9
Phrases,59,9,9,8,9
Phrases,60,9,9,9,9
Phrases,61,9,9,9,10
Phrases,62,9,9,9,10
Phrases,63,9,10,9,10
Phrases,64,9,10,10,10
Phrases,65,9,10,10,11
Phrases,66,9,10,10,11
Phrases,67,9,11,10,11
Phrases,68,9,11,11,11
Phrases,69,9,11,11,12
Phrases,70,9,11,11,12
Phrases,71,9,12,11,12
Phrases,72,9,12,12,13
Phrases,73,9,12,12,13
Phrases,74,9,13,12,13
Phrases,75,9,13,12,13
Phrases,76,9,13,13,14
Phrases,77,9,13,13,14
Phrases,78,9,14,13,14
Phrases,79,9,14,14,15
Phrases,80,9,14,14,15
Phrases,81,9,15,14,15
Phrases,82,9,15,15,16
Phrases,83,9,15,15,16
Phrases,84,9,16,16,16
Phrases,85,9,16,16,17
Phrases,86,9,17,16,17
Phrases,87,9,17,17,18
Phrases,88,9,18,17,18
Phrases,89,9,18,18,19
Phrases,90,9,18,18,19
Phrases,91,9,19,19,20
Phrases,92,9,19,19,20
Phrases,93,9,20,20,21
Phrases,94,9,21,20,21
Phrases,95,9,21,21,22
Phrases,96,9,22,22,23
Phrases,97,9,23,23,23
Phrases,98,9,24,24,24
Phrases,99,9,25,25,25
Phrases,0,10,0,0,0
Phrases,1,10,0,0,0
Phrases,2,10,0,0,0
Phrases,3,10,0,0,1
Phrases,4,10,1,1,1
Phrases,5,10,1,1,1
Phrases,6,10,1,1,1
Phrases,7,10,1,1,1
Phrases,8,10,1,1,1
Phrases,9,10,1,1,2
Phrases,10,10,2,1,2
Phrases,11,10,2,2,2
Phrases,12,10,2,2,2
Phrases,13,10,2,2,2
Phrases,14,10,2,2,3
Phrases,15,10,2,2,3
Phrases,16,10,3,2,3
Phrases,17,10,3,2,3
Phrases,18,10,3,3,3
Phrases,19,10,3,3,3
Phrases,20,10,3,3,4
Phrases,21,10,3,3,4
Phrases,22,10,4,3,4
Phrases,23,10,4,3,4
Phrases,24,10,4,4,4
Phrases,25,10,4,4,5
Phrases,26,10,4,4,5
Phrases,27,10,5,4,5
Phrases,28,10,5,4,5
Phrases,29,10,5,4,5
Phrases,30,10,5,5,6
Phrases,31,10,5,5,6
Phrases,32,10,5,5,6
Phrases,33,10,6,5,6
Phrases,34,10,6,5,6
Phrases,35,10,6,6,7
Phrases,36,10,6,6,7
Phrases,37,10,6,6,7
Phrases,38,10,7,6,7
Phrases,39,10,7,6,7
Phrases,40,10,7,7,8
Phrases,41,10,7,7,8
Phrases,42,10,7,7,8
Phrases,43,10,8,7,8
Phrases,44,10,8,7,8
Phrases,45,10,8,8,9
Phrases,46,10,8,8,9
Phrases,47,10,8,8,9
Phrases,48,10,9,8,9
Phrases,49,10,9,8,10
Phrases,50,10,9,9,10
Phrases,51,10,9,9,10
Phrases,52,10,10,9,10
Phrases,53,10,10,9,10
Phrases,54,10,10,9,11
Phrases,55,10,10,10,11
Phrases,56,10,10,10,11
Phrases,57,10,11,10,11
Phrases,58,10,11,10,12
Phrases,59,10,11,11,12
Phrases,60,10,11,11,12
Phrases,61,10,12,11,12
Phrases,62,10,12,11,13
Phrases,63,10,12,12,13
Phrases,64,10,12,12,13
Phrases,65,10,13,12,13
Phrases,66,10,13,12,14
Phrases,67,10,13,13,14
Phrases,68,10,13,13,14
Phrases,69,10,14,13,14
Phrases,70,10,14,13,15
Phrases,71,10,14,14,15
Phrases,72,10,15,14,15
Phrases,73,10,15,14,15
Phrases,74,10,15,14,16
Phrases,75,10,15,15,16
Phrases,76,10,16,15,16
Phrases,77,10,16,15,17
Phrases,78,10,16,16,17
Phrases,79,10,17,16,17
Phrases,80,10,17,16,18
Phrases,81,10,17,17,18
Phrases,82,10,18,17,18
Phrases,83,10,18,17,19
Phrases,84,10,18,18,19
Phrases,85,10,19,18,19
Phrases,86,10,19,18,20
Phrases,87,10,19,19,20
Phrases,88,10,20,19,20
Phrases,89,10,20,20,21
Phrases,90,10,21,20,21
Phrases,91,10,21,21,22
Phrases,92,10,21,21,22
Phrases,93,10,22,21,23
Phrases,94,10,22,22,23
Phrases,95,10,23,23,24
Phrases,96,10,24,23,24
Phrases,97,10,24,24,25
Phrases,98,10,25,25,25
Phrases,99,10,26,26,26
Phrases,0,11,0,0,0
Phrases,1,11,0,0,0
Phrases,2,11,1,1,1
Phrases,3,11,1,1,1
Phrases,4,11,1,1,1
Phrases,5,11,1,1,2
Phrases,6,11,2,1,2
Phrases,7,11,2,2,2
Phrases,8,11,2,2,2
Phrases,9,11,2,2,3
Phrases,10,11,3,2,3
Phrases,11,11,3,2,3
Phrases,12,11,3,3,3
Phrases,13,11,3,3,4
Phrases,14,11,4,3,4
Phrases,15,11,4,3,4
Phrases,16,11,4,4,4
Phrases,17,11,4,4,5
Phrases,18,11,4,4,5
Phrases,19,11,5,4,5
Phrases,20,11,5,4,5
Phrases,21,11,5,5,6
Phrases,22,11,5,5,6
Phrases,23,11,6,5,6
Phrases,24,11,6,5,6
Phrases,25,11,6,5,7
Phrases,26,11,6,6,7
Phrases,27,11,6,6,7
Phrases,28,11,7,6,7
Phrases,29,11,7,6,8
Phrases,30,11,7,6,8
Phrases,31,11,7,7,8
Phrases,32,11,8,7,8
Phrases,33,11,8,7,8
Phrases,34,11,8,7,9
Phrases,35,11,8,7,9
Phrases,36,11,8,8,9
Phrases,37,11,9,8,9
Phrases,38,11,9,8,10
Phrases,39,11,9,8,10
Phrases,40,11,9,9,10
Phrases,41,11,10,9,10
Phrases,42,11,10,9,11
Phrases,43,11,10,9,11
Phrases,44,11,10,9,11
Phrases,45,11,10,10,11
Phrases,46,11,11,10,11
Phrases,47,11,11,10,12
Phrases,48,11,11,10,12
Phrases,49,11,11,11,12
Phrases,50,11,12,11,12
Phrases,51,11,12,11,13
Phrases,52,11,12,11,13
Phrases,53,11,12,11,13
Phrases,54,11,13,12,13
Phrases,55,11,13,12,14
Phrases,56,11,13,12,14
Phrases,57,11,13,12,14
Phrases,58,11,14,13,14
Phrases,59,11,14,13,15
Phrases,60,11,14,13,15
Phrases,61,11,14,13,15
Phrases,62,11,14,14,15
Phrases,63,11,15,14,16
Phrases,64,11,15,14,16
Phrases,65,11,15,14,16
Phrases,66,11,15,15,16
Phrases,67,11,16,15,17
Phrases,68,11,16,15,17
Phrases,69,11,16,15,17
Phrases,70,11,17,16,17
Phrases,71,11,17,16,18
Phrases,72,11,17,16,18
Phrases,73,11,17,16,18
Phrases,74,11,18,17,18
Phrases,75,11,18,17,19
Phrases,76,11,18,17,19
Phrases,77,11,18,18,19
Phrases,78,11,19,18,19
Phrases,79,11,19,18,20
Phrases,80,11,19,18,20
Phrases,81,11,20,19,20
Phrases,82,11,20,19,21
Phrases,83,11,20,19,21
Phrases,84,11,21,20,21
Phrases,85,11,21,20,21
Phrases,86,11,21,20,22
Phrases,87,11,22,21,22
Phrases,88,11,22,21,22
Phrases,89,11,22,21,23
Phrases,90,11,23,22,23
Phrases,91,11,23,22,23
Phrases,92,11,23,23,24
Phrases,93,11,24,23,24
Phrases,94,11,24,24,25
Phrases,95,11,25,24,25
Phrases,96,11,25,25,25
Phrases,97,11,26,25,26
Phrases,98,11,26,26,26
Phrases,99,11,27,27,27
Phrases,0,12,0,0,0
Phrases,1,12,1,1,1
Phrases,2,12,1,1,1
Phrases,3,12,2,1,2
Phrases,4,12,2,2,2
Phrases,5,12,2,2,3
Phrases,6,12,3,2,3
Phrases,7,12,3,3,3
Phrases,8,12,3,3,4
Phrases,9,12,4,3,4
Phrases,10,12,4,3,4
Phrases,11,12,4,4,5
Phrases,12,12,5,4,5
Phrases,13,12,5,4,5
Phrases,14,12,5,4,6
Phrases,15,12,5,5,6
Phrases,16,12,6,5,6
Phrases,17,12,6,5,7
Phrases,18,12,6,5,7
Phrases,19,12,6,6,7
Phrases,20,12,7,6,7
Phrases,21,12,7,6,8
Phrases,22,12,7,6,8
Phrases,23,12,8,7,8
Phrases,24,12,8,7,9
Phrases,25,12,8,7,9
Phrases,26,12,8,7,9
Phrases,27,12,9,8,9
Phrases,28,12,9,8,10
Phrases,29,12,9,8,10
Phrases,30,12,9,8,10
Phrases,31,12,10,9,10
Phrases,32,12,10,9,11
Phrases,33,12,10,9,11
Phrases,34,12,10,9,11
Phrases,35,12,11,10,11
Phrases,36,12,11,10,12
Phrases,37,12,11,10,12
Phrases,38,12,11,10,12
Phrases,39,12,11,10,12
Phrases,40,12,12,11,13
Phrases,41,12,12,11,13
Phrases,42,12,12,11,13
Phrases,43,12,12,11,13
Phrases,44,12,13,12,14
Phrases,45,12,13,12,14
Phrases,46,12,13,12,14
Phrases,47,12,13,12,14
Phrases,48,12,14,13,15
Phrases,49,12,14,13,15
Phrases,50,12,14,13,15
Phrases,51,12,14,13,15
Phrases,52,12,15,14,15
Phrases,53,12,15,14,16
Phrases,54,12,15,14,16
Phrases,55,12,15,14,16
Phrases,56,12,16,14,16
Phrases,57,12,16,15,17
Phrases,58,12,16,15,17
Phrases,59,12,16,15,17
Phrases,60,12,17,15,17
Phrases,61,12,17,16,18
Phrases,62,12,17,16,18
Phrases,63,12,17,16,18
Phrases,64,12,17,16,18
Phrases,65,12,18,17,19
Phrases,66,12,18,17,19
Phrases,67,12,18,17,19
Phrases,68,12,18,17,19
Phrases,69,12,19,18,19
Phrases,70,12,19,18,20
Phrases,71,12,19,18,20
Phrases,72,12,19,18,20
Phrases,73,12,20,19,20
Phrases,74,12,20,19,21
Phrases,75,12,20,19,21
Phrases,76,12,20,19,21
Phrases,77,12,21,20,21
Phrases,78,12,21,20,22
Phrases,79,12,21,20,22
Phrases,80,12,21,21,22
Phrases,81,12,22,21,22
Phrases,82,12,22,21,23
Phrases,83,12,22,21,23
Phrases,84,12,23,22,23
Phrases,85,12,23,22,23
Phrases,86,12,23,22,24
Phrases,87,12,23,23,24
Phrases,88,12,24,23,24
Phrases,89,12,24,23,24
Phrases,90,12,24,23,25
Phrases,91,12,25,24,25
Phrases,92,12,25,24,25
Phrases,93,12,25,25,26
Phrases,94,12,25,25,26
Phrases,95,12,26,25,26
Phrases,96,12,26,26,26
Phrases,97,12,27,26,27
Phrases,98,12,27,27,27
Phrases,99,12,27,27,28
Phrases,0,13,0,0,0
Phrases,1,13,1,1,1
Phrases,2,13,2,1,2
Phrases,3,13,2,2,3
Phrases,4,13,3,2,3
Phrases,5,13,3,3,4
Phrases,6,13,4,3,4
Phrases,7,13,4,4,5
Phrases,8,13,5,4,5
Phrases,9,13,5,4,6
Phrases,10,13,5,5,6
Phrases,11,13,6,5,6
Phrases,12,13,6,5,7
Phrases,13,13,6,6,7
Phrases,14,13,7,6,8
Phrases,15,13,7,6,8
Phrases,16,13,7,7,8
Phrases,17,13,8,7,9
Phrases,18,13,8,7,9
Phrases,19,13,8,7,9
Phrases,20,13,9,8,10
Phrases,21,13,9,8,10
Phrases,22,13,9,8,10
Phrases,23,13,10,9,10
Phrases,24,13,10,9,11
Phrases,25,13,10,9,11
Phrases,26,13,10,9,11
Phrases,27,13,11,10,12
Phrases,28,13,11,10,12
Phrases,29,13,11,10,12
Phrases,30,13,12,10,12
Phrases,31,13,12,11,13
Phrases,32,13,12,11,13
Phrases,33,13,12,11,13
Phrases,34,13,13,11,14
Phrases,35,13,13,12,14
Phrases,36,13,13,12,14
Phrases,37,13,13,12,14
Phrases,38,13,14,12,15
Phrases,39,13,14,13,15
Phrases,40,13,14,13,15
Phrases,41,13,14,13,15
Phrases,42,13,15,13,16
Phrases,43,13,15,14,16
Phrases,44,13,15,14,16
Phrases,45,13,15,14,16
Phrases,46,13,16,14,17
Phrases,47,13,16,15,17
Phrases,48,13,16,15,17
Phrases,49,13,16,15,17
Phrases,50,13,17,15,17
Phrases,51,13,17,16,18
Phrases,52,13,17,16,18
Phrases,53,13,17,16,18
Phrases,54,13,17,16,18
Phrases,55,13,18,16,19
Phrases,56,13,18,17,19
Phrases,57,13,18,17,19
Phrases,58,13,18,17,19
Phrases,59,13,19,17,20
Phrases,60,13,19,18,20
Phrases,61,13,19,18,20
Phrases,62,13,19,18,20
Phrases,63,13,20,18,20
Phrases,64,13,20,19,21
Phrases,65,13,20,19,21
Phrases,66,13,20,19,21
Phrases,67,13,20,19,21
Phrases,68,13,21,20,21
Phrases,69,13,21,20,22
Phrases,70,13,21,20,22
Phrases,71,13,21,20,22
Phrases,72,13,22,20,22
Phrases,73,13,22,21,22
Phrases,74,13,22,21,23
Phrases,75,13,22,21,23
Phrases,76,13,22,21,23
Phrases,77,13,23,22,23
Phrases,78,13,23,22,24
Phrases,79,13,23,22,24
Phrases,80,13,23,22,24
Phrases,81,13,24,23,24
Phrases,82,13,24,23,24
Phrases,83,13,24,23,25
Phrases,84,13,24,23,25
Phrases,85,13,24,24,25
Phrases,86,13,25,24,25
Phrases,87,13,25,24,25
Phrases,88,13,25,24,26
Phrases,89,13,25,25,26
Phrases,90,13,26,25,26
Phrases,91,13,26,25,26
Phrases,92,13,26,25,26
Phrases,93,13,26,26,27
Phrases,94,13,26,26,27
Phrases,95,13,27,26,27
Phrases,96,13,27,27,27
Phrases,97,13,27,27,27
Phrases,98,13,27,27,28
Phrases,99,13,28,28,28
Phrases,0,14,0,0,0
Phrases,1,14,2,1,2
Phrases,2,14,3,2,3
Phrases,3,14,3,3,4
Phrases,4,14,4,3,5
Phrases,5,14,5,4,5
Phrases,6,14,5,4,6
Phrases,7,14,6,5,6
Phrases,8,14,6,5,7
Phrases,9,14,7,6,7
Phrases,10,14,7,6,8
Phrases,11,14,7,7,8
Phrases,12,14,8,7,9
Phrases,13,14,8,7,9
Phrases,14,14,9,8,10
Phrases,15,14,9,8,10
Phrases,16,14,9,8,10
Phrases,17,14,10,9,11
Phrases,18,14,10,9,11
Phrases,19,14,10,9,11
Phrases,20,14,11,10,12
Phrases,21,14,11,10,12
Phrases,22,14,11,10,12
Phrases,23,14,12,11,13
Phrases,24,14,12,11,13
Phrases,25,14,12,11,13
Phrases,26,14,13,11,14
Phrases,27,14,13,12,14
Phrases,28,14,13,12,14
Phrases,29,14,13,12,15
Phrases,30,14,14,13,15
Phrases,31,14,14,13,15
Phrases,32,14,14,13,15
Phrases,33,14,15,13,16
Phrases,34,14,15,14,16
Phrases,35,14,15,14,16
Phrases,36,14,15,14,16
Phrases,37,14,16,14,17
Phrases,38,14,16,15,17
Phrases,39,14,16,15,17
Phrases,40,14,16,15,17
Phrases,41,14,17,15,18
Phrases,42,14,17,16,18
Phrases,43,14,17,16,18
Phrases,44,14,17,16,18
Phrases,45,14,18,16,19
Phrases,46,14,18,17,19
Phrases,47,14,18,17,19
Phrases,48,14,18,17,19
Phrases,49,14,19,17,20
Phrases,50,14,19,18,20
Phrases,51,14,19,18,20
Phrases,52,14,19,18,20
Phrases,53,14,19,18,20
Phrases,54,14,20,18,21
Phrases,55,14,20,19,21
Phrases,56,14,20,19,21
Phrases,57,14,20,19,21
Phrases,58,14,21,19,21
Phrases,59,14,21,20,22
Phrases,60,14,21,20,22
Phrases,61,14,21,20,22
Phrases,62,14,21,20,22
Phrases,63,14,22,20,22
Phrases,64,14,22,21,23
Phrases,65,14,22,21,23
Phrases,66,14,22,21,23
Phrases,67,14,22,21,23
Phrases,68,14,23,21,23
Phrases,69,14,23,22,23
Phrases,70,14,23,22,24
Phrases,71,14,23,22,24
Phrases,72,14,23,22,24
Phrases,73,14,24,23,24
Phrases,74,14,24,23,24
Phrases,75,14,24,23,25
Phrases,76,14,24,23,25
Phrases,77,14,24,23,25
Phrases,78,14,24,24,25
Phrases,79,14,25,24,25
Phrases,80,14,25,24,25
Phrases,81,14,25,24,25
Phrases,82,14,25,24,26
Phrases,83,14,25,25,26
Phrases,84,14,25,25,26
Phrases,85,14,26,25,26
Phrases,86,14,26,25,26
Phrases,87,14,26,25,26
Phrases,88,14,26,26,27
Phrases,89,14,26,26,27
Phrases,90,14,27,26,27
Phrases,91,14,27,26,27
Phrases,92,14,27,26,27
Phrases,93,14,27,27,27
Phrases,94,14,27,27,27
Phrases,95,14,27,27,27
Phrases,96,14,27,27,28
Phrases,97,14,28,27,28
Phrases,98,14,28,28,28
Phrases,99,14,28,28,28
Phrases,0,15,0,0,0
Phrases,1,15,2,2,3
Phrases,2,15,3,3,4
Phrases,3,15,4,4,5
Phrases,4,15,5,5,6
Phrases,5,15,6,5,7
Phrases,6,15,6,6,7
Phrases,7,15,7,6,8
Phrases,8,15,8,7,9
Phrases,9,15,8,7,9
Phrases,10,15,9,8,10
Phrases,11,15,9,8,10
Phrases,12,15,10,9,11
Phrases,13,15,10,9,11
Phrases,14,15,10,9,12
Phrases,15,15,11,10,12
Phrases,16,15,11,10,12
Phrases,17,15,12,11,13
Phrases,18,15,12,11,13
Phrases,19,15,12,11,14
Phrases,20,15,13,12,14
Phrases,21,15,13,12,14
Phrases,22,15,13,12,15
Phrases,23,15,14,13,15
Phrases,24,15,14,13,15
Phrases,25,15,14,13,16
Phrases,26,15,15,14,16
Phrases,27,15,15,14,16
Phrases,28,15,15,14,16
Phrases,29,15,16,14,17
Phrases,30,15,16,15,17
Phrases,31,15,16,15,17
Phrases,32,15,16,15,18
Phrases,33,15,17,15,18
Phrases,34,15,17,16,18
Phrases,35,15,17,16,18
Phrases,36,15,17,16,19
Phrases,37,15,18,17,19
Phrases,38,15,18,17,19
Phrases,39,15,18,17,19
Phrases,40,15,18,17,20
Phrases,41,15,19,18,20
Phrases,42,15,19,18,20
Phrases,43,15,19,18,20
Phrases,44,15,19,18,20
Phrases,45,15,20,18,21
Phrases,46,15,20,19,21
Phrases,47,15,20,19,21
Phrases,48,15,20,19,21
Phrases,49,15,20,19,21
Phrases,50,15,21,20,22
Phrases,51,15,21,20,22
Phrases,52,15,21,20,22
Phrases,53,15,21,20,22
Phrases,54,15,22,20,22
Phrases,55,15,22,21,23
Phrases,56,15,22,21,23
Phrases,57,15,22,21,23
Phrases,58,15,22,21,23
Phrases,59,15,22,21,23
Phrases,60,15,23,22,23
Phrases,61,15,23,22,24
Phrases,62,15,23,22,24
Phrases,63,15,23,22,24
Phrases,64,15,23,22,24
Phrases,65,15,24,23,24
Phrases,66,15,24,23,24
Phrases,67,15,24,23,25
Phrases,68,15,24,23,25
Phrases,69,15,24,23,25
Phrases,70,15,24,24,25
Phrases,71,15,25,24,25
Phrases,72,15,25,24,25
Phrases,73,15,25,24,25
Phrases,74,15,25,24,26
Phrases,75,15,25,24,26
Phrases,76,15,25,25,26
Phrases,77,15,25,25,26
Phrases,78,15,26,25,26
Phrases,79,15,26,25,26
Phrases,80,15,26,25,26
Phrases,81,15,26,25,26
Phrases,82,15,26,26,27
Phrases,83,15,26,26,27
Phrases,84,15,26,26,27
Phrases,85,15,27,26,27
Phrases,86,15,27,26,27
Phrases,87,15,27,26,27
Phrases,88,15,27,26,27
Phrases,89,15,27,27,27
Phrases,90,15,27,27,27
Phrases,91,15,27,27,27
Phrases,92,15,27,27,28
Phrases,93,15,27,27,28
Phrases,94,15,28,27,28
Phrases,95,15,28,27,28
Phrases,96,15,28,28,28
Phrases,97,15,28,28,28
Phrases,98,15,28,28,28
Phrases,99,15,28,28,28
Phrases,0,16,0,0,0
Phrases,1,16,3,3,4
Phrases,2,16,4,4,5
Phrases,3,16,5,5,6
Phrases,4,16,6,6,7
Phrases,5,16,7,7,8
Phrases,6,16,8,7,9
Phrases,7,16,9,8,10
Phrases,8,16,9,8,10
Phrases,9,16,10,9,11
Phrases,10,16,10,9,12
Phrases,11,16,11,10,12
Phrases,12,16,11,10,13
Phrases,13,16,12,11,13
Phrases,14,16,12,11,13
Phrases,15,16,13,12,14
Phrases,16,16,13,12,14
Phrases,17,16,13,12,15
Phrases,18,16,14,13,15
Phrases,19,16,14,13,16
Phrases,20,16,15,14,16
Phrases,21,16,15,14,16
Phrases,22,16,15,14,17
Phrases,23,16,16,15,17
Phrases,24,16,16,15,17
Phrases,25,16,16,15,18
Phrases,26,16,17,16,18
Phrases,27,16,17,16,18
Phrases,28,16,17,16,18
Phrases,29,16,17,16,19
Phrases,30,16,18,17,19
Phrases,31,16,18,17,19
Phrases,32,16,18,17,20
Phrases,33,16,19,17,20
Phrases,34,16,19,18,20
Phrases,35,16,19,18,20
Phrases,36,16,19,18,20
Phrases,37,16,20,19,21
Phrases,38,16,20,19,21
Phrases,39,16,20,19,21
Phrases,40,16,20,19,21
Phrases,41,16,20,19,22
Phrases,42,16,21,20,22
Phrases,43,16,21,20,22
Phrases,44,16,21,20,22
Phrases,45,16,21,20,22
Phrases,46,16,22,21,23
Phrases,47,16,22,21,23
Phrases,48,16,22,21,23
Phrases,49,16,22,21,23
Phrases,50,16,22,21,23
Phrases,51,16,23,22,23
Phrases,52,16,23,22,24
Phrases,53,16,23,22,24
Phrases,54,16,23,22,24
Phrases,55,16,23,22,24
Phrases,56,16,23,23,24
Phrases,57,16,24,23,24
Phrases,58,16,24,23,25
Phrases,59,16,24,23,25
Phrases,60,16,24,23,25
Phrases,61,16,24,23,25
Phrases,62,16,24,24,25
Phrases,63,16,25,24,25
Phrases,64,16,25,24,25
Phrases,65,16,25,24,26
Phrases,66,16,25,24,26
Phrases,67,16,25,24,26
Phrases,68,16,25,25,26
Phrases,69,16,25,25,26
Phrases,70,16,26,25,26
Phrases,71,16,26,25,26
Phrases,72,16,26,25,26
Phrases,73,16,26,25,26
Phrases,74,16,26,25,27
Phrases,75,16,26,26,27
Phrases,76,16,26,26,27
Phrases,77,16,26,26,27
Phrases,78,16,26,26,27
Phrases,79,16,27,26,27
Phrases,80,16,27,26,27
Phrases,81,16,27,26,27
Phrases,82,16,27,26,27
Phrases,83,16,27,27,27
Phrases,84,16,27,27,27
Phrases,85,16,27,27,27
Phrases,86,16,27,27,27
Phrases,87,16,27,27,28
Phrases,88,16,27,27,28
Phrases,89,16,27,27,28
Phrases,90,16,28,27,28
Phrases,91,16,28,27,28
Phrases,92,16,28,27,28
Phrases,93,16,28,28,28
Phrases,94,16,28,28,28
Phrases,95,16,28,28,28
Phrases,96,16,28,28,28
Phrases,97,16,28,28,28
Phrases,98,16,28,28,28
Phrases,99,16,28,28,28
Phrases,0,17,0,0,0
Phrases,1,17,4,4,5
Phrases,2,17,5,5,6
Phrases,3,17,7,6,8
Phrases,4,17,8,7,9
Phrases,5,17,9,8,10
Phrases,6,17,9,9,11
Phrases,7,17,10,9,11
Phrases,8,17,11,10,12
Phrases,9,17,11,11,13
Phrases,10,17,12,11,13
Phrases,11,17,12,12,14
Phrases,12,17,13,12,14
Phrases,13,17,13,13,15
Phrases,14,17,14,13,15
Phrases,15,17,14,14,16
Phrases,16,17,15,14,16
Phrases,17,17,15,14,17
Phrases,18,17,16,15,17
Phrases,19,17,16,15,17
Phrases,20,17,16,15,18
Phrases,21,17,17,16,18
Phrases,22,17,17,16,18
Phrases,23,17,17,16,19
Phrases,24,17,18,17,19
Phrases,25,17,18,17,19
Phrases,26,17,18,17,20
Phrases,27,17,19,18,20
Phrases,28,17,19,18,20
Phrases,29,17,19,18,21
Phrases,30,17,19,19,21
Phrases,31,17,20,19,21
Phrases,32,17,20,19,21
Phrases,33,17,20,19,22
Phrases,34,17,21,20,22
Phrases,35,17,21,20,22
Phrases,36,17,21,20,22
Phrases,37,17,21,20,22
Phrases,38,17,21,21,23
Phrases,39,17,22,21,23
Phrases,40,17,22,21,23
Phrases,41,17,22,21,23
Phrases,42,17,22,21,23
Phrases,43,17,22,22,24
Phrases,44,17,23,22,24
Phrases,45,17,23,22,24
Phrases,46,17,23,22,24
Phrases,47,17,23,22,24
Phrases,48,17,23,23,24
Phrases,49,17,24,23,25
Phrases,50,17,24,23,25
Phrases,51,17,24,23,25
Phrases,52,17,24,23,25
Phrases,53,17,24,23,25
Phrases,54,17,24,24,25
Phrases,55,17,25,24,25
Phrases,56,17,25,24,25
Phrases,57,17,25,24,26
Phrases,58,17,25,24,26
Phrases,59,17,25,24,26
Phrases,60,17,25,25,26
Phrases,61,17,25,25,26
Phrases,62,17,25,25,26
Phrases,63,17,26,25,26
Phrases,64,17,26,25,26
Phrases,65,17,26,25,26
Phrases,66,17,26,25,27
Phrases,67,17,26,26,27
Phrases,68,17,26,26,27
Phrases,69,17,26,26,27
Phrases,70,17,26,26,27
Phrases,71,17,26,26,27
Phrases,72,17,27,26,27
Phrases,73,17,27,26,27
Phrases,74,17,27,26,27
Phrases,75,17,27,26,27
Phrases,76,17,27,27,27
Phrases,77,17,27,27,27
Phrases,78,17,27,27,27
Phrases,79,17,27,27,27
Phrases,80,17,27,27,27
Phrases,81,17,27,27,28
Phrases,82,17,27,27,28
Phrases,83,17,27,27,28
Phrases,84,17,27,27,28
Phrases,85,17,28,27,28
Phrases,86,17,28,27,28
Phrases,87,17,28,27,28
Phrases,88,17,28,28,28
Phrases,89,17,28,28,28
Phrases,90,17,28,28,28
Phrases,91,17,28,28,28
Phrases,92,17,28,28,28
Phrases,93,17,28,28,28
Phrases,94,17,28,28,28
Phrases,95,17,28,28,28
Phrases,96,17,28,28,28
Phrases,97,17,28,28,28
Phrases,98,17,28,28,28
Phrases,99,17,28,28,28
Phrases,0,18,0,0,0
Phrases,1,18,5,4,6
Phrases,2,18,7,6,8
Phrases,3,18,8,7,9
Phrases,4,18,9,8,10
Phrases,5,18,10,9,11
Phrases,6,18,11,10,12
Phrases,7,18,12,11,13
Phrases,8,18,12,12,14
Phrases,9,18,13,12,14
Phrases,10,18,14,13,15
Phrases,11,18,14,13,16
Phrases,12,18,15,14,16
Phrases,13,18,15,14,17
Phrases,14,18,16,15,17
Phrases,15,18,16,15,18
Phrases,16,18,17,16,18
Phrases,17,18,17,16,18
Phrases,18,18,17,17,19
Phrases,19,18,18,17,19
Phrases,20,18,18,17,20
Phrases,21,18,18,18,20
Phrases,22,18,19,18,20
Phrases,23,18,19,18,21
Phrases,24,18,19,19,21
Phrases,25,18,20,19,21
Phrases,26,18,20,19,21
Phrases,27,18,20,20,22
Phrases,28,18,21,20,22
Phrases,29,18,21,20,22
Phrases,30,18,21,20,22
Phrases,31,18,21,21,23
Phrases,32,18,22,21,23
Phrases,33,18,22,21,23
Phrases,34,18,22,21,23
Phrases,35,18,22,22,23
Phrases,36,18,22,22,24
Phrases,37,18,23,22,24
Phrases,38,18,23,22,24
Phrases,39,18,23,22,24
Phrases,40,18,23,23,24
Phrases,41,18,23,23,25
Phrases,42,18,24,23,25
Phrases,43,18,24,23,25
Phrases,44,18,24,23,25
Phrases,45,18,24,24,25
Phrases,46,18,24,24,25
Phrases,47,18,24,24,25
Phrases,48,18,25,24,26
Phrases,49,18,25,24,26
Phrases,50,18,25,24,26
Phrases,51,18,25,24,26
Phrases,52,18,25,25,26
Phrases,53,18,25,25,26
Phrases,54,18,25,25,26
Phrases,55,18,26,25,26
Phrases,56,18,26,25,26
Phrases,57,18,26,25,26
Phrases,58,18,26,25,27
Phrases,59,18,26,26,27
Phrases,60,18,26,26,27
Phrases,61,18,26,26,27
Phrases,62,18,26,26,27
Phrases,63,18,26,26,27
Phrases,64,18,26,26,27
Phrases,65,18,27,26,27
Phrases,66,18,27,26,27
Phrases,67,18,27,26,27
Phrases,68,18,27,26,27
Phrases,69,18,27,27,27
Phrases,70,18,27,27,27
Phrases,71,18,27,27,27
Phrases,72,18,27,27,27
Phrases,73,18,27,27,28
Phrases,74,18,27,27,28
Phrases,75,18,27,27,28
Phrases,76,18,27,27,28
Phrases,77,18,27,27,28
Phrases,78,18,27,27,28
Phrases,79,18,28,27,28
Phrases,80,18,28,27,28
Phrases,81,18,28,27,28
Phrases,82,18,28,28,28
Phrases,83,18,28,28,28
Phrases,84,18,28,28,28
Phrases,85,18,28,28,28
Phrases,86,18,28,28,28
Phrases,87,18,28,28,28
Phrases,88,18,28,28,28
Phrases,89,18,28,28,28
Phrases,90,18,28,28,28
Phrases,91,18,28,28,28
Phrases,92,18,28,28,28
Phrases,93,18,28,28,28
Phrases,94,18,28,28,28
Phrases,95,18,28,28,28
Phrases,96,18,28,28,28
Phrases,97,18,28,28,28
Phrases,98,18,28,28,28
Phrases,99,18,28,28,28
Words Produced,0,8,0,0,0
Words Produced,1,8,0,0,0
Words Produced,2,8,0,0,0
Words Produced,3,8,0,0,0
Words Produced,4,8,0,0,0
Words Produced,5,8,0,0,0
Words Produced,6,8,0,0,0
Words Produced,7,8,0,0,0
Words Produced,8,8,0,0,0
Words Produced,9,8,0,0,0
Words Produced,10,8,0,0,0
Words Produced,11,8,0,0,0
Words Produced,12,8,0,0,0
Words Produced,13,8,0,0,0
Words Produced,14,8,0,0,0
Words Produced,15,8,0,0,0
Words Produced,16,8,0,0,0
Words Produced,17,8,0,0,0
Words Produced,18,8,0,0,0
Words Produced,19,8,0,0,0
Words Produced,20,8,0,0,0
Words Produced,21,8,0,0,0
Words Produced,22,8,0,0,0
Words Produced,23,8,0,0,0
Words Produced,24,8,0,0,0
Words Produced,25,8,0,0,0
Words Produced,26,8,0,0,0
Words Produced,27,8,0,0,0
Words Produced,28,8,0,1,0
Words Produced,29,8,1,1,0
Words Produced,30,8,1,1,0
Words Produced,31,8,1,1,1
Words Produced,32,8,1,1,1
Words Produced,33,8,1,1,1
Words Produced,34,8,1,1,1
Words Produced,35,8,1,1,1
Words Produced,36,8,1,1,1
Words Produced,37,8,1,1,1
Words Produced,38,8,1,1,1
Words Produced,39,8,1,1,1
Words Produced,40,8,1,1,1
Words Produced,41,8,1,1,1
Words Produced,42,8,1,1,1
Words Produced,43,8,2,2,1
Words Produced,44,8,2,2,2
Words Produced,45,8,2,2,2
Words Produced,46,8,2,2,2
Words Produced,47,8,2,2,2
Words Produced,48,8,2,2,2
Words Produced,49,8,2,2,2
Words Produced,50,8,2,2,2
Words Produced,51,8,3,2,2
Words Produced,52,8,3,3,3
Words Produced,53,8,3,3,3
Words Produced,54,8,3,3,3
Words Produced,55,8,3,3,3
Words Produced,56,8,3,3,3
Words Produced,57,8,4,3,3
Words Produced,58,8,4,3,4
Words Produced,59,8,4,4,4
Words Produced,60,8,4,4,4
Words Produced,61,8,4,4,4
Words Produced,62,8,5,4,4
Words Produced,63,8,5,4,5
Words Produced,64,8,5,5,5
Words Produced,65,8,5,5,5
Words Produced,66,8,6,5,6
Words Produced,67,8,6,5,6
Words Produced,68,8,6,6,6
Words Produced,69,8,6,6,7
Words Produced,70,8,7,6,7
Words Produced,71,8,7,6,7
Words Produced,72,8,7,7,8
Words Produced,73,8,8,7,8
Words Produced,74,8,8,7,9
Words Produced,75,8,9,8,9
Words Produced,76,8,9,8,9
Words Produced,77,8,10,8,10
Words Produced,78,8,10,9,11
Words Produced,79,8,11,9,11
Words Produced,80,8,11,10,12
Words Produced,81,8,12,10,12
Words Produced,82,8,12,11,13
Words Produced,83,8,13,11,14
Words Produced,84,8,14,12,15
Words Produced,85,8,15,13,16
Words Produced,86,8,15,13,16
Words Produced,87,8,16,14,18
Words Produced,88,8,17,15,19
Words Produced,89,8,18,16,20
Words Produced,90,8,20,17,21
Words Produced,91,8,21,18,23
Words Produced,92,8,23,19,25
Words Produced,93,8,24,21,27
Words Produced,94,8,26,22,29
Words Produced,95,8,29,24,32
Words Produced,96,8,32,27,35
Words Produced,97,8,36,30,40
Words Produced,98,8,42,35,46
Words Produced,99,8,51,43,57
Words Produced,0,9,0,0,0
Words Produced,1,9,0,0,0
Words Produced,2,9,0,0,0
Words Produced,3,9,0,0,0
Words Produced,4,9,0,0,0
Words Produced,5,9,0,0,0
Words Produced,6,9,0,0,0
Words Produced,7,9,0,0,0
Words Produced,8,9,0,0,0
Words Produced,9,9,0,0,0
Words Produced,10,9,0,0,0
Words Produced,11,9,0,0,0
Words Produced,12,9,0,0,0
Words Produced,13,9,0,0,0
Words Produced,14,9,0,0,0
Words Produced,15,9,0,0,0
Words Produced,16,9,0,0,0
Words Produced,17,9,0,0,0
Words Produced,18,9,0,0,0
Words Produced,19,9,0,0,0
Words Produced,20,9,0,0,0
Words Produced,21,9,0,0,0
Words Produced,22,9,0,0,0
Words Produced,23,9,0,0,0
Words Produced,24,9,0,0,0
Words Produced,25,9,0,0,0
Words Produced,26,9,1,1,1
Words Produced,27,9,1,1,1
Words Produced,28,9,1,1,1
Words Produced,29,9,1,1,1
Words Produced,30,9,1,1,1
Words Produced,31,9,1,1,1
Words Produced,32,9,1,1,1
Words Produced,33,9,1,1,1
Words Produced,34,9,1,1,1
Words Produced,35,9,1,1,1
Words Produced,36,9,1,1,1
Words Produced,37,9,1,1,1
Words Produced,38,9,2,1,1
Words Produced,39,9,2,2,2
Words Produced,40,9,2,2,2
Words Produced,41,9,2,2,2
Words Produced,42,9,2,2,2
Words Produced,43,9,2,2,2
Words Produced,44,9,2,2,2
Words Produced,45,9,2,2,2
Words Produced,46,9,3,2,3
Words Produced,47,9,3,3,3
Words Produced,48,9,3,3,3
Words Produced,49,9,3,3,3
Words Produced,50,9,3,3,3
Words Produced,51,9,3,3,3
Words Produced,52,9,4,3,4
Words Produced,53,9,4,4,4
Words Produced,54,9,4,4,4
Words Produced,55,9,4,4,4
Words Produced,56,9,5,4,5
Words Produced,57,9,5,4,5
Words Produced,58,9,5,5,5
Words Produced,59,9,5,5,5
Words Produced,60,9,6,5,6
Words Produced,61,9,6,5,6
Words Produced,62,9,6,6,6
Words Produced,63,9,7,6,7
Words Produced,64,9,7,6,7
Words Produced,65,9,7,7,7
Words Produced,66,9,8,7,8
Words Produced,67,9,8,7,8
Words Produced,68,9,8,8,8
Words Produced,69,9,9,8,9
Words Produced,70,9,9,8,9
Words Produced,71,9,10,9,10
Words Produced,72,9,10,9,10
Words Produced,73,9,11,10,11
Words Produced,74,9,11,10,11
Words Produced,75,9,12,11,12
Words Produced,76,9,12,11,13
Words Produced,77,9,13,12,13
Words Produced,78,9,14,12,14
Words Produced,79,9,14,13,15
Words Produced,80,9,15,14,15
Words Produced,81,9,16,14,16
Words Produced,82,9,17,15,17
Words Produced,83,9,18,16,18
Words Produced,84,9,19,17,19
Words Produced,85,9,20,18,20
Words Produced,86,9,21,19,21
Words Produced,87,9,22,20,22
Words Produced,88,9,23,21,24
Words Produced,89,9,25,22,25
Words Produced,90,9,26,24,27
Words Produced,91,9,28,25,29
Words Produced,92,9,30,27,31
Words Produced,93,9,33,29,33
Words Produced,94,9,35,31,36
Words Produced,95,9,38,34,40
Words Produced,96,9,42,38,44
Words Produced,97,9,48,42,49
Words Produced,98,9,55,49,57
Words Produced,99,9,67,60,69
Words Produced,0,10,0,0,0
Words Produced,1,10,0,0,0
Words Produced,2,10,0,0,0
Words Produced,3,10,0,0,0
Words Produced,4,10,0,0,0
Words Produced,5,10,0,0,0
Words Produced,6,10,0,0,0
Words Produced,7,10,0,0,0
Words Produced,8,10,0,0,0
Words Produced,9,10,0,0,0
Words Produced,10,10,0,0,0
Words Produced,11,10,0,0,0
Words Produced,12,10,0,0,0
Words Produced,13,10,0,0,0
Words Produced,14,10,0,0,0
Words Produced,15,10,0,0,0
Words Produced,16,10,0,0,0
Words Produced,17,10,0,0,0
Words Produced,18,10,0,0,0
Words Produced,19,10,0,0,0
Words Produced,20,10,0,0,0
Words Produced,21,10,0,0,1
Words Produced,22,10,0,0,1
Words Produced,23,10,1,0,1
Words Produced,24,10,1,1,1
Words Produced,25,10,1,1,1
Words Produced,26,10,1,1,1
Words Produced,27,10,1,1,1
Words Produced,28,10,1,1,1
Words Produced,29,10,1,1,1
Words Produced,30,10,1,1,1
Words Produced,31,10,1,1,1
Words Produced,32,10,1,1,1
Words Produced,33,10,1,1,2
Words Produced,34,10,2,1,2
Words Produced,35,10,2,2,2
Words Produced,36,10,2,2,2
Words Produced,37,10,2,2,2
Words Produced,38,10,2,2,2
Words Produced,39,10,2,2,2
Words Produced,40,10,2,2,3
Words Produced,41,10,3,2,3
Words Produced,42,10,3,2,3
Words Produced,43,10,3,3,3
Words Produced,44,10,3,3,3
Words Produced,45,10,3,3,4
Words Produced,46,10,4,3,4
Words Produced,47,10,4,3,4
Words Produced,48,10,4,4,4
Words Produced,49,10,4,4,4
Words Produced,50,10,4,4,5
Words Produced,51,10,5,4,5
Words Produced,52,10,5,5,5
Words Produced,53,10,5,5,6
Words Produced,54,10,6,5,6
Words Produced,55,10,6,5,6
Words Produced,56,10,6,6,6
Words Produced,57,10,7,6,7
Words Produced,58,10,7,6,7
Words Produced,59,10,7,7,7
Words Produced,60,10,8,7,8
Words Produced,61,10,8,7,8
Words Produced,62,10,8,8,9
Words Produced,63,10,9,8,9
Words Produced,64,10,9,9,9
Words Produced,65,10,10,9,10
Words Produced,66,10,10,9,10
Words Produced,67,10,11,10,11
Words Produced,68,10,11,10,11
Words Produced,69,10,12,11,12
Words Produced,70,10,12,12,13
Words Produced,71,10,13,12,13
Words Produced,72,10,14,13,14
Words Produced,73,10,14,13,14
Words Produced,74,10,15,14,15
Words Produced,75,10,16,15,16
Words Produced,76,10,17,15,17
Words Produced,77,10,18,16,17
Words Produced,78,10,18,17,18
Words Produced,79,10,19,18,19
Words Produced,80,10,20,19,20
Words Produced,81,10,21,20,21
Words Produced,82,10,22,21,22
Words Produced,83,10,24,22,23
Words Produced,84,10,25,23,24
Words Produced,85,10,26,25,26
Words Produced,86,10,28,26,27
Words Produced,87,10,29,28,29
Words Produced,88,10,31,29,30
Words Produced,89,10,33,31,32
Words Produced,90,10,35,33,34
Words Produced,91,10,38,35,36
Words Produced,92,10,40,38,39
Words Produced,93,10,43,41,42
Words Produced,94,10,47,44,45
Words Produced,95,10,51,48,49
Words Produced,96,10,56,53,54
Words Produced,97,10,63,59,60
Words Produced,98,10,72,68,69
Words Produced,99,10,88,83,84
Words Produced,0,11,0,0,0
Words Produced,1,11,0,0,0
Words Produced,2,11,0,0,0
Words Produced,3,11,0,0,0
Words Produced,4,11,0,0,0
Words Produced,5,11,0,0,0
Words Produced,6,11,0,0,0
Words Produced,7,11,0,0,0
Words Produced,8,11,0,0,0
Words Produced,9,11,0,0,0
Words Produced,10,11,0,0,0
Words Produced,11,11,0,0,0
Words Produced,12,11,0,0,0
Words Produced,13,11,0,0,0
Words Produced,14,11,0,0,0
Words Produced,15,11,0,0,0
Words Produced,16,11,0,0,0
Words Produced,17,11,0,0,1
Words Produced,18,11,0,0,1
Words Produced,19,11,1,0,1
Words Produced,20,11,1,0,1
Words Produced,21,11,1,1,1
Words Produced,22,11,1,1,1
Words Produced,23,11,1,1,1
Words Produced,24,11,1,1,1
Words Produced,25,11,1,1,1
Words Produced,26,11,1,1,1
Words Produced,27,11,1,1,2
Words Produced,28,11,1,1,2
Words Produced,29,11,1,1,2
Words Produced,30,11,2,1,2
Words Produced,31,11,2,1,2
Words Produced,32,11,2,2,2
Words Produced,33,11,2,2,2
Words Produced,34,11,2,2,3
Words Produced,35,11,2,2,3
Words Produced,36,11,3,2,3
Words Produced,37,11,3,2,3
Words Produced,38,11,3,3,3
Words Produced,39,11,3,3,4
Words Produced,40,11,3,3,4
Words Produced,41,11,4,3,4
Words Produced,42,11,4,3,4
Words Produced,43,11,4,4,5
Words Produced,44,11,4,4,5
Words Produced,45,11,5,4,5
Words Produced,46,11,5,4,5
Words Produced,47,11,5,5,6
Words Produced,48,11,6,5,6
Words Produced,49,11,6,5,6
Words Produced,50,11,6,6,7
Words Produced,51,11,7,6,7
Words Produced,52,11,7,6,7
Words Produced,53,11,7,7,8
Words Produced,54,11,8,7,8
Words Produced,55,11,8,7,9
Words Produced,56,11,9,8,9
Words Produced,57,11,9,8,9
Words Produced,58,11,10,9,10
Words Produced,59,11,10,9,10
Words Produced,60,11,11,10,11
Words Produced,61,11,11,10,11
Words Produced,62,11,12,11,12
Words Produced,63,11,12,11,12
Words Produced,64,11,13,12,13
Words Produced,65,11,13,12,14
Words Produced,66,11,14,13,14
Words Produced,67,11,15,14,15
Words Produced,68,11,15,14,15
Words Produced,69,11,16,15,16
Words Produced,70,11,17,16,17
Words Produced,71,11,18,17,18
Words Produced,72,11,19,18,18
Words Produced,73,11,20,19,19
Words Produced,74,11,20,19,20
Words Produced,75,11,21,20,21
Words Produced,76,11,23,21,22
Words Produced,77,11,24,23,23
Words Produced,78,11,25,24,24
Words Produced,79,11,26,25,25
Words Produced,80,11,27,26,26
Words Produced,81,11,29,28,27
Words Produced,82,11,30,29,29
Words Produced,83,11,32,31,30
Words Produced,84,11,33,32,32
Words Produced,85,11,35,34,33
Words Produced,86,11,37,36,35
Words Produced,87,11,39,38,37
Words Produced,88,11,41,40,39
Words Produced,89,11,44,43,41
Words Produced,90,11,47,46,43
Words Produced,91,11,50,49,46
Words Produced,92,11,53,52,49
Words Produced,93,11,57,56,52
Words Produced,94,11,61,61,56
Words Produced,95,11,67,66,61
Words Produced,96,11,73,73,67
Words Produced,97,11,82,81,74
Words Produced,98,11,93,93,84
Words Produced,99,11,112,113,101
Words Produced,0,12,0,0,0
Words Produced,1,12,0,0,0
Words Produced,2,12,0,0,0
Words Produced,3,12,0,0,0
Words Produced,4,12,0,0,0
Words Produced,5,12,0,0,0
Words Produced,6,12,0,0,0
Words Produced,7,12,0,0,0
Words Produced,8,12,0,0,0
Words Produced,9,12,0,0,0
Words Produced,10,12,0,0,0
Words Produced,11,12,0,0,0
Words Produced,12,12,0,0,0
Words Produced,13,12,0,0,1
Words Produced,14,12,0,0,1
Words Produced,15,12,0,0,1
Words Produced,16,12,1,0,1
Words Produced,17,12,1,0,1
Words Produced,18,12,1,0,1
Words Produced,19,12,1,1,1
Words Produced,20,12,1,1,1
Words Produced,21,12,1,1,1
Words Produced,22,12,1,1,2
Words Produced,23,12,1,1,2
Words Produced,24,12,1,1,2
Words Produced,25,12,2,1,2
Words Produced,26,12,2,1,2
Words Produced,27,12,2,1,2
Words Produced,28,12,2,2,3
Words Produced,29,12,2,2,3
Words Produced,30,12,2,2,3
Words Produced,31,12,3,2,3
Words Produced,32,12,3,2,4
Words Produced,33,12,3,2,4
Words Produced,34,12,3,3,4
Words Produced,35,12,3,3,4
Words Produced,36,12,4,3,5
Words Produced,37,12,4,3,5
Words Produced,38,12,4,4,5
Words Produced,39,12,5,4,5
Words Produced,40,12,5,4,6
Words Produced,41,12,5,4,6
Words Produced,42,12,6,5,6
Words Produced,43,12,6,5,7
Words Produced,44,12,6,5,7
Words Produced,45,12,7,6,7
Words Produced,46,12,7,6,8
Words Produced,47,12,7,7,8
Words Produced,48,12,8,7,9
Words Produced,49,12,8,7,9
Words Produced,50,12,9,8,10
Words Produced,51,12,9,8,10
Words Produced,52,12,10,9,10
Words Produced,53,12,10,9,11
Words Produced,54,12,11,10,11
Words Produced,55,12,11,10,12
Words Produced,56,12,12,11,12
Words Produced,57,12,13,12,13
Words Produced,58,12,13,12,14
Words Produced,59,12,14,13,14
Words Produced,60,12,15,14,15
Words Produced,61,12,15,14,15
Words Produced,62,12,16,15,16
Words Produced,63,12,17,16,17
Words Produced,64,12,18,17,18
Words Produced,65,12,18,17,18
Words Produced,66,12,19,18,19
Words Produced,67,12,20,19,20
Words Produced,68,12,21,20,21
Words Produced,69,12,22,21,22
Words Produced,70,12,23,22,22
Words Produced,71,12,24,23,23
Words Produced,72,12,25,25,24
Words Produced,73,12,27,26,25
Words Produced,74,12,28,27,26
Words Produced,75,12,29,28,28
Words Produced,76,12,30,30,29
Words Produced,77,12,32,31,30
Words Produced,78,12,33,33,31
Words Produced,79,12,35,35,33
Words Produced,80,12,37,36,34
Words Produced,81,12,38,38,36
Words Produced,82,12,40,40,37
Words Produced,83,12,42,42,39
Words Produced,84,12,44,45,41
Words Produced,85,12,47,47,43
Words Produced,86,12,49,50,45
Words Produced,87,12,52,52,47
Words Produced,88,12,55,55,49
Words Produced,89,12,58,59,52
Words Produced,90,12,61,63,55
Words Produced,91,12,65,67,58
Words Produced,92,12,69,71,62
Words Produced,93,12,74,76,66
Words Produced,94,12,80,82,70
Words Produced,95,12,86,89,76
Words Produced,96,12,94,98,82
Words Produced,97,12,105,109,91
Words Produced,98,12,119,124,103
Words Produced,99,12,141,148,122
Words Produced,0,13,0,0,0
Words Produced,1,13,0,0,0
Words Produced,2,13,0,0,0
Words Produced,3,13,0,0,0
Words Produced,4,13,0,0,0
Words Produced,5,13,0,0,0
Words Produced,6,13,0,0,0
Words Produced,7,13,0,0,0
Words Produced,8,13,0,0,0
Words Produced,9,13,0,0,0
Words Produced,10,13,0,0,1
Words Produced,11,13,0,0,1
Words Produced,12,13,0,0,1
Words Produced,13,13,1,0,1
Words Produced,14,13,1,0,1
Words Produced,15,13,1,0,1
Words Produced,16,13,1,1,1
Words Produced,17,13,1,1,2
Words Produced,18,13,1,1,2
Words Produced,19,13,1,1,2
Words Produced,20,13,1,1,2
Words Produced,21,13,2,1,2
Words Produced,22,13,2,1,3
Words Produced,23,13,2,1,3
Words Produced,24,13,2,2,3
Words Produced,25,13,2,2,3
Words Produced,26,13,3,2,3
Words Produced,27,13,3,2,4
Words Produced,28,13,3,2,4
Words Produced,29,13,3,3,4
Words Produced,30,13,4,3,5
Words Produced,31,13,4,3,5
Words Produced,32,13,4,3,5
Words Produced,33,13,4,4,6
Words Produced,34,13,5,4,6
Words Produced,35,13,5,4,6
Words Produced,36,13,6,5,7
Words Produced,37,13,6,5,7
Words Produced,38,13,6,5,7
Words Produced,39,13,7,6,8
Words Produced,40,13,7,6,8
Words Produced,41,13,8,7,9
Words Produced,42,13,8,7,9
Words Produced,43,13,9,7,10
Words Produced,44,13,9,8,10
Words Produced,45,13,10,8,11
Words Produced,46,13,10,9,11
Words Produced,47,13,11,10,12
Words Produced,48,13,11,10,12
Words Produced,49,13,12,11,13
Words Produced,50,13,12,11,13
Words Produced,51,13,13,12,14
Words Produced,52,13,14,13,15
Words Produced,53,13,15,13,15
Words Produced,54,13,15,14,16
Words Produced,55,13,16,15,17
Words Produced,56,13,17,16,17
Words Produced,57,13,18,16,18
Words Produced,58,13,18,17,19
Words Produced,59,13,19,18,20
Words Produced,60,13,20,19,20
Words Produced,61,13,21,20,21
Words Produced,62,13,22,21,22
Words Produced,63,13,23,22,23
Words Produced,64,13,24,23,24
Words Produced,65,13,25,25,25
Words Produced,66,13,26,26,26
Words Produced,67,13,28,27,27
Words Produced,68,13,29,28,28
Words Produced,69,13,30,30,29
Words Produced,70,13,32,31,30
Words Produced,71,13,33,33,31
Words Produced,72,13,34,34,32
Words Produced,73,13,36,36,34
Words Produced,74,13,37,38,35
Words Produced,75,13,39,39,36
Words Produced,76,13,41,41,38
Words Produced,77,13,43,43,39
Words Produced,78,13,45,45,41
Words Produced,79,13,47,48,43
Words Produced,80,13,49,50,44
Words Produced,81,13,51,52,46
Words Produced,82,13,53,55,48
Words Produced,83,13,56,58,50
Words Produced,84,13,59,61,52
Words Produced,85,13,62,64,55
Words Produced,86,13,65,67,57
Words Produced,87,13,68,71,60
Words Produced,88,13,72,75,63
Words Produced,89,13,76,79,66
Words Produced,90,13,80,84,70
Words Produced,91,13,85,89,73
Words Produced,92,13,90,95,78
Words Produced,93,13,96,101,82
Words Produced,94,13,102,109,88
Words Produced,95,13,110,118,94
Words Produced,96,13,120,128,102
Words Produced,97,13,132,141,112
Words Produced,98,13,148,159,125
Words Produced,99,13,174,187,147
Words Produced,0,14,0,0,0
Words Produced,1,14,0,0,0
Words Produced,2,14,0,0,0
Words Produced,3,14,0,0,0
Words Produced,4,14,0,0,0
Words Produced,5,14,0,0,0
Words Produced,6,14,0,0,0
Words Produced,7,14,0,0,1
Words Produced,8,14,0,0,1
Words Produced,9,14,0,0,1
Words Produced,10,14,0,0,1
Words Produced,11,14,1,0,1
Words Produced,12,14,1,0,1
Words Produced,13,14,1,1,2
Words Produced,14,14,1,1,2
Words Produced,15,14,1,1,2
Words Produced,16,14,1,1,2
Words Produced,17,14,2,1,2
Words Produced,18,14,2,1,3
Words Produced,19,14,2,1,3
Words Produced,20,14,2,2,3
Words Produced,21,14,2,2,4
Words Produced,22,14,3,2,4
Words Produced,23,14,3,2,4
Words Produced,24,14,3,2,5
Words Produced,25,14,4,3,5
Words Produced,26,14,4,3,5
Words Produced,27,14,4,3,6
Words Produced,28,14,5,4,6
Words Produced,29,14,5,4,7
Words Produced,30,14,5,4,7
Words Produced,31,14,6,5,7
Words Produced,32,14,6,5,8
Words Produced,33,14,7,6,8
Words Produced,34,14,7,6,9
Words Produced,35,14,8,6,9
Words Produced,36,14,8,7,10
Words Produced,37,14,9,7,10
Words Produced,38,14,9,8,11
Words Produced,39,14,10,9,11
Words Produced,40,14,10,9,12
Words Produced,41,14,11,10,13
Words Produced,42,14,12,10,13
Words Produced,43,14,12,11,14
Words Produced,44,14,13,12,15
Words Produced,45,14,14,12,15
Words Produced,46,14,15,13,16
Words Produced,47,14,15,14,17
Words Produced,48,14,16,15,17
Words Produced,49,14,17,16,18
Words Produced,50,14,18,16,19
Words Produced,51,14,19,17,20
Words Produced,52,14,20,18,20
Words Produced,53,14,20,19,21
Words Produced,54,14,21,20,22
Words Produced,55,14,22,21,23
Words Produced,56,14,24,22,24
Words Produced,57,14,25,24,25
Words Produced,58,14,26,25,26
Words Produced,59,14,27,26,27
Words Produced,60,14,28,27,28
Words Produced,61,14,29,29,29
Words Produced,62,14,31,30,30
Words Produced,63,14,32,31,31
Words Produced,64,14,33,33,32
Words Produced,65,14,35,34,33
Words Produced,66,14,36,36,35
Words Produced,67,14,38,38,36
Words Produced,68,14,39,39,37
Words Produced,69,14,41,41,39
Words Produced,70,14,43,43,40
Words Produced,71,14,44,45,42
Words Produced,72,14,46,47,43
Words Produced,73,14,48,49,45
Words Produced,74,14,50,52,46
Words Produced,75,14,52,54,48
Words Produced,76,14,55,56,50
Words Produced,77,14,57,59,52
Words Produced,78,14,59,62,54
Words Produced,79,14,62,65,56
Words Produced,80,14,64,68,58
Words Produced,81,14,67,71,60
Words Produced,82,14,70,74,63
Words Produced,83,14,73,78,65
Words Produced,84,14,77,81,68
Words Produced,85,14,80,85,71
Words Produced,86,14,84,90,74
Words Produced,87,14,88,94,77
Words Produced,88,14,92,99,80
Words Produced,89,14,97,104,84
Words Produced,90,14,102,110,88
Words Produced,91,14,108,117,93
Words Produced,92,14,114,124,98
Words Produced,93,14,121,131,103
Words Produced,94,14,129,140,110
Words Produced,95,14,138,151,117
Words Produced,96,14,149,163,126
Words Produced,97,14,163,178,137
Words Produced,98,14,181,198,153
Words Produced,99,14,209,229,177
Words Produced,0,15,0,0,0
Words Produced,1,15,0,0,0
Words Produced,2,15,0,0,0
Words Produced,3,15,0,0,0
Words Produced,4,15,0,0,0
Words Produced,5,15,0,0,1
Words Produced,6,15,0,0,1
Words Produced,7,15,0,0,1
Words Produced,8,15,1,0,1
Words Produced,9,15,1,0,1
Words Produced,10,15,1,1,2
Words Produced,11,15,1,1,2
Words Produced,12,15,1,1,2
Words Produced,13,15,2,1,3
Words Produced,14,15,2,1,3
Words Produced,15,15,2,1,3
Words Produced,16,15,2,2,4
Words Produced,17,15,3,2,4
Words Produced,18,15,3,2,4
Words Produced,19,15,3,2,5
Words Produced,20,15,4,3,5
Words Produced,21,15,4,3,6
Words Produced,22,15,4,3,6
Words Produced,23,15,5,4,7
Words Produced,24,15,5,4,7
Words Produced,25,15,6,4,8
Words Produced,26,15,6,5,8
Words Produced,27,15,7,5,9
Words Produced,28,15,7,6,9
Words Produced,29,15,8,6,10
Words Produced,30,15,8,7,11
Words Produced,31,15,9,7,11
Words Produced,32,15,10,8,12
Words Produced,33,15,10,9,12
Words Produced,34,15,11,9,13
Words Produced,35,15,12,10,14
Words Produced,36,15,12,11,14
Words Produced,37,15,13,11,15
Words Produced,38,15,14,12,16
Words Produced,39,15,15,13,17
Words Produced,40,15,15,14,17
Words Produced,41,15,16,15,18
Words Produced,42,15,17,15,19
Words Produced,43,15,18,16,20
Words Produced,44,15,19,17,21
Words Produced,45,15,20,18,22
Words Produced,46,15,21,19,23
Words Produced,47,15,22,20,23
Words Produced,48,15,23,22,24
Words Produced,49,15,24,23,25
Words Produced,50,15,25,24,26
Words Produced,51,15,26,25,27
Words Produced,52,15,28,26,28
Words Produced,53,15,29,28,30
Words Produced,54,15,30,29,31
Words Produced,55,15,31,31,32
Words Produced,56,15,33,32,33
Words Produced,57,15,34,34,34
Words Produced,58,15,36,35,35
Words Produced,59,15,37,37,37
Words Produced,60,15,39,38,38
Words Produced,61,15,40,40,39
Words Produced,62,15,42,42,41
Words Produced,63,15,44,44,42
Words Produced,64,15,45,46,44
Words Produced,65,15,47,48,45
Words Produced,66,15,49,50,47
Words Produced,67,15,51,52,48
Words Produced,68,15,53,54,50
Words Produced,69,15,55,57,52
Words Produced,70,15,57,59,53
Words Produced,71,15,59,62,55
Words Produced,72,15,62,64,57
Words Produced,73,15,64,67,59
Words Produced,74,15,67,70,61
Words Produced,75,15,69,73,63
Words Produced,76,15,72,76,66
Words Produced,77,15,75,79,68
Words Produced,78,15,78,83,70
Words Produced,79,15,81,86,73
Words Produced,80,15,84,90,75
Words Produced,81,15,87,94,78
Words Produced,82,15,91,98,81
Words Produced,83,15,95,102,84
Words Produced,84,15,98,107,87
Words Produced,85,15,103,112,91
Words Produced,86,15,107,117,94
Words Produced,87,15,112,122,98
Words Produced,88,15,117,128,102
Words Produced,89,15,122,134,107
Words Produced,90,15,128,141,112
Words Produced,91,15,135,149,117
Words Produced,92,15,142,157,123
Words Produced,93,15,150,166,129
Words Produced,94,15,159,176,136
Words Produced,95,15,169,187,145
Words Produced,96,15,181,201,155
Words Produced,97,15,196,217,167
Words Produced,98,15,215,238,184
Words Produced,99,15,244,269,210
Words Produced,0,16,0,0,0
Words Produced,1,16,0,0,0
Words Produced,2,16,0,0,0
Words Produced,3,16,0,0,0
Words Produced,4,16,0,0,1
Words Produced,5,16,0,0,1
Words Produced,6,16,1,0,1
Words Produced,7,16,1,0,2
Words Produced,8,16,1,1,2
Words Produced,9,16,1,1,2
Words Produced,10,16,2,1,3
Words Produced,11,16,2,1,3
Words Produced,12,16,2,1,4
Words Produced,13,16,3,2,4
Words Produced,14,16,3,2,5
Words Produced,15,16,4,2,5
Words Produced,16,16,4,3,6
Words Produced,17,16,4,3,6
Words Produced,18,16,5,4,7
Words Produced,19,16,5,4,8
Words Produced,20,16,6,4,8
Words Produced,21,16,7,5,9
Words Produced,22,16,7,5,10
Words Produced,23,16,8,6,10
Words Produced,24,16,8,7,11
Words Produced,25,16,9,7,12
Words Produced,26,16,10,8,13
Words Produced,27,16,11,9,13
Words Produced,28,16,11,9,14
Words Produced,29,16,12,10,15
Words Produced,30,16,13,11,16
Words Produced,31,16,14,12,17
Words Produced,32,16,15,12,17
Words Produced,33,16,16,13,18
Words Produced,34,16,16,14,19
Words Produced,35,16,17,15,20
Words Produced,36,16,18,16,21
Words Produced,37,16,19,17,22
Words Produced,38,16,20,18,23
Words Produced,39,16,22,19,24
Words Produced,40,16,23,21,25
Words Produced,41,16,24,22,26
Words Produced,42,16,25,23,27
Words Produced,43,16,26,24,28
Words Produced,44,16,27,26,30
Words Produced,45,16,29,27,31
Words Produced,46,16,30,28,32
Words Produced,47,16,31,30,33
Words Produced,48,16,33,31,34
Words Produced,49,16,34,33,36
Words Produced,50,16,36,34,37
Words Produced,51,16,37,36,38
Words Produced,52,16,39,38,40
Words Produced,53,16,40,40,41
Words Produced,54,16,42,41,42
Words Produced,55,16,43,43,44
Words Produced,56,16,45,45,45
Words Produced,57,16,47,47,47
Words Produced,58,16,49,49,48
Words Produced,59,16,51,51,50
Words Produced,60,16,53,54,52
Words Produced,61,16,55,56,53
Words Produced,62,16,57,58,55
Words Produced,63,16,59,61,57
Words Produced,64,16,61,63,59
Words Produced,65,16,63,66,61
Words Produced,66,16,65,68,63
Words Produced,67,16,68,71,65
Words Produced,68,16,70,74,67
Words Produced,69,16,73,77,69
Words Produced,70,16,75,80,71
Words Produced,71,16,78,83,73
Words Produced,72,16,81,86,76
Words Produced,73,16,84,90,78
Words Produced,74,16,87,93,80
Words Produced,75,16,90,97,83
Words Produced,76,16,93,101,86
Words Produced,77,16,96,105,88
Words Produced,78,16,100,109,91
Words Produced,79,16,103,113,94
Words Produced,80,16,107,117,97
Words Produced,81,16,111,122,101
Words Produced,82,16,115,127,104
Words Produced,83,16,119,132,108
Words Produced,84,16,124,137,112
Words Produced,85,16,129,143,115
Words Produced,86,16,134,149,120
Words Produced,87,16,139,155,124
Words Produced,88,16,145,162,129
Words Produced,89,16,151,169,134
Words Produced,90,16,158,176,140
Words Produced,91,16,165,184,146
Words Produced,92,16,172,193,152
Words Produced,93,16,181,203,159
Words Produced,94,16,191,214,167
Words Produced,95,16,201,226,177
Words Produced,96,16,214,240,188
Words Produced,97,16,229,256,201
Words Produced,98,16,249,276,219
Words Produced,99,16,277,305,245
Words Produced,0,17,0,0,0
Words Produced,1,17,0,0,0
Words Produced,2,17,0,0,1
Words Produced,3,17,0,0,1
Words Produced,4,17,1,0,1
Words Produced,5,17,1,0,2
Words Produced,6,17,1,1,2
Words Produced,7,17,2,1,3
Words Produced,8,17,2,1,4
Words Produced,9,17,3,1,4
Words Produced,10,17,3,2,5
Words Produced,11,17,4,2,6
Words Produced,12,17,4,3,6
Words Produced,13,17,5,3,7
Words Produced,14,17,5,4,8
Words Produced,15,17,6,4,9
Words Produced,16,17,7,5,9
Words Produced,17,17,7,5,10
Words Produced,18,17,8,6,11
Words Produced,19,17,9,7,12
Words Produced,20,17,10,7,13
Words Produced,21,17,11,8,14
Words Produced,22,17,11,9,15
Words Produced,23,17,12,10,16
Words Produced,24,17,13,10,17
Words Produced,25,17,14,11,18
Words Produced,26,17,15,12,19
Words Produced,27,17,16,13,20
Words Produced,28,17,17,14,21
Words Produced,29,17,18,15,22
Words Produced,30,17,20,17,23
Words Produced,31,17,21,18,24
Words Produced,32,17,22,19,25
Words Produced,33,17,23,20,27
Words Produced,34,17,24,21,28
Words Produced,35,17,26,23,29
Words Produced,36,17,27,24,30
Words Produced,37,17,28,26,32
Words Produced,38,17,30,27,33
Words Produced,39,17,31,29,34
Words Produced,40,17,33,30,36
Words Produced,41,17,34,32,37
Words Produced,42,17,36,34,39
Words Produced,43,17,37,35,40
Words Produced,44,17,39,37,41
Words Produced,45,17,40,39,43
Words Produced,46,17,42,41,44
Words Produced,47,17,44,43,46
Words Produced,48,17,46,45,48
Words Produced,49,17,47,47,49
Words Produced,50,17,49,49,51
Words Produced,51,17,51,51,53
Words Produced,52,17,53,53,54
Words Produced,53,17,55,56,56
Words Produced,54,17,57,58,58
Words Produced,55,17,59,60,60
Words Produced,56,17,61,63,62
Words Produced,57,17,63,65,64
Words Produced,58,17,66,68,66
Words Produced,59,17,68,71,68
Words Produced,60,17,70,73,70
Words Produced,61,17,73,76,72
Words Produced,62,17,75,79,74
Words Produced,63,17,78,82,76
Words Produced,64,17,80,85,78
Words Produced,65,17,83,89,81
Words Produced,66,17,86,92,83
Words Produced,67,17,89,95,85
Words Produced,68,17,91,99,88
Words Produced,69,17,94,102,90
Words Produced,70,17,98,106,93
Words Produced,71,17,101,110,96
Words Produced,72,17,104,114,99
Words Produced,73,17,107,118,101
Words Produced,74,17,111,122,104
Words Produced,75,17,114,126,107
Words Produced,76,17,118,130,111
Words Produced,77,17,122,135,114
Words Produced,78,17,126,140,117
Words Produced,79,17,130,145,121
Words Produced,80,17,134,150,124
Words Produced,81,17,139,155,128
Words Produced,82,17,143,161,132
Words Produced,83,17,148,166,136
Words Produced,84,17,153,172,141
Words Produced,85,17,158,179,145
Words Produced,86,17,164,185,150
Words Produced,87,17,170,192,155
Words Produced,88,17,176,199,160
Words Produced,89,17,183,207,166
Words Produced,90,17,190,215,172
Words Produced,91,17,197,223,179
Words Produced,92,17,205,233,186
Words Produced,93,17,214,242,194
Words Produced,94,17,224,253,202
Words Produced,95,17,235,265,212
Words Produced,96,17,247,278,224
Words Produced,97,17,262,294,237
Words Produced,98,17,281,312,255
Words Produced,99,17,307,337,281
Words Produced,0,18,0,0,0
Words Produced,1,18,0,0,0
Words Produced,2,18,0,0,1
Words Produced,3,18,1,0,2
Words Produced,4,18,1,1,2
Words Produced,5,18,2,1,3
Words Produced,6,18,2,1,4
Words Produced,7,18,3,2,5
Words Produced,8,18,4,2,6
Words Produced,9,18,4,3,7
Words Produced,10,18,5,3,8
Words Produced,11,18,6,4,9
Words Produced,12,18,7,4,10
Words Produced,13,18,8,5,11
Words Produced,14,18,9,6,12
Words Produced,15,18,10,7,13
Words Produced,16,18,11,7,14
Words Produced,17,18,12,8,16
Words Produced,18,18,13,9,17
Words Produced,19,18,14,10,18
Words Produced,20,18,15,11,19
Words Produced,21,18,16,13,21
Words Produced,22,18,17,14,22
Words Produced,23,18,19,15,23
Words Produced,24,18,20,16,25
Words Produced,25,18,21,18,26
Words Produced,26,18,23,19,27
Words Produced,27,18,24,20,29
Words Produced,28,18,26,22,30
Words Produced,29,18,27,23,32
Words Produced,30,18,29,25,33
Words Produced,31,18,30,26,35
Words Produced,32,18,32,28,36
Words Produced,33,18,33,30,38
Words Produced,34,18,35,32,40
Words Produced,35,18,37,33,41
Words Produced,36,18,38,35,43
Words Produced,37,18,40,37,45
Words Produced,38,18,42,39,46
Words Produced,39,18,44,41,48
Words Produced,40,18,46,43,50
Words Produced,41,18,48,46,52
Words Produced,42,18,49,48,53
Words Produced,43,18,51,50,55
Words Produced,44,18,53,53,57
Words Produced,45,18,56,55,59
Words Produced,46,18,58,57,61
Words Produced,47,18,60,60,63
Words Produced,48,18,62,62,65
Words Produced,49,18,64,65,67
Words Produced,50,18,67,68,69
Words Produced,51,18,69,71,71
Words Produced,52,18,71,73,73
Words Produced,53,18,74,76,76
Words Produced,54,18,76,79,78
Words Produced,55,18,79,82,80
Words Produced,56,18,81,86,82
Words Produced,57,18,84,89,85
Words Produced,58,18,87,92,87
Words Produced,59,18,89,95,90
Words Produced,60,18,92,99,92
Words Produced,61,18,95,102,95
Words Produced,62,18,98,106,97
Words Produced,63,18,101,109,100
Words Produced,64,18,104,113,103
Words Produced,65,18,107,117,105
Words Produced,66,18,110,121,108
Words Produced,67,18,114,125,111
Words Produced,68,18,117,129,114
Words Produced,69,18,120,133,117
Words Produced,70,18,124,138,120
Words Produced,71,18,128,142,123
Words Produced,72,18,131,147,127
Words Produced,73,18,135,151,130
Words Produced,74,18,139,156,133
Words Produced,75,18,143,161,137
Words Produced,76,18,147,166,141
Words Produced,77,18,152,171,144
Words Produced,78,18,156,177,148
Words Produced,79,18,160,182,152
Words Produced,80,18,165,188,156
Words Produced,81,18,170,193,161
Words Produced,82,18,175,199,165
Words Produced,83,18,180,206,170
Words Produced,84,18,186,212,174
Words Produced,85,18,191,219,179
Words Produced,86,18,197,225,185
Words Produced,87,18,203,232,190
Words Produced,88,18,210,240,196
Words Produced,89,18,217,248,202
Words Produced,90,18,224,256,208
Words Produced,91,18,231,264,215
Words Produced,92,18,240,273,223
Words Produced,93,18,249,282,231
Words Produced,94,18,258,292,240
Words Produced,95,18,269,303,250
Words Produced,96,18,281,315,261
Words Produced,97,18,295,328,275
Words Produced,98,18,312,343,291
Words Produced,99,18,334,362,315
Words Understood,0,8,0,0,0
Words Understood,1,8,0,0,0
Words Understood,2,8,0,0,0
Words Understood,3,8,0,0,0
Words Understood,4,8,1,0,1
Words Understood,5,8,1,1,1
Words Understood,6,8,1,1,1
Words Understood,7,8,1,1,1
Words Understood,8,8,1,1,2
Words Understood,9,8,2,1,2
Words Understood,10,8,2,2,2
Words Understood,11,8,2,2,3
Words Understood,12,8,3,2,3
Words Understood,13,8,3,3,3
Words Understood,14,8,3,3,4
Words Understood,15,8,4,3,4
Words Understood,16,8,4,4,5
Words Understood,17,8,5,4,5
Words Understood,18,8,5,4,5
Words Understood,19,8,5,5,6
Words Understood,20,8,6,5,6
Words Understood,21,8,6,6,7
Words Understood,22,8,7,6,7
Words Understood,23,8,7,7,8
Words Understood,24,8,8,7,9
Words Understood,25,8,8,8,9
Words Understood,26,8,9,8,10
Words Understood,27,8,9,9,10
Words Understood,28,8,10,9,11
Words Understood,29,8,11,10,11
Words Understood,30,8,11,11,12
Words Understood,31,8,12,11,13
Words Understood,32,8,12,12,13
Words Understood,33,8,13,12,14
Words Understood,34,8,14,13,15
Words Understood,35,8,14,14,16
Words Understood,36,8,15,14,16
Words Understood,37,8,16,15,17
Words Understood,38,8,16,16,18
Words Understood,39,8,17,17,19
Words Understood,40,8,18,17,19
Words Understood,41,8,19,18,20
Words Understood,42,8,19,19,21
Words Understood,43,8,20,20,22
Words Understood,44,8,21,21,23
Words Understood,45,8,22,22,24
Words Understood,46,8,23,23,25
Words Understood,47,8,23,23,26
Words Understood,48,8,24,24,26
Words Understood,49,8,25,25,27
Words Understood,50,8,26,26,28
Words Understood,51,8,27,27,30
Words Understood,52,8,28,28,31
Words Understood,53,8,29,30,32
Words Understood,54,8,30,31,33
Words Understood,55,8,31,32,34
Words Understood,56,8,32,33,35
Words Understood,57,8,33,34,36
Words Understood,58,8,35,35,38
Words Understood,59,8,36,37,39
Words Understood,60,8,37,38,40
Words Understood,61,8,38,39,41
Words Understood,62,8,39,41,43
Words Understood,63,8,41,42,44
Words Understood,64,8,42,44,46
Words Understood,65,8,43,45,47
Words Understood,66,8,45,47,49
Words Understood,67,8,46,48,50
Words Understood,68,8,48,50,52
Words Understood,69,8,49,52,53
Words Understood,70,8,51,53,55
Words Understood,71,8,53,55,57
Words Understood,72,8,54,57,59
Words Understood,73,8,56,59,61
Words Understood,74,8,58,61,63
Words Understood,75,8,60,63,65
Words Understood,76,8,62,65,67
Words Understood,77,8,64,68,69
Words Understood,78,8,66,70,71
Words Understood,79,8,68,72,74
Words Understood,80,8,71,75,76
Words Understood,81,8,73,78,79
Words Understood,82,8,76,81,82
Words Understood,83,8,79,84,85
Words Understood,84,8,81,87,88
Words Understood,85,8,85,90,91
Words Understood,86,8,88,94,95
Words Understood,87,8,91,98,98
Words Understood,88,8,95,102,102
Words Understood,89,8,99,106,106
Words Understood,90,8,103,111,111
Words Understood,91,8,108,116,116
Words Understood,92,8,113,122,122
Words Understood,93,8,119,128,128
Words Understood,94,8,126,136,135
Words Understood,95,8,134,144,143
Words Understood,96,8,143,154,152
Words Understood,97,8,154,166,164
Words Understood,98,8,170,183,180
Words Understood,99,8,194,209,205
Words Understood,0,9,0,0,0
Words Understood,1,9,0,0,0
Words Understood,2,9,0,0,0
Words Understood,3,9,1,0,1
Words Understood,4,9,1,1,1
Words Understood,5,9,1,1,1
Words Understood,6,9,2,1,2
Words Understood,7,9,2,2,2
Words Understood,8,9,2,2,3
Words Understood,9,9,3,2,3
Words Understood,10,9,3,3,4
Words Understood,11,9,4,3,4
Words Understood,12,9,4,3,5
Words Understood,13,9,5,4,5
Words Understood,14,9,5,4,6
Words Understood,15,9,6,5,6
Words Understood,16,9,6,5,7
Words Understood,17,9,7,6,8
Words Understood,18,9,7,7,8
Words Understood,19,9,8,7,9
Words Understood,20,9,9,8,10
Words Understood,21,9,9,8,10
Words Understood,22,9,10,9,11
Words Understood,23,9,11,10,12
Words Understood,24,9,11,10,13
Words Understood,25,9,12,11,13
Words Understood,26,9,13,12,14
Words Understood,27,9,14,12,15
Words Understood,28,9,14,13,16
Words Understood,29,9,15,14,17
Words Understood,30,9,16,15,18
Words Understood,31,9,17,16,18
Words Understood,32,9,18,17,19
Words Understood,33,9,19,17,20
Words Understood,34,9,19,18,21
Words Understood,35,9,20,19,22
Words Understood,36,9,21,20,23
Words Understood,37,9,22,21,24
Words Understood,38,9,23,22,25
Words Understood,39,9,24,23,26
Words Understood,40,9,25,24,27
Words Understood,41,9,26,25,28
Words Understood,42,9,27,26,29
Words Understood,43,9,28,27,31
Words Understood,44,9,29,28,32
Words Understood,45,9,30,30,33
Words Understood,46,9,32,31,34
Words Understood,47,9,33,32,35
Words Understood,48,9,34,33,37
Words Understood,49,9,35,34,38
Words Understood,50,9,36,36,39
Words Understood,51,9,38,37,40
Words Understood,52,9,39,38,42
Words Understood,53,9,40,40,43
Words Understood,54,9,41,41,45
Words Understood,55,9,43,43,46
Words Understood,56,9,44,44,48
Words Understood,57,9,46,46,49
Words Understood,58,9,47,47,51
Words Understood,59,9,49,49,52
Words Understood,60,9,50,50,54
Words Understood,61,9,52,52,56
Words Understood,62,9,53,54,57
Words Understood,63,9,55,56,59
Words Understood,64,9,57,57,61
Words Understood,65,9,59,59,63
Words Understood,66,9,60,61,65
Words Understood,67,9,62,63,66
Words Understood,68,9,64,65,68
Words Understood,69,9,66,67,71
Words Understood,70,9,68,70,73
Words Understood,71,9,70,72,75
Words Understood,72,9,73,74,77
Words Understood,73,9,75,77,79
Words Understood,74,9,77,79,82
Words Understood,75,9,80,82,84
Words Understood,76,9,82,84,87
Words Understood,77,9,85,87,90
Words Understood,78,9,87,90,92
Words Understood,79,9,90,93,95
Words Understood,80,9,93,96,98
Words Understood,81,9,96,99,101
Words Understood,82,9,99,103,105
Words Understood,83,9,103,107,108
Words Understood,84,9,106,110,112
Words Understood,85,9,110,114,116
Words Understood,86,9,114,119,120
Words Understood,87,9,118,123,124
Words Understood,88,9,122,128,129
Words Understood,89,9,127,133,134
Words Understood,90,9,132,139,139
Words Understood,91,9,138,145,145
Words Understood,92,9,144,151,151
Words Understood,93,9,151,159,158
Words Understood,94,9,159,167,166
Words Understood,95,9,168,176,175
Words Understood,96,9,178,187,185
Words Understood,97,9,191,201,198
Words Understood,98,9,208,219,215
Words Understood,99,9,233,246,241
Words Understood,0,10,0,0,0
Words Understood,1,10,0,0,0
Words Understood,2,10,1,0,1
Words Understood,3,10,1,1,1
Words Understood,4,10,1,1,2
Words Understood,5,10,2,1,2
Words Understood,6,10,2,2,3
Words Understood,7,10,3,2,4
Words Understood,8,10,4,3,4
Words Understood,9,10,4,3,5
Words Understood,10,10,5,4,6
Words Understood,11,10,6,4,6
Words Understood,12,10,6,5,7
Words Understood,13,10,7,6,8
Words Understood,14,10,8,6,9
Words Understood,15,10,8,7,10
Words Understood,16,10,9,8,11
Words Understood,17,10,10,9,11
Words Understood,18,10,11,9,12
Words Understood,19,10,12,10,13
Words Understood,20,10,13,11,14
Words Understood,21,10,14,12,15
Words Understood,22,10,14,13,16
Words Understood,23,10,15,14,17
Words Understood,24,10,16,15,18
Words Understood,25,10,17,16,19
Words Understood,26,10,18,16,20
Words Understood,27,10,19,17,22
Words Understood,28,10,20,18,23
Words Understood,29,10,22,20,24
Words Understood,30,10,23,21,25
Words Understood,31,10,24,22,26
Words Understood,32,10,25,23,27
Words Understood,33,10,26,24,28
Words Understood,34,10,27,25,30
Words Understood,35,10,28,26,31
Words Understood,36,10,30,28,32
Words Understood,37,10,31,29,34
Words Understood,38,10,32,30,35
Words Understood,39,10,33,31,36
Words Understood,40,10,35,33,38
Words Understood,41,10,36,34,39
Words Understood,42,10,37,35,40
Words Understood,43,10,39,37,42
Words Understood,44,10,40,38,43
Words Understood,45,10,42,40,45
Words Understood,46,10,43,41,46
Words Understood,47,10,45,43,48
Words Understood,48,10,46,44,50
Words Understood,49,10,48,46,51
Words Understood,50,10,49,48,53
Words Understood,51,10,51,49,55
Words Understood,52,10,53,51,56
Words Understood,53,10,55,53,58
Words Understood,54,10,56,55,60
Words Understood,55,10,58,57,62
Words Understood,56,10,60,58,64
Words Understood,57,10,62,60,65
Words Understood,58,10,64,62,67
Words Understood,59,10,66,64,69
Words Understood,60,10,68,66,71
Words Understood,61,10,70,68,73
Words Understood,62,10,72,71,76
Words Understood,63,10,74,73,78
Words Understood,64,10,76,75,80
Words Understood,65,10,78,77,82
Words Understood,66,10,80,80,85
Words Understood,67,10,83,82,87
Words Understood,68,10,85,85,89
Words Understood,69,10,88,87,92
Words Understood,70,10,90,90,94
Words Understood,71,10,93,93,97
Words Understood,72,10,96,96,100
Words Understood,73,10,98,99,103
Words Understood,74,10,101,102,105
Words Understood,75,10,104,105,108
Words Understood,76,10,107,108,112
Words Understood,77,10,110,111,115
Words Understood,78,10,114,115,118
Words Understood,79,10,117,118,121
Words Understood,80,10,121,122,125
Words Understood,81,10,124,126,129
Words Understood,82,10,128,130,132
Words Understood,83,10,132,134,136
Words Understood,84,10,136,139,141
Words Understood,85,10,141,143,145
Words Understood,86,10,145,148,150
Words Understood,87,10,150,153,155
Words Understood,88,10,155,159,160
Words Understood,89,10,161,165,165
Words Understood,90,10,167,171,171
Words Understood,91,10,173,178,178
Words Understood,92,10,180,185,185
Words Understood,93,10,188,193,192
Words Understood,94,10,197,202,201
Words Understood,95,10,206,212,210
Words Understood,96,10,218,224,221
Words Understood,97,10,231,238,235
Words Understood,98,10,249,256,252
Words Understood,99,10,275,283,278
Words Understood,0,11,0,0,0
Words Understood,1,11,0,0,1
Words Understood,2,11,1,1,1
Words Understood,3,11,1,1,2
Words Understood,4,11,2,2,3
Words Understood,5,11,3,2,4
Words Understood,6,11,4,3,5
Words Understood,7,11,4,3,5
Words Understood,8,11,5,4,6
Words Understood,9,11,6,5,7
Words Understood,10,11,7,6,9
Words Understood,11,11,8,7,10
Words Understood,12,11,9,7,11
Words Understood,13,11,10,8,12
Words Understood,14,11,11,9,13
Words Understood,15,11,12,10,14
Words Understood,16,11,13,11,15
Words Understood,17,11,14,12,17
Words Understood,18,11,15,13,18
Words Understood,19,11,17,14,19
Words Understood,20,11,18,15,20
Words Understood,21,11,19,17,22
Words Understood,22,11,20,18,23
Words Understood,23,11,22,19,24
Words Understood,24,11,23,20,26
Words Understood,25,11,24,22,27
Words Understood,26,11,26,23,29
Words Understood,27,11,27,24,30
Words Understood,28,11,28,25,31
Words Understood,29,11,30,27,33
Words Understood,30,11,31,28,35
Words Understood,31,11,33,30,36
Words Understood,32,11,34,31,38
Words Understood,33,11,36,33,39
Words Understood,34,11,37,34,41
Words Understood,35,11,39,36,42
Words Understood,36,11,41,37,44
Words Understood,37,11,42,39,46
Words Understood,38,11,44,41,48
Words Understood,39,11,46,42,49
Words Understood,40,11,47,44,51
Words Understood,41,11,49,46,53
Words Understood,42,11,51,48,55
Words Understood,43,11,53,49,56
Words Understood,44,11,55,51,58
Words Understood,45,11,56,53,60
Words Understood,46,11,58,55,62
Words Understood,47,11,60,57,64
Words Understood,48,11,62,59,66
Words Understood,49,11,64,61,68
Words Understood,50,11,66,63,70
Words Understood,51,11,68,65,72
Words Understood,52,11,71,67,74
Words Understood,53,11,73,70,77
Words Understood,54,11,75,72,79
Words Understood,55,11,77,74,81
Words Understood,56,11,80,76,83
Words Understood,57,11,82,79,86
Words Understood,58,11,84,81,88
Words Understood,59,11,87,84,91
Words Understood,60,11,89,86,93
Words Understood,61,11,92,89,95
Words Understood,62,11,94,92,98
Words Understood,63,11,97,94,101
Words Understood,64,11,100,97,103
Words Understood,65,11,102,100,106
Words Understood,66,11,105,103,109
Words Understood,67,11,108,106,112
Words Understood,68,11,111,109,115
Words Understood,69,11,114,112,118
Words Understood,70,11,117,115,121
Words Understood,71,11,120,118,124
Words Understood,72,11,124,122,127
Words Understood,73,11,127,125,130
Words Understood,74,11,131,129,134
Words Understood,75,11,134,132,137
Words Understood,76,11,138,136,141
Words Understood,77,11,141,140,144
Words Understood,78,11,145,144,148
Words Understood,79,11,149,148,152
Words Understood,80,11,154,153,156
Words Understood,81,11,158,157,160
Words Understood,82,11,162,162,164
Words Understood,83,11,167,166,169
Words Understood,84,11,172,171,174
Words Understood,85,11,177,177,179
Words Understood,86,11,182,182,184
Words Understood,87,11,188,188,189
Words Understood,88,11,193,194,195
Words Understood,89,11,200,200,201
Words Understood,90,11,206,207,207
Words Understood,91,11,213,214,214
Words Understood,92,11,221,222,221
Words Understood,93,11,229,231,229
Words Understood,94,11,238,240,238
Words Understood,95,11,248,251,248
Words Understood,96,11,260,262,259
Words Understood,97,11,273,276,272
Words Understood,98,11,290,294,289
Words Understood,99,11,314,318,312
Words Understood,0,12,0,0,0
Words Understood,1,12,1,0,1
Words Understood,2,12,1,1,2
Words Understood,3,12,2,2,3
Words Understood,4,12,3,2,4
Words Understood,5,12,4,3,5
Words Understood,6,12,5,4,7
Words Understood,7,12,6,5,8
Words Understood,8,12,7,6,10
Words Understood,9,12,9,7,11
Words Understood,10,12,10,8,12
Words Understood,11,12,11,9,14
Words Understood,12,12,13,11,15
Words Understood,13,12,14,12,17
Words Understood,14,12,15,13,18
Words Understood,15,12,17,14,20
Words Understood,16,12,18,16,22
Words Understood,17,12,20,17,23
Words Understood,18,12,21,19,25
Words Understood,19,12,23,20,27
Words Understood,20,12,25,22,28
Words Understood,21,12,26,23,30
Words Understood,22,12,28,25,32
Words Understood,23,12,30,26,34
Words Understood,24,12,31,28,35
Words Understood,25,12,33,30,37
Words Understood,26,12,35,31,39
Words Understood,27,12,37,33,41
Words Understood,28,12,39,35,43
Words Understood,29,12,41,37,45
Words Understood,30,12,42,38,47
Words Understood,31,12,44,40,49
Words Understood,32,12,46,42,51
Words Understood,33,12,48,44,53
Words Understood,34,12,50,46,55
Words Understood,35,12,52,48,57
Words Understood,36,12,55,50,59
Words Understood,37,12,57,52,61
Words Understood,38,12,59,54,63
Words Understood,39,12,61,56,66
Words Understood,40,12,63,59,68
Words Understood,41,12,66,61,70
Words Understood,42,12,68,63,72
Words Understood,43,12,70,65,75
Words Understood,44,12,72,68,77
Words Understood,45,12,75,70,79
Words Understood,46,12,77,72,82
Words Understood,47,12,80,75,84
Words Understood,48,12,82,77,86
Words Understood,49,12,85,80,89
Words Understood,50,12,87,83,91
Words Understood,51,12,90,85,94
Words Understood,52,12,93,88,97
Words Understood,53,12,95,90,99
Words Understood,54,12,98,93,102
Words Understood,55,12,101,96,105
Words Understood,56,12,104,99,107
Words Understood,57,12,107,102,110
Words Understood,58,12,110,105,113
Words Understood,59,12,113,108,116
Words Understood,60,12,116,111,119
Words Understood,61,12,119,114,122
Words Understood,62,12,122,117,125
Words Understood,63,12,125,120,128
Words Understood,64,12,128,124,131
Words Understood,65,12,132,127,134
Words Understood,66,12,135,130,137
Words Understood,67,12,138,134,141
Words Understood,68,12,142,137,144
Words Understood,69,12,145,141,147
Words Understood,70,12,149,145,151
Words Understood,71,12,153,148,154
Words Understood,72,12,157,152,158
Words Understood,73,12,161,156,162
Words Understood,74,12,165,160,166
Words Understood,75,12,169,165,170
Words Understood,76,12,173,169,173
Words Understood,77,12,177,173,178
Words Understood,78,12,181,178,182
Words Understood,79,12,186,182,186
Words Understood,80,12,191,187,191
Words Understood,81,12,195,192,195
Words Understood,82,12,200,197,200
Words Understood,83,12,205,202,205
Words Understood,84,12,211,208,210
Words Understood,85,12,216,213,215
Words Understood,86,12,222,219,220
Words Understood,87,12,228,225,226
Words Understood,88,12,234,232,232
Words Understood,89,12,240,238,238
Words Understood,90,12,247,245,245
Words Understood,91,12,254,253,252
Words Understood,92,12,262,261,259
Words Understood,93,12,270,269,267
Words Understood,94,12,279,278,275
Words Understood,95,12,289,288,285
Words Understood,96,12,300,299,295
Words Understood,97,12,312,312,308
Words Understood,98,12,327,327,322
Words Understood,99,12,347,347,342
Words Understood,0,13,0,0,0
Words Understood,1,13,1,1,1
Words Understood,2,13,2,1,3
Words Understood,3,13,3,2,5
Words Understood,4,13,5,4,6
Words Understood,5,13,6,5,8
Words Understood,6,13,8,6,10
Words Understood,7,13,9,7,12
Words Understood,8,13,11,9,14
Words Understood,9,13,12,10,16
Words Understood,10,13,14,12,18
Words Understood,11,13,16,13,20
Words Understood,12,13,18,15,22
Words Understood,13,13,20,17,24
Words Understood,14,13,22,19,26
Words Understood,15,13,24,20,28
Words Understood,16,13,26,22,30
Words Understood,17,13,28,24,32
Words Understood,18,13,30,26,35
Words Understood,19,13,32,28,37
Words Understood,20,13,34,30,39
Words Understood,21,13,36,32,41
Words Understood,22,13,38,34,44
Words Understood,23,13,40,36,46
Words Understood,24,13,43,38,48
Words Understood,25,13,45,40,51
Words Understood,26,13,47,42,53
Words Understood,27,13,50,45,55
Words Understood,28,13,52,47,58
Words Understood,29,13,55,49,60
Words Understood,30,13,57,52,63
Words Understood,31,13,59,54,65
Words Understood,32,13,62,56,68
Words Understood,33,13,65,59,70
Words Understood,34,13,67,61,73
Words Understood,35,13,70,64,75
Words Understood,36,13,72,66,78
Words Understood,37,13,75,69,80
Words Understood,38,13,78,72,83
Words Understood,39,13,80,74,86
Words Understood,40,13,83,77,88
Words Understood,41,13,86,80,91
Words Understood,42,13,89,83,94
Words Understood,43,13,92,85,97
Words Understood,44,13,95,88,99
Words Understood,45,13,98,91,102
Words Understood,46,13,101,94,105
Words Understood,47,13,104,97,108
Words Understood,48,13,107,100,111
Words Understood,49,13,110,103,114
Words Understood,50,13,113,106,117
Words Understood,51,13,116,109,120
Words Understood,52,13,119,112,123
Words Understood,53,13,122,116,126
Words Understood,54,13,126,119,129
Words Understood,55,13,129,122,132
Words Understood,56,13,132,125,135
Words Understood,57,13,136,129,139
Words Understood,58,13,139,132,142
Words Understood,59,13,143,136,145
Words Understood,60,13,146,139,148
Words Understood,61,13,150,143,152
Words Understood,62,13,153,147,155
Words Understood,63,13,157,150,159
Words Understood,64,13,161,154,162
Words Understood,65,13,164,158,166
Words Understood,66,13,168,162,169
Words Understood,67,13,172,166,173
Words Understood,68,13,176,170,177
Words Understood,69,13,180,174,180
Words Understood,70,13,184,178,184
Words Understood,71,13,188,182,188
Words Understood,72,13,193,186,192
Words Understood,73,13,197,191,196
Words Understood,74,13,201,195,200
Words Understood,75,13,206,200,204
Words Understood,76,13,210,204,209
Words Understood,77,13,215,209,213
Words Understood,78,13,219,214,217
Words Understood,79,13,224,219,222
Words Understood,80,13,229,224,227
Words Understood,81,13,234,229,231
Words Understood,82,13,239,234,236
Words Understood,83,13,244,239,241
Words Understood,84,13,250,245,246
Words Understood,85,13,255,250,252
Words Understood,86,13,261,256,257
Words Understood,87,13,267,262,263
Words Understood,88,13,273,269,268
Words Understood,89,13,279,275,274
Words Understood,90,13,286,282,281
Words Understood,91,13,293,289,287
Words Understood,92,13,300,296,294
Words Understood,93,13,307,304,301
Words Understood,94,13,315,312,309
Words Understood,95,13,324,321,318
Words Understood,96,13,333,331,327
Words Understood,97,13,343,341,337
Words Understood,98,13,355,353,349
Words Understood,99,13,369,368,364
Words Understood,0,14,0,0,0
Words Understood,1,14,1,1,2
Words Understood,2,14,3,2,5
Words Understood,3,14,5,4,7
Words Understood,4,14,7,5,10
Words Understood,5,14,9,7,12
Words Understood,6,14,11,9,15
Words Understood,7,14,13,11,17
Words Understood,8,14,16,13,20
Words Understood,9,14,18,15,23
Words Understood,10,14,20,17,25
Words Understood,11,14,23,19,28
Words Understood,12,14,25,21,31
Words Understood,13,14,28,24,34
Words Understood,14,14,30,26,36
Words Understood,15,14,33,28,39
Words Understood,16,14,36,31,42
Words Understood,17,14,38,33,45
Words Understood,18,14,41,36,47
Words Understood,19,14,44,38,50
Words Understood,20,14,46,41,53
Words Understood,21,14,49,43,56
Words Understood,22,14,52,46,59
Words Understood,23,14,55,49,62
Words Understood,24,14,58,51,64
Words Understood,25,14,60,54,67
Words Understood,26,14,63,57,70
Words Understood,27,14,66,60,73
Words Understood,28,14,69,63,76
Words Understood,29,14,72,65,79
Words Understood,30,14,75,68,82
Words Understood,31,14,78,71,85
Words Understood,32,14,81,74,88
Words Understood,33,14,85,77,91
Words Understood,34,14,88,80,94
Words Understood,35,14,91,83,97
Words Understood,36,14,94,87,100
Words Understood,37,14,97,90,103
Words Understood,38,14,101,93,107
Words Understood,39,14,104,96,110
Words Understood,40,14,107,99,113
Words Understood,41,14,110,103,116
Words Understood,42,14,114,106,119
Words Understood,43,14,117,109,123
Words Understood,44,14,121,113,126
Words Understood,45,14,124,116,129
Words Understood,46,14,127,119,132
Words Understood,47,14,131,123,136
Words Understood,48,14,134,126,139
Words Understood,49,14,138,130,142
Words Understood,50,14,142,133,146
Words Understood,51,14,145,137,149
Words Understood,52,14,149,141,152
Words Understood,53,14,152,144,156
Words Understood,54,14,156,148,159
Words Understood,55,14,160,152,163
Words Understood,56,14,164,155,166
Words Understood,57,14,167,159,170
Words Understood,58,14,171,163,174
Words Understood,59,14,175,167,177
Words Understood,60,14,179,171,181
Words Understood,61,14,183,175,184
Words Understood,62,14,187,179,188
Words Understood,63,14,191,183,192
Words Understood,64,14,195,187,196
Words Understood,65,14,199,191,199
Words Understood,66,14,203,195,203
Words Understood,67,14,207,199,207
Words Understood,68,14,211,204,211
Words Understood,69,14,215,208,215
Words Understood,70,14,220,212,219
Words Understood,71,14,224,217,223
Words Understood,72,14,228,221,227
Words Understood,73,14,233,226,231
Words Understood,74,14,237,230,235
Words Understood,75,14,242,235,240
Words Understood,76,14,246,240,244
Words Understood,77,14,251,244,248
Words Understood,78,14,256,249,253
Words Understood,79,14,260,254,257
Words Understood,80,14,265,259,262
Words Understood,81,14,270,264,266
Words Understood,82,14,275,269,271
Words Understood,83,14,280,274,276
Words Understood,84,14,285,280,281
Words Understood,85,14,290,285,286
Words Understood,86,14,296,291,291
Words Understood,87,14,301,296,296
Words Understood,88,14,306,302,301
Words Understood,89,14,312,308,307
Words Understood,90,14,318,314,312
Words Understood,91,14,324,320,318
Words Understood,92,14,330,326,324
Words Understood,93,14,336,333,331
Words Understood,94,14,343,340,337
Words Understood,95,14,350,347,344
Words Understood,96,14,357,355,351
Words Understood,97,14,364,363,359
Words Understood,98,14,373,371,368
Words Understood,99,14,382,381,379
Words Understood,0,15,0,0,0
Words Understood,1,15,2,2,4
Words Understood,2,15,5,4,7
Words Understood,3,15,8,6,11
Words Understood,4,15,11,8,15
Words Understood,5,15,14,11,18
Words Understood,6,15,17,13,22
Words Understood,7,15,20,16,25
Words Understood,8,15,23,19,29
Words Understood,9,15,26,21,32
Words Understood,10,15,29,24,36
Words Understood,11,15,32,27,39
Words Understood,12,15,36,30,43
Words Understood,13,15,39,33,46
Words Understood,14,15,42,36,50
Words Understood,15,15,45,39,53
Words Understood,16,15,49,42,57
Words Understood,17,15,52,45,60
Words Understood,18,15,55,48,64
Words Understood,19,15,59,52,67
Words Understood,20,15,62,55,71
Words Understood,21,15,66,58,74
Words Understood,22,15,69,61,77
Words Understood,23,15,73,65,81
Words Understood,24,15,76,68,84
Words Understood,25,15,80,71,88
Words Understood,26,15,83,75,91
Words Understood,27,15,87,78,95
Words Understood,28,15,90,82,98
Words Understood,29,15,94,85,102
Words Understood,30,15,97,89,105
Words Understood,31,15,101,92,109
Words Understood,32,15,105,96,113
Words Understood,33,15,108,99,116
Words Understood,34,15,112,103,120
Words Understood,35,15,115,106,123
Words Understood,36,15,119,110,127
Words Understood,37,15,123,114,130
Words Understood,38,15,126,117,134
Words Understood,39,15,130,121,137
Words Understood,40,15,134,125,141
Words Understood,41,15,138,129,145
Words Understood,42,15,141,132,148
Words Understood,43,15,145,136,152
Words Understood,44,15,149,140,155
Words Understood,45,15,153,144,159
Words Understood,46,15,157,148,163
Words Understood,47,15,160,151,166
Words Understood,48,15,164,155,170
Words Understood,49,15,168,159,174
Words Understood,50,15,172,163,177
Words Understood,51,15,176,167,181
Words Understood,52,15,180,171,185
Words Understood,53,15,184,175,188
Words Understood,54,15,188,179,192
Words Understood,55,15,192,183,196
Words Understood,56,15,196,187,199
Words Understood,57,15,200,191,203
Words Understood,58,15,204,195,207
Words Understood,59,15,208,199,211
Words Understood,60,15,212,204,214
Words Understood,61,15,216,208,218
Words Understood,62,15,220,212,222
Words Understood,63,15,224,216,226
Words Understood,64,15,228,220,230
Words Understood,65,15,232,225,234
Words Understood,66,15,236,229,237
Words Understood,67,15,240,233,241
Words Understood,68,15,244,237,245
Words Understood,69,15,249,242,249
Words Understood,70,15,253,246,253
Words Understood,71,15,257,251,257
Words Understood,72,15,261,255,261
Words Understood,73,15,266,259,265
Words Understood,74,15,270,264,269
Words Understood,75,15,274,268,273
Words Understood,76,15,278,273,277
Words Understood,77,15,283,277,281
Words Understood,78,15,287,282,286
Words Understood,79,15,292,287,290
Words Understood,80,15,296,291,294
Words Understood,81,15,300,296,298
Words Understood,82,15,305,301,303
Words Understood,83,15,309,305,307
Words Understood,84,15,314,310,311
Words Understood,85,15,319,315,316
Words Understood,86,15,323,320,320
Words Understood,87,15,328,325,325
Words Understood,88,15,333,330,329
Words Understood,89,15,337,335,334
Words Understood,90,15,342,340,339
Words Understood,91,15,347,345,343
Words Understood,92,15,352,350,348
Words Understood,93,15,357,355,353
Words Understood,94,15,362,360,358
Words Understood,95,15,367,366,364
Words Understood,96,15,372,371,369
Words Understood,97,15,378,377,375
Words Understood,98,15,383,383,381
Words Understood,99,15,389,389,387
Words Understood,0,16,0,0,0
Words Understood,1,16,4,3,6
Words Understood,2,16,8,6,11
Words Understood,3,16,12,9,17
Words Understood,4,16,16,12,21
Words Understood,5,16,20,16,26
Words Understood,6,16,25,19,31
Words Understood,7,16,29,23,35
Words Understood,8,16,33,27,40
Words Understood,9,16,37,30,45
Words Understood,10,16,41,34,49
Words Understood,11,16,45,38,53
Words Understood,12,16,49,41,58
Words Understood,13,16,53,45,62
Words Understood,14,16,57,49,66
Words Understood,15,16,61,53,71
Words Understood,16,16,65,57,75
Words Understood,17,16,69,60,79
Words Understood,18,16,73,64,83
Words Understood,19,16,77,68,87
Words Understood,20,16,82,72,92
Words Understood,21,16,86,76,96
Words Understood,22,16,90,80,100
Words Understood,23,16,94,84,104
Words Understood,24,16,98,88,108
Words Understood,25,16,102,92,112
Words Understood,26,16,106,96,116
Words Understood,27,16,110,100,120
Words Understood,28,16,114,104,124
Words Understood,29,16,118,108,128
Words Understood,30,16,122,112,132
Words Understood,31,16,126,116,136
Words Understood,32,16,130,120,140
Words Understood,33,16,134,124,144
Words Understood,34,16,138,128,148
Words Understood,35,16,142,132,152
Words Understood,36,16,146,136,156
Words Understood,37,16,150,140,160
Words Understood,38,16,154,144,164
Words Understood,39,16,158,149,168
Words Understood,40,16,162,153,171
Words Understood,41,16,166,157,175
Words Understood,42,16,170,161,179
Words Understood,43,16,174,165,183
Words Understood,44,16,178,169,187
Words Understood,45,16,182,173,191
Words Understood,46,16,186,177,195
Words Understood,47,16,190,182,198
Words Understood,48,16,194,186,202
Words Understood,49,16,198,190,206
Words Understood,50,16,202,194,210
Words Understood,51,16,206,198,214
Words Understood,52,16,210,202,218
Words Understood,53,16,214,206,221
Words Understood,54,16,218,211,225
Words Understood,55,16,222,215,229
Words Understood,56,16,226,219,233
Words Understood,57,16,230,223,236
Words Understood,58,16,234,227,240
Words Understood,59,16,238,231,244
Words Understood,60,16,242,236,248
Words Understood,61,16,246,240,251
Words Understood,62,16,250,244,255
Words Understood,63,16,254,248,259
Words Understood,64,16,258,252,263
Words Understood,65,16,262,256,266
Words Understood,66,16,266,261,270
Words Understood,67,16,270,265,274
Words Understood,68,16,274,269,278
Words Understood,69,16,278,273,281
Words Understood,70,16,282,277,285
Words Understood,71,16,286,281,289
Words Understood,72,16,290,285,292
Words Understood,73,16,294,290,296
Words Understood,74,16,298,294,300
Words Understood,75,16,301,298,304
Words Understood,76,16,305,302,307
Words Understood,77,16,309,306,311
Words Understood,78,16,313,310,315
Words Understood,79,16,317,314,318
Words Understood,80,16,321,318,322
Words Understood,81,16,325,322,326
Words Understood,82,16,329,327,329
Words Understood,83,16,333,331,333
Words Understood,84,16,336,335,337
Words Understood,85,16,340,339,340
Words Understood,86,16,344,343,344
Words Understood,87,16,348,347,348
Words Understood,88,16,352,351,352
Words Understood,89,16,355,355,355
Words Understood,90,16,359,359,359
Words Understood,91,16,363,363,363
Words Understood,92,16,367,367,366
Words Understood,93,16,371,370,370
Words Understood,94,16,374,374,374
Words Understood,95,16,378,378,377
Words Understood,96,16,382,382,381
Words Understood,97,16,385,386,385
Words Understood,98,16,389,389,388
Words Understood,99,16,393,393,392
Words Understood,0,17,0,0,0
Words Understood,1,17,7,4,9
Words Understood,2,17,13,9,17
Words Understood,3,17,19,14,24
Words Understood,4,17,24,18,30
Words Understood,5,17,30,23,36
Words Understood,6,17,35,27,42
Words Understood,7,17,40,32,48
Words Understood,8,17,45,37,54
Words Understood,9,17,50,41,60
Words Understood,10,17,55,46,65
Words Understood,11,17,60,51,70
Words Understood,12,17,65,55,76
Words Understood,13,17,70,60,81
Words Understood,14,17,75,65,86
Words Understood,15,17,80,69,91
Words Understood,16,17,85,74,96
Words Understood,17,17,90,78,101
Words Understood,18,17,94,83,106
Words Understood,19,17,99,88,111
Words Understood,20,17,104,92,116
Words Understood,21,17,108,97,120
Words Understood,22,17,113,101,125
Words Understood,23,17,117,106,130
Words Understood,24,17,122,111,134
Words Understood,25,17,126,115,139
Words Understood,26,17,131,120,143
Words Understood,27,17,135,124,148
Words Understood,28,17,140,129,152
Words Understood,29,17,144,133,157
Words Understood,30,17,149,138,161
Words Understood,31,17,153,142,166
Words Understood,32,17,157,147,170
Words Understood,33,17,162,151,174
Words Understood,34,17,166,156,178
Words Understood,35,17,170,160,183
Words Understood,36,17,174,165,187
Words Understood,37,17,179,169,191
Words Understood,38,17,183,173,195
Words Understood,39,17,187,178,199
Words Understood,40,17,191,182,203
Words Understood,41,17,195,186,207
Words Understood,42,17,199,191,211
Words Understood,43,17,204,195,215
Words Understood,44,17,208,199,219
Words Understood,45,17,212,204,223
Words Understood,46,17,216,208,227
Words Understood,47,17,220,212,231
Words Understood,48,17,224,216,235
Words Understood,49,17,228,221,239
Words Understood,50,17,232,225,243
Words Understood,51,17,236,229,246
Words Understood,52,17,240,233,250
Words Understood,53,17,244,237,254
Words Understood,54,17,247,242,258
Words Understood,55,17,251,246,261
Words Understood,56,17,255,250,265
Words Understood,57,17,259,254,269
Words Understood,58,17,263,258,272
Words Understood,59,17,267,262,276
Words Understood,60,17,270,266,279
Words Understood,61,17,274,270,283
Words Understood,62,17,278,274,286
Words Understood,63,17,281,278,290
Words Understood,64,17,285,282,293
Words Understood,65,17,289,286,297
Words Understood,66,17,292,290,300
Words Understood,67,17,296,293,304
Words Understood,68,17,300,297,307
Words Understood,69,17,303,301,310
Words Understood,70,17,307,305,314
Words Understood,71,17,310,309,317
Words Understood,72,17,314,312,320
Words Understood,73,17,317,316,323
Words Understood,74,17,321,320,327
Words Understood,75,17,324,323,330
Words Understood,76,17,327,327,333
Words Understood,77,17,331,330,336
Words Understood,78,17,334,334,339
Words Understood,79,17,337,337,342
Words Understood,80,17,341,341,345
Words Understood,81,17,344,344,348
Words Understood,82,17,347,347,351
Words Understood,83,17,350,351,354
Words Understood,84,17,353,354,357
Words Understood,85,17,357,357,360
Words Understood,86,17,360,360,363
Words Understood,87,17,363,364,366
Words Understood,88,17,366,367,368
Words Understood,89,17,369,370,371
Words Understood,90,17,371,373,374
Words Understood,91,17,374,375,376
Words Understood,92,17,377,378,379
Words Understood,93,17,380,381,381
Words Understood,94,17,383,384,384
Words Understood,95,17,385,386,386
Words Understood,96,17,388,388,388
Words Understood,97,17,390,391,391
Words Understood,98,17,392,393,393
Words Understood,99,17,394,395,395
Words Understood,0,18,0,0,0
Words Understood,1,18,11,7,14
Words Understood,2,18,19,13,24
Words Understood,3,18,27,19,33
Words Understood,4,18,34,25,41
Words Understood,5,18,41,31,49
Words Understood,6,18,48,37,56
Words Understood,7,18,54,43,63
Words Understood,8,18,60,49,70
Words Understood,9,18,67,55,77
Words Understood,10,18,73,61,84
Words Understood,11,18,79,66,90
Words Understood,12,18,84,72,96
Words Understood,13,18,90,77,102
Words Understood,14,18,96,83,108
Words Understood,15,18,101,88,114
Words Understood,16,18,107,94,120
Words Understood,17,18,112,99,126
Words Understood,18,18,117,104,131
Words Understood,19,18,122,110,137
Words Understood,20,18,128,115,142
Words Understood,21,18,133,120,147
Words Understood,22,18,138,125,152
Words Understood,23,18,143,131,158
Words Understood,24,18,148,136,163
Words Understood,25,18,152,141,168
Words Understood,26,18,157,146,173
Words Understood,27,18,162,151,177
Words Understood,28,18,167,156,182
Words Understood,29,18,171,161,187
Words Understood,30,18,176,165,192
Words Understood,31,18,180,170,196
Words Understood,32,18,185,175,201
Words Understood,33,18,189,180,205
Words Understood,34,18,194,185,210
Words Understood,35,18,198,189,214
Words Understood,36,18,203,194,218
Words Understood,37,18,207,199,223
Words Understood,38,18,211,203,227
Words Understood,39,18,215,208,231
Words Understood,40,18,220,212,235
Words Understood,41,18,224,217,239
Words Understood,42,18,228,221,243
Words Understood,43,18,232,225,247
Words Understood,44,18,236,230,251
Words Understood,45,18,240,234,255
Words Understood,46,18,244,238,259
Words Understood,47,18,248,243,263
Words Understood,48,18,252,247,267
Words Understood,49,18,256,251,270
Words Understood,50,18,259,255,274
Words Understood,51,18,263,259,278
Words Understood,52,18,267,263,281
Words Understood,53,18,271,267,285
Words Understood,54,18,274,271,288
Words Understood,55,18,278,275,292
Words Understood,56,18,282,279,295
Words Understood,57,18,285,283,298
Words Understood,58,18,289,287,302
Words Understood,59,18,292,290,305
Words Understood,60,18,296,294,308
Words Understood,61,18,299,298,311
Words Understood,62,18,302,301,315
Words Understood,63,18,306,305,318
Words Understood,64,18,309,309,321
Words Understood,65,18,312,312,324
Words Understood,66,18,315,316,327
Words Understood,67,18,319,319,330
Words Understood,68,18,322,322,333
Words Understood,69,18,325,326,335
Words Understood,70,18,328,329,338
Words Understood,71,18,331,332,341
Words Understood,72,18,334,335,344
Words Understood,73,18,337,338,346
Words Understood,74,18,340,341,349
Words Understood,75,18,343,344,352
Words Understood,76,18,346,347,354
Words Understood,77,18,348,350,357
Words Understood,78,18,351,353,359
Words Understood,79,18,354,356,361
Words Understood,80,18,357,359,364
Words Understood,81,18,359,361,366
Words Understood,82,18,362,364,368
Words Understood,83,18,364,366,370
Words Understood,84,18,367,369,372
Words Understood,85,18,369,371,375
Words Understood,86,18,371,374,377
Words Understood,87,18,374,376,378
Words Understood,88,18,376,378,380
Words Understood,89,18,378,380,382
Words Understood,90,18,380,382,384
Words Understood,91,18,382,384,386
Words Understood,92,18,384,386,387
Words Understood,93,18,386,388,389
Words Understood,94,18,388,389,390
Words Understood,95,18,390,391,391
Words Understood,96,18,391,392,393
Words Understood,97,18,393,394,394
Words Understood,98,18,394,395,395
Words Understood,99,18,395,396,396
Early Gestures,0,8,0,0,0
Early Gestures,1,8,0,0,0
Early Gestures,2,8,0,0,1
Early Gestures,3,8,0,0,1
Early Gestures,4,8,0,0,1
Early Gestures,5,8,1,0,1
Early Gestures,6,8,1,1,1
Early Gestures,7,8,1,1,1
Early Gestures,8,8,1,1,1
Early Gestures,9,8,1,1,2
Early Gestures,10,8,1,1,2
Early Gestures,11,8,1,1,2
Early Gestures,12,8,1,1,2
Early Gestures,13,8,1,1,2
Early Gestures,14,8,2,1,2
Early Gestures,15,8,2,1,2
Early Gestures,16,8,2,2,3
Early Gestures,17,8,2,2,3
Early Gestures,18,8,2,2,3
Early Gestures,19,8,2,2,3
Early Gestures,20,8,2,2,3
Early Gestures,21,8,2,2,3
Early Gestures,22,8,2,2,3
Early Gestures,23,8,3,2,3
Early Gestures,24,8,3,2,3
Early Gestures,25,8,3,3,4
Early Gestures,26,8,3,3,4
Early Gestures,27,8,3,3,4
Early Gestures,28,8,3,3,4
Early Gestures,29,8,3,3,4
Early Gestures,30,8,3,3,4
Early Gestures,31,8,3,3,4
Early Gestures,32,8,4,3,4
Early Gestures,33,8,4,3,4
Early Gestures,34,8,4,4,5
Early Gestures,35,8,4,4,5
Early Gestures,36,8,4,4,5
Early Gestures,37,8,4,4,5
Early Gestures,38,8,4,4,5
Early Gestures,39,8,4,4,5
Early Gestures,40,8,4,4,5
Early Gestures,41,8,5,4,5
Early Gestures,42,8,5,5,5
Early Gestures,43,8,5,5,6
Early Gestures,44,8,5,5,6
Early Gestures,45,8,5,5,6
Early Gestures,46,8,5,5,6
Early Gestures,47,8,5,5,6
Early Gestures,48,8,5,5,6
Early Gestures,49,8,6,5,6
Early Gestures,50,8,6,6,6
Early Gestures,51,8,6,6,7
Early Gestures,52,8,6,6,7
Early Gestures,53,8,6,6,7
Early Gestures,54,8,6,6,7
Early Gestures,55,8,6,6,7
Early Gestures,56,8,7,6,7
Early Gestures,57,8,7,7,7
Early Gestures,58,8,7,7,7
Early Gestures,59,8,7,7,8
Early Gestures,60,8,7,7,8
Early Gestures,61,8,7,7,8
Early Gestures,62,8,7,7,8
Early Gestures,63,8,7,7,8
Early Gestures,64,8,8,8,8
Early Gestures,65,8,8,8,8
Early Gestures,66,8,8,8,8
Early Gestures,67,8,8,8,9
Early Gestures,68,8,8,8,9
Early Gestures,69,8,8,8,9
Early Gestures,70,8,9,9,9
Early Gestures,71,8,9,9,9
Early Gestures,72,8,9,9,9
Early Gestures,73,8,9,9,9
Early Gestures,74,8,9,9,10
Early Gestures,75,8,9,9,10
Early Gestures,76,8,10,10,10
Early Gestures,77,8,10,10,10
Early Gestures,78,8,10,10,10
Early Gestures,79,8,10,10,10
Early Gestures,80,8,10,10,11
Early Gestures,81,8,11,11,11
Early Gestures,82,8,11,11,11
Early Gestures,83,8,11,11,11
Early Gestures,84,8,11,11,11
Early Gestures,85,8,11,12,11
Early Gestures,86,8,12,12,12
Early Gestures,87,8,12,12,12
Early Gestures,88,8,12,12,12
Early Gestures,89,8,12,13,12
Early Gestures,90,8,13,13,13
Early Gestures,91,8,13,13,13
Early Gestures,92,8,13,13,13
Early Gestures,93,8,13,14,13
Early Gestures,94,8,14,14,14
Early Gestures,95,8,14,14,14
Early Gestures,96,8,15,15,14
Early Gestures,97,8,15,15,15
Early Gestures,98,8,16,16,15
Early Gestures,99,8,16,17,16
Early Gestures,0,9,0,0,0
Early Gestures,1,9,0,0,1
Early Gestures,2,9,1,0,1
Early Gestures,3,9,1,0,1
Early Gestures,4,9,1,1,1
Early Gestures,5,9,1,1,2
Early Gestures,6,9,1,1,2
Early Gestures,7,9,1,1,2
Early Gestures,8,9,2,1,2
Early Gestures,9,9,2,1,2
Early Gestures,10,9,2,1,3
Early Gestures,11,9,2,2,3
Early Gestures,12,9,2,2,3
Early Gestures,13,9,2,2,3
Early Gestures,14,9,2,2,3
Early Gestures,15,9,3,2,3
Early Gestures,16,9,3,2,3
Early Gestures,17,9,3,2,4
Early Gestures,18,9,3,2,4
Early Gestures,19,9,3,3,4
Early Gestures,20,9,3,3,4
Early Gestures,21,9,3,3,4
Early Gestures,22,9,3,3,4
Early Gestures,23,9,4,3,4
Early Gestures,24,9,4,3,5
Early Gestures,25,9,4,3,5
Early Gestures,26,9,4,4,5
Early Gestures,27,9,4,4,5
Early Gestures,28,9,4,4,5
Early Gestures,29,9,4,4,5
Early Gestures,30,9,4,4,5
Early Gestures,31,9,5,4,5
Early Gestures,32,9,5,4,6
Early Gestures,33,9,5,4,6
Early Gestures,34,9,5,5,6
Early Gestures,35,9,5,5,6
Early Gestures,36,9,5,5,6
Early Gestures,37,9,5,5,6
Early Gestures,38,9,6,5,6
Early Gestures,39,9,6,5,6
Early Gestures,40,9,6,5,7
Early Gestures,41,9,6,5,7
Early Gestures,42,9,6,6,7
Early Gestures,43,9,6,6,7
Early Gestures,44,9,6,6,7
Early Gestures,45,9,6,6,7
Early Gestures,46,9,7,6,7
Early Gestures,47,9,7,6,7
Early Gestures,48,9,7,6,8
Early Gestures,49,9,7,7,8
Early Gestures,50,9,7,7,8
Early Gestures,51,9,7,7,8
Early Gestures,52,9,7,7,8
Early Gestures,53,9,8,7,8
Early Gestures,54,9,8,7,8
Early Gestures,55,9,8,7,8
Early Gestures,56,9,8,8,9
Early Gestures,57,9,8,8,9
Early Gestures,58,9,8,8,9
Early Gestures,59,9,8,8,9
Early Gestures,60,9,9,8,9
Early Gestures,61,9,9,8,9
Early Gestures,62,9,9,9,9
Early Gestures,63,9,9,9,9
Early Gestures,64,9,9,9,10
Early Gestures,65,9,9,9,10
Early Gestures,66,9,9,9,10
Early Gestures,67,9,10,9,10
Early Gestures,68,9,10,9,10
Early Gestures,69,9,10,10,10
Early Gestures,70,9,10,10,10
Early Gestures,71,9,10,10,11
Early Gestures,72,9,10,10,11
Early Gestures,73,9,10,10,11
Early Gestures,74,9,11,10,11
Early Gestures,75,9,11,11,11
Early Gestures,76,9,11,11,11
Early Gestures,77,9,11,11,11
Early Gestures,78,9,11,11,12
Early Gestures,79,9,12,11,12
Early Gestures,80,9,12,12,12
Early Gestures,81,9,12,12,12
Early Gestures,82,9,12,12,12
Early Gestures,83,9,12,12,12
Early Gestures,84,9,12,12,13
Early Gestures,85,9,13,13,13
Early Gestures,86,9,13,13,13
Early Gestures,87,9,13,13,13
Early Gestures,88,9,13,13,13
Early Gestures,89,9,14,14,13
Early Gestures,90,9,14,14,14
Early Gestures,91,9,14,14,14
Early Gestures,92,9,14,14,14
Early Gestures,93,9,15,15,14
Early Gestures,94,9,15,15,15
Early Gestures,95,9,15,15,15
Early Gestures,96,9,15,16,15
Early Gestures,97,9,16,16,16
Early Gestures,98,9,16,16,16
Early Gestures,99,9,17,17,17
Early Gestures,0,10,0,0,0
Early Gestures,1,10,1,0,1
Early Gestures,2,10,1,1,1
Early Gestures,3,10,1,1,2
Early Gestures,4,10,1,1,2
Early Gestures,5,10,2,1,2
Early Gestures,6,10,2,1,3
Early Gestures,7,10,2,2,3
Early Gestures,8,10,2,2,3
Early Gestures,9,10,2,2,3
Early Gestures,10,10,3,2,3
Early Gestures,11,10,3,2,4
Early Gestures,12,10,3,2,4
Early Gestures,13,10,3,3,4
Early Gestures,14,10,3,3,4
Early Gestures,15,10,3,3,4
Early Gestures,16,10,4,3,5
Early Gestures,17,10,4,3,5
Early Gestures,18,10,4,3,5
Early Gestures,19,10,4,3,5
Early Gestures,20,10,4,4,5
Early Gestures,21,10,4,4,5
Early Gestures,22,10,5,4,5
Early Gestures,23,10,5,4,6
Early Gestures,24,10,5,4,6
Early Gestures,25,10,5,4,6
Early Gestures,26,10,5,4,6
Early Gestures,27,10,5,5,6
Early Gestures,28,10,5,5,6
Early Gestures,29,10,6,5,6
Early Gestures,30,10,6,5,7
Early Gestures,31,10,6,5,7
Early Gestures,32,10,6,5,7
Early Gestures,33,10,6,5,7
Early Gestures,34,10,6,6,7
Early Gestures,35,10,6,6,7
Early Gestures,36,10,7,6,7
Early Gestures,37,10,7,6,8
Early Gestures,38,10,7,6,8
Early Gestures,39,10,7,6,8
Early Gestures,40,10,7,6,8
Early Gestures,41,10,7,7,8
Early Gestures,42,10,7,7,8
Early Gestures,43,10,8,7,8
Early Gestures,44,10,8,7,8
Early Gestures,45,10,8,7,9
Early Gestures,46,10,8,7,9
Early Gestures,47,10,8,8,9
Early Gestures,48,10,8,8,9
Early Gestures,49,10,8,8,9
Early Gestures,50,10,9,8,9
Early Gestures,51,10,9,8,9
Early Gestures,52,10,9,8,9
Early Gestures,53,10,9,8,10
Early Gestures,54,10,9,9,10
Early Gestures,55,10,9,9,10
Early Gestures,56,10,9,9,10
Early Gestures,57,10,9,9,10
Early Gestures,58,10,10,9,10
Early Gestures,59,10,10,9,10
Early Gestures,60,10,10,9,10
Early Gestures,61,10,10,10,11
Early Gestures,62,10,10,10,11
Early Gestures,63,10,10,10,11
Early Gestures,64,10,10,10,11
Early Gestures,65,10,11,10,11
Early Gestures,66,10,11,10,11
Early Gestures,67,10,11,11,11
Early Gestures,68,10,11,11,11
Early Gestures,69,10,11,11,12
Early Gestures,70,10,11,11,12
Early Gestures,71,10,12,11,12
Early Gestures,72,10,12,11,12
Early Gestures,73,10,12,11,12
Early Gestures,74,10,12,12,12
Early Gestures,75,10,12,12,12
Early Gestures,76,10,12,12,13
Early Gestures,77,10,12,12,13
Early Gestures,78,10,13,12,13
Early Gestures,79,10,13,13,13
Early Gestures,80,10,13,13,13
Early Gestures,81,10,13,13,13
Early Gestures,82,10,13,13,13
Early Gestures,83,10,13,13,14
Early Gestures,84,10,14,13,14
Early Gestures,85,10,14,14,14
Early Gestures,86,10,14,14,14
Early Gestures,87,10,14,14,14
Early Gestures,88,10,14,14,14
Early Gestures,89,10,15,14,15
Early Gestures,90,10,15,15,15
Early Gestures,91,10,15,15,15
Early Gestures,92,10,15,15,15
Early Gestures,93,10,15,15,15
Early Gestures,94,10,16,16,16
Early Gestures,95,10,16,16,16
Early Gestures,96,10,16,16,16
Early Gestures,97,10,17,17,16
Early Gestures,98,10,17,17,17
Early Gestures,99,10,17,17,17
Early Gestures,0,11,0,0,0
Early Gestures,1,11,1,1,1
Early Gestures,2,11,1,1,2
Early Gestures,3,11,2,1,2
Early Gestures,4,11,2,1,3
Early Gestures,5,11,2,2,3
Early Gestures,6,11,3,2,3
Early Gestures,7,11,3,2,4
Early Gestures,8,11,3,2,4
Early Gestures,9,11,3,2,4
Early Gestures,10,11,3,3,4
Early Gestures,11,11,4,3,5
Early Gestures,12,11,4,3,5
Early Gestures,13,11,4,3,5
Early Gestures,14,11,4,3,5
Early Gestures,15,11,4,4,6
Early Gestures,16,11,5,4,6
Early Gestures,17,11,5,4,6
Early Gestures,18,11,5,4,6
Early Gestures,19,11,5,4,6
Early Gestures,20,11,5,4,6
Early Gestures,21,11,6,5,7
Early Gestures,22,11,6,5,7
Early Gestures,23,11,6,5,7
Early Gestures,24,11,6,5,7
Early Gestures,25,11,6,5,7
Early Gestures,26,11,6,5,7
Early Gestures,27,11,7,6,7
Early Gestures,28,11,7,6,8
Early Gestures,29,11,7,6,8
Early Gestures,30,11,7,6,8
Early Gestures,31,11,7,6,8
Early Gestures,32,11,7,6,8
Early Gestures,33,11,7,7,8
Early Gestures,34,11,8,7,8
Early Gestures,35,11,8,7,9
Early Gestures,36,11,8,7,9
Early Gestures,37,11,8,7,9
Early Gestures,38,11,8,7,9
Early Gestures,39,11,8,7,9
Early Gestures,40,11,8,8,9
Early Gestures,41,11,9,8,9
Early Gestures,42,11,9,8,9
Early Gestures,43,11,9,8,10
Early Gestures,44,11,9,8,10
Early Gestures,45,11,9,8,10
Early Gestures,46,11,9,9,10
Early Gestures,47,11,9,9,10
Early Gestures,48,11,10,9,10
Early Gestures,49,11,10,9,10
Early Gestures,50,11,10,9,10
Early Gestures,51,11,10,9,11
Early Gestures,52,11,10,9,11
Early Gestures,53,11,10,10,11
Early Gestures,54,11,10,10,11
Early Gestures,55,11,11,10,11
Early Gestures,56,11,11,10,11
Early Gestures,57,11,11,10,11
Early Gestures,58,11,11,10,11
Early Gestures,59,11,11,10,12
Early Gestures,60,11,11,11,12
Early Gestures,61,11,11,11,12
Early Gestures,62,11,12,11,12
Early Gestures,63,11,12,11,12
Early Gestures,64,11,12,11,12
Early Gestures,65,11,12,11,12
Early Gestures,66,11,12,12,12
Early Gestures,67,11,12,12,13
Early Gestures,68,11,12,12,13
Early Gestures,69,11,12,12,13
Early Gestures,70,11,13,12,13
Early Gestures,71,11,13,12,13
Early Gestures,72,11,13,12,13
Early Gestures,73,11,13,13,13
Early Gestures,74,11,13,13,13
Early Gestures,75,11,13,13,14
Early Gestures,76,11,13,13,14
Early Gestures,77,11,14,13,14
Early Gestures,78,11,14,13,14
Early Gestures,79,11,14,14,14
Early Gestures,80,11,14,14,14
Early Gestures,81,11,14,14,14
Early Gestures,82,11,14,14,14
Early Gestures,83,11,15,14,15
Early Gestures,84,11,15,14,15
Early Gestures,85,11,15,15,15
Early Gestures,86,11,15,15,15
Early Gestures,87,11,15,15,15
Early Gestures,88,11,15,15,15
Early Gestures,89,11,15,15,15
Early Gestures,90,11,16,15,16
Early Gestures,91,11,16,16,16
Early Gestures,92,11,16,16,16
Early Gestures,93,11,16,16,16
Early Gestures,94,11,16,16,16
Early Gestures,95,11,17,16,16
Early Gestures,96,11,17,17,17
Early Gestures,97,11,17,17,17
Early Gestures,98,11,17,17,17
Early Gestures,99,11,18,18,17
Early Gestures,0,12,0,0,0
Early Gestures,1,12,1,1,2
Early Gestures,2,12,2,1,3
Early Gestures,3,12,2,2,3
Early Gestures,4,12,3,2,4
Early Gestures,5,12,3,2,4
Early Gestures,6,12,3,2,4
Early Gestures,7,12,4,3,5
Early Gestures,8,12,4,3,5
Early Gestures,9,12,4,3,5
Early Gestures,10,12,4,3,5
Early Gestures,11,12,5,4,6
Early Gestures,12,12,5,4,6
Early Gestures,13,12,5,4,6
Early Gestures,14,12,5,4,6
Early Gestures,15,12,6,4,7
Early Gestures,16,12,6,5,7
Early Gestures,17,12,6,5,7
Early Gestures,18,12,6,5,7
Early Gestures,19,12,6,5,7
Early Gestures,20,12,6,5,8
Early Gestures,21,12,7,6,8
Early Gestures,22,12,7,6,8
Early Gestures,23,12,7,6,8
Early Gestures,24,12,7,6,8
Early Gestures,25,12,7,6,8
Early Gestures,26,12,8,6,8
Early Gestures,27,12,8,7,9
Early Gestures,28,12,8,7,9
Early Gestures,29,12,8,7,9
Early Gestures,30,12,8,7,9
Early Gestures,31,12,8,7,9
Early Gestures,32,12,8,7,9
Early Gestures,33,12,9,8,10
Early Gestures,34,12,9,8,10
Early Gestures,35,12,9,8,10
Early Gestures,36,12,9,8,10
Early Gestures,37,12,9,8,10
Early Gestures,38,12,9,8,10
Early Gestures,39,12,10,9,10
Early Gestures,40,12,10,9,10
Early Gestures,41,12,10,9,11
Early Gestures,42,12,10,9,11
Early Gestures,43,12,10,9,11
Early Gestures,44,12,10,9,11
Early Gestures,45,12,10,9,11
Early Gestures,46,12,11,10,11
Early Gestures,47,12,11,10,11
Early Gestures,48,12,11,10,11
Early Gestures,49,12,11,10,12
Early Gestures,50,12,11,10,12
Early Gestures,51,12,11,10,12
Early Gestures,52,12,11,11,12
Early Gestures,53,12,11,11,12
Early Gestures,54,12,12,11,12
Early Gestures,55,12,12,11,12
Early Gestures,56,12,12,11,12
Early Gestures,57,12,12,11,12
Early Gestures,58,12,12,11,13
Early Gestures,59,12,12,12,13
Early Gestures,60,12,12,12,13
Early Gestures,61,12,13,12,13
Early Gestures,62,12,13,12,13
Early Gestures,63,12,13,12,13
Early Gestures,64,12,13,12,13
Early Gestures,65,12,13,12,13
Early Gestures,66,12,13,13,13
Early Gestures,67,12,13,13,14
Early Gestures,68,12,13,13,14
Early Gestures,69,12,14,13,14
Early Gestures,70,12,14,13,14
Early Gestures,71,12,14,13,14
Early Gestures,72,12,14,13,14
Early Gestures,73,12,14,14,14
Early Gestures,74,12,14,14,14
Early Gestures,75,12,14,14,14
Early Gestures,76,12,14,14,15
Early Gestures,77,12,15,14,15
Early Gestures,78,12,15,14,15
Early Gestures,79,12,15,14,15
Early Gestures,80,12,15,15,15
Early Gestures,81,12,15,15,15
Early Gestures,82,12,15,15,15
Early Gestures,83,12,15,15,15
Early Gestures,84,12,15,15,16
Early Gestures,85,12,16,15,16
Early Gestures,86,12,16,15,16
Early Gestures,87,12,16,16,16
Early Gestures,88,12,16,16,16
Early Gestures,89,12,16,16,16
Early Gestures,90,12,16,16,16
Early Gestures,91,12,16,16,16
Early Gestures,92,12,17,16,17
Early Gestures,93,12,17,17,17
Early Gestures,94,12,17,17,17
Early Gestures,95,12,17,17,17
Early Gestures,96,12,17,17,17
Early Gestures,97,12,17,17,17
Early Gestures,98,12,18,18,17
Early Gestures,99,12,18,18,18
Early Gestures,0,13,0,0,0
Early Gestures,1,13,2,1,3
Early Gestures,2,13,2,2,3
Early Gestures,3,13,3,2,4
Early Gestures,4,13,3,2,4
Early Gestures,5,13,4,3,5
Early Gestures,6,13,4,3,5
Early Gestures,7,13,4,3,6
Early Gestures,8,13,5,4,6
Early Gestures,9,13,5,4,6
Early Gestures,10,13,5,4,6
Early Gestures,11,13,6,4,7
Early Gestures,12,13,6,5,7
Early Gestures,13,13,6,5,7
Early Gestures,14,13,6,5,7
Early Gestures,15,13,6,5,8
Early Gestures,16,13,7,5,8
Early Gestures,17,13,7,6,8
Early Gestures,18,13,7,6,8
Early Gestures,19,13,7,6,8
Early Gestures,20,13,8,6,9
Early Gestures,21,13,8,7,9
Early Gestures,22,13,8,7,9
Early Gestures,23,13,8,7,9
Early Gestures,24,13,8,7,9
Early Gestures,25,13,8,7,9
Early Gestures,26,13,9,7,10
Early Gestures,27,13,9,8,10
Early Gestures,28,13,9,8,10
Early Gestures,29,13,9,8,10
Early Gestures,30,13,9,8,10
Early Gestures,31,13,9,8,10
Early Gestures,32,13,10,8,10
Early Gestures,33,13,10,9,11
Early Gestures,34,13,10,9,11
Early Gestures,35,13,10,9,11
Early Gestures,36,13,10,9,11
Early Gestures,37,13,10,9,11
Early Gestures,38,13,10,9,11
Early Gestures,39,13,11,10,11
Early Gestures,40,13,11,10,12
Early Gestures,41,13,11,10,12
Early Gestures,42,13,11,10,12
Early Gestures,43,13,11,10,12
Early Gestures,44,13,11,10,12
Early Gestures,45,13,11,11,12
Early Gestures,46,13,12,11,12
Early Gestures,47,13,12,11,12
Early Gestures,48,13,12,11,12
Early Gestures,49,13,12,11,13
Early Gestures,50,13,12,11,13
Early Gestures,51,13,12,11,13
Early Gestures,52,13,12,12,13
Early Gestures,53,13,13,12,13
Early Gestures,54,13,13,12,13
Early Gestures,55,13,13,12,13
Early Gestures,56,13,13,12,13
Early Gestures,57,13,13,12,13
Early Gestures,58,13,13,12,14
Early Gestures,59,13,13,13,14
Early Gestures,60,13,13,13,14
Early Gestures,61,13,13,13,14
Early Gestures,62,13,14,13,14
Early Gestures,63,13,14,13,14
Early Gestures,64,13,14,13,14
Early Gestures,65,13,14,13,14
Early Gestures,66,13,14,13,14
Early Gestures,67,13,14,14,15
Early Gestures,68,13,14,14,15
Early Gestures,69,13,14,14,15
Early Gestures,70,13,15,14,15
Early Gestures,71,13,15,14,15
Early Gestures,72,13,15,14,15
Early Gestures,73,13,15,14,15
Early Gestures,74,13,15,15,15
Early Gestures,75,13,15,15,15
Early Gestures,76,13,15,15,15
Early Gestures,77,13,15,15,15
Early Gestures,78,13,15,15,16
Early Gestures,79,13,16,15,16
Early Gestures,80,13,16,15,16
Early Gestures,81,13,16,15,16
Early Gestures,82,13,16,16,16
Early Gestures,83,13,16,16,16
Early Gestures,84,13,16,16,16
Early Gestures,85,13,16,16,16
Early Gestures,86,13,16,16,16
Early Gestures,87,13,16,16,16
Early Gestures,88,13,17,16,17
Early Gestures,89,13,17,16,17
Early Gestures,90,13,17,17,17
Early Gestures,91,13,17,17,17
Early Gestures,92,13,17,17,17
Early Gestures,93,13,17,17,17
Early Gestures,94,13,17,17,17
Early Gestures,95,13,17,17,17
Early Gestures,96,13,17,17,17
Early Gestures,97,13,18,18,18
Early Gestures,98,13,18,18,18
Early Gestures,99,13,18,18,18
Early Gestures,0,14,0,0,0
Early Gestures,1,14,2,1,3
Early Gestures,2,14,3,2,4
Early Gestures,3,14,3,2,5
Early Gestures,4,14,4,3,5
Early Gestures,5,14,4,3,6
Early Gestures,6,14,5,4,6
Early Gestures,7,14,5,4,6
Early Gestures,8,14,5,4,7
Early Gestures,9,14,6,5,7
Early Gestures,10,14,6,5,7
Early Gestures,11,14,6,5,8
Early Gestures,12,14,7,5,8
Early Gestures,13,14,7,6,8
Early Gestures,14,14,7,6,8
Early Gestures,15,14,7,6,9
Early Gestures,16,14,8,6,9
Early Gestures,17,14,8,7,9
Early Gestures,18,14,8,7,9
Early Gestures,19,14,8,7,9
Early Gestures,20,14,8,7,10
Early Gestures,21,14,9,7,10
Early Gestures,22,14,9,8,10
Early Gestures,23,14,9,8,10
Early Gestures,24,14,9,8,10
Early Gestures,25,14,9,8,10
Early Gestures,26,14,10,8,11
Early Gestures,27,14,10,9,11
Early Gestures,28,14,10,9,11
Early Gestures,29,14,10,9,11
Early Gestures,30,14,10,9,11
Early Gestures,31,14,10,9,11
Early Gestures,32,14,11,9,11
Early Gestures,33,14,11,10,12
Early Gestures,34,14,11,10,12
Early Gestures,35,14,11,10,12
Early Gestures,36,14,11,10,12
Early Gestures,37,14,11,10,12
Early Gestures,38,14,11,10,12
Early Gestures,39,14,12,11,12
Early Gestures,40,14,12,11,13
Early Gestures,41,14,12,11,13
Early Gestures,42,14,12,11,13
Early Gestures,43,14,12,11,13
Early Gestures,44,14,12,11,13
Early Gestures,45,14,12,11,13
Early Gestures,46,14,12,12,13
Early Gestures,47,14,13,12,13
Early Gestures,48,14,13,12,13
Early Gestures,49,14,13,12,14
Early Gestures,50,14,13,12,14
Early Gestures,51,14,13,12,14
Early Gestures,52,14,13,12,14
Early Gestures,53,14,13,13,14
Early Gestures,54,14,13,13,14
Early Gestures,55,14,14,13,14
Early Gestures,56,14,14,13,14
Early Gestures,57,14,14,13,14
Early Gestures,58,14,14,13,14
Early Gestures,59,14,14,13,15
Early Gestures,60,14,14,14,15
Early Gestures,61,14,14,14,15
Early Gestures,62,14,14,14,15
Early Gestures,63,14,14,14,15
Early Gestures,64,14,15,14,15
Early Gestures,65,14,15,14,15
Early Gestures,66,14,15,14,15
Early Gestures,67,14,15,14,15
Early Gestures,68,14,15,15,15
Early Gestures,69,14,15,15,15
Early Gestures,70,14,15,15,16
Early Gestures,71,14,15,15,16
Early Gestures,72,14,15,15,16
Early Gestures,73,14,16,15,16
Early Gestures,74,14,16,15,16
Early Gestures,75,14,16,15,16
Early Gestures,76,14,16,15,16
Early Gestures,77,14,16,16,16
Early Gestures,78,14,16,16,16
Early Gestures,79,14,16,16,16
Early Gestures,80,14,16,16,16
Early Gestures,81,14,16,16,16
Early Gestures,82,14,16,16,17
Early Gestures,83,14,17,16,17
Early Gestures,84,14,17,16,17
Early Gestures,85,14,17,16,17
Early Gestures,86,14,17,17,17
Early Gestures,87,14,17,17,17
Early Gestures,88,14,17,17,17
Early Gestures,89,14,17,17,17
Early Gestures,90,14,17,17,17
Early Gestures,91,14,17,17,17
Early Gestures,92,14,17,17,17
Early Gestures,93,14,17,17,17
Early Gestures,94,14,17,17,17
Early Gestures,95,14,18,18,18
Early Gestures,96,14,18,18,18
Early Gestures,97,14,18,18,18
Early Gestures,98,14,18,18,18
Early Gestures,99,14,18,18,18
Early Gestures,0,15,0,0,0
Early Gestures,1,15,2,2,4
Early Gestures,2,15,3,2,5
Early Gestures,3,15,4,3,5
Early Gestures,4,15,5,3,6
Early Gestures,5,15,5,4,7
Early Gestures,6,15,5,4,7
Early Gestures,7,15,6,4,7
Early Gestures,8,15,6,5,8
Early Gestures,9,15,6,5,8
Early Gestures,10,15,7,5,8
Early Gestures,11,15,7,6,9
Early Gestures,12,15,7,6,9
Early Gestures,13,15,8,6,9
Early Gestures,14,15,8,7,9
Early Gestures,15,15,8,7,10
Early Gestures,16,15,8,7,10
Early Gestures,17,15,9,7,10
Early Gestures,18,15,9,8,10
Early Gestures,19,15,9,8,10
Early Gestures,20,15,9,8,11
Early Gestures,21,15,9,8,11
Early Gestures,22,15,10,8,11
Early Gestures,23,15,10,9,11
Early Gestures,24,15,10,9,11
Early Gestures,25,15,10,9,11
Early Gestures,26,15,10,9,12
Early Gestures,27,15,11,9,12
Early Gestures,28,15,11,10,12
Early Gestures,29,15,11,10,12
Early Gestures,30,15,11,10,12
Early Gestures,31,15,11,10,12
Early Gestures,32,15,11,10,12
Early Gestures,33,15,11,10,13
Early Gestures,34,15,12,11,13
Early Gestures,35,15,12,11,13
Early Gestures,36,15,12,11,13
Early Gestures,37,15,12,11,13
Early Gestures,38,15,12,11,13
Early Gestures,39,15,12,11,13
Early Gestures,40,15,12,12,13
Early Gestures,41,15,13,12,13
Early Gestures,42,15,13,12,14
Early Gestures,43,15,13,12,14
Early Gestures,44,15,13,12,14
Early Gestures,45,15,13,12,14
Early Gestures,46,15,13,12,14
Early Gestures,47,15,13,13,14
Early Gestures,48,15,13,13,14
Early Gestures,49,15,14,13,14
Early Gestures,50,15,14,13,14
Early Gestures,51,15,14,13,15
Early Gestures,52,15,14,13,15
Early Gestures,53,15,14,13,15
Early Gestures,54,15,14,13,15
Early Gestures,55,15,14,14,15
Early Gestures,56,15,14,14,15
Early Gestures,57,15,14,14,15
Early Gestures,58,15,15,14,15
Early Gestures,59,15,15,14,15
Early Gestures,60,15,15,14,15
Early Gestures,61,15,15,14,15
Early Gestures,62,15,15,14,15
Early Gestures,63,15,15,15,16
Early Gestures,64,15,15,15,16
Early Gestures,65,15,15,15,16
Early Gestures,66,15,15,15,16
Early Gestures,67,15,16,15,16
Early Gestures,68,15,16,15,16
Early Gestures,69,15,16,15,16
Early Gestures,70,15,16,15,16
Early Gestures,71,15,16,15,16
Early Gestures,72,15,16,16,16
Early Gestures,73,15,16,16,16
Early Gestures,74,15,16,16,16
Early Gestures,75,15,16,16,16
Early Gestures,76,15,16,16,17
Early Gestures,77,15,16,16,17
Early Gestures,78,15,16,16,17
Early Gestures,79,15,17,16,17
Early Gestures,80,15,17,16,17
Early Gestures,81,15,17,16,17
Early Gestures,82,15,17,17,17
Early Gestures,83,15,17,17,17
Early Gestures,84,15,17,17,17
Early Gestures,85,15,17,17,17
Early Gestures,86,15,17,17,17
Early Gestures,87,15,17,17,17
Early Gestures,88,15,17,17,17
Early Gestures,89,15,17,17,17
Early Gestures,90,15,17,17,17
Early Gestures,91,15,17,17,18
Early Gestures,92,15,18,17,18
Early Gestures,93,15,18,18,18
Early Gestures,94,15,18,18,18
Early Gestures,95,15,18,18,18
Early Gestures,96,15,18,18,18
Early Gestures,97,15,18,18,18
Early Gestures,98,15,18,18,18
Early Gestures,99,15,18,18,18
Early Gestures,0,16,0,0,0
Early Gestures,1,16,3,2,4
Early Gestures,2,16,4,3,5
Early Gestures,3,16,4,3,6
Early Gestures,4,16,5,4,7
Early Gestures,5,16,6,4,7
Early Gestures,6,16,6,5,8
Early Gestures,7,16,6,5,8
Early Gestures,8,16,7,5,8
Early Gestures,9,16,7,6,9
Early Gestures,10,16,7,6,9
Early Gestures,11,16,8,6,9
Early Gestures,12,16,8,7,10
Early Gestures,13,16,8,7,10
Early Gestures,14,16,9,7,10
Early Gestures,15,16,9,8,10
Early Gestures,16,16,9,8,11
Early Gestures,17,16,9,8,11
Early Gestures,18,16,10,8,11
Early Gestures,19,16,10,8,11
Early Gestures,20,16,10,9,11
Early Gestures,21,16,10,9,12
Early Gestures,22,16,10,9,12
Early Gestures,23,16,11,9,12
Early Gestures,24,16,11,10,12
Early Gestures,25,16,11,10,12
Early Gestures,26,16,11,10,12
Early Gestures,27,16,11,10,13
Early Gestures,28,16,11,10,13
Early Gestures,29,16,12,10,13
Early Gestures,30,16,12,11,13
Early Gestures,31,16,12,11,13
Early Gestures,32,16,12,11,13
Early Gestures,33,16,12,11,13
Early Gestures,34,16,12,11,13
Early Gestures,35,16,12,11,14
Early Gestures,36,16,13,12,14
Early Gestures,37,16,13,12,14
Early Gestures,38,16,13,12,14
Early Gestures,39,16,13,12,14
Early Gestures,40,16,13,12,14
Early Gestures,41,16,13,12,14
Early Gestures,42,16,13,13,14
Early Gestures,43,16,14,13,14
Early Gestures,44,16,14,13,15
Early Gestures,45,16,14,13,15
Early Gestures,46,16,14,13,15
Early Gestures,47,16,14,13,15
Early Gestures,48,16,14,13,15
Early Gestures,49,16,14,13,15
Early Gestures,50,16,14,14,15
Early Gestures,51,16,14,14,15
Early Gestures,52,16,15,14,15
Early Gestures,53,16,15,14,15
Early Gestures,54,16,15,14,15
Early Gestures,55,16,15,14,16
Early Gestures,56,16,15,14,16
Early Gestures,57,16,15,14,16
Early Gestures,58,16,15,15,16
Early Gestures,59,16,15,15,16
Early Gestures,60,16,15,15,16
Early Gestures,61,16,15,15,16
Early Gestures,62,16,16,15,16
Early Gestures,63,16,16,15,16
Early Gestures,64,16,16,15,16
Early Gestures,65,16,16,15,16
Early Gestures,66,16,16,15,16
Early Gestures,67,16,16,16,16
Early Gestures,68,16,16,16,16
Early Gestures,69,16,16,16,17
Early Gestures,70,16,16,16,17
Early Gestures,71,16,16,16,17
Early Gestures,72,16,16,16,17
Early Gestures,73,16,16,16,17
Early Gestures,74,16,17,16,17
Early Gestures,75,16,17,16,17
Early Gestures,76,16,17,16,17
Early Gestures,77,16,17,16,17
Early Gestures,78,16,17,17,17
Early Gestures,79,16,17,17,17
Early Gestures,80,16,17,17,17
Early Gestures,81,16,17,17,17
Early Gestures,82,16,17,17,17
Early Gestures,83,16,17,17,17
Early Gestures,84,16,17,17,17
Early Gestures,85,16,17,17,17
Early Gestures,86,16,17,17,17
Early Gestures,87,16,17,17,18
Early Gestures,88,16,17,17,18
Early Gestures,89,16,18,17,18
Early Gestures,90,16,18,17,18
Early Gestures,91,16,18,18,18
Early Gestures,92,16,18,18,18
Early Gestures,93,16,18,18,18
Early Gestures,94,16,18,18,18
Early Gestures,95,16,18,18,18
Early Gestures,96,16,18,18,18
Early Gestures,97,16,18,18,18
Early Gestures,98,16,18,18,18
Early Gestures,99,16,18,18,18
Early Gestures,0,17,0,0,0
Early Gestures,1,17,3,2,5
Early Gestures,2,17,4,3,6
Early Gestures,3,17,5,4,7
Early Gestures,4,17,6,4,7
Early Gestures,5,17,6,5,8
Early Gestures,6,17,7,5,8
Early Gestures,7,17,7,6,9
Early Gestures,8,17,7,6,9
Early Gestures,9,17,8,6,10
Early Gestures,10,17,8,7,10
Early Gestures,11,17,8,7,10
Early Gestures,12,17,9,7,10
Early Gestures,13,17,9,8,11
Early Gestures,14,17,9,8,11
Early Gestures,15,17,9,8,11
Early Gestures,16,17,10,8,11
Early Gestures,17,17,10,9,12
Early Gestures,18,17,10,9,12
Early Gestures,19,17,10,9,12
Early Gestures,20,17,11,9,12
Early Gestures,21,17,11,10,12
Early Gestures,22,17,11,10,13
Early Gestures,23,17,11,10,13
Early Gestures,24,17,11,10,13
Early Gestures,25,17,12,10,13
Early Gestures,26,17,12,11,13
Early Gestures,27,17,12,11,13
Early Gestures,28,17,12,11,13
Early Gestures,29,17,12,11,14
Early Gestures,30,17,12,11,14
Early Gestures,31,17,13,12,14
Early Gestures,32,17,13,12,14
Early Gestures,33,17,13,12,14
Early Gestures,34,17,13,12,14
Early Gestures,35,17,13,12,14
Early Gestures,36,17,13,12,14
Early Gestures,37,17,13,12,14
Early Gestures,38,17,13,13,15
Early Gestures,39,17,14,13,15
Early Gestures,40,17,14,13,15
Early Gestures,41,17,14,13,15
Early Gestures,42,17,14,13,15
Early Gestures,43,17,14,13,15
Early Gestures,44,17,14,13,15
Early Gestures,45,17,14,14,15
Early Gestures,46,17,14,14,15
Early Gestures,47,17,15,14,15
Early Gestures,48,17,15,14,16
Early Gestures,49,17,15,14,16
Early Gestures,50,17,15,14,16
Early Gestures,51,17,15,14,16
Early Gestures,52,17,15,14,16
Early Gestures,53,17,15,15,16
Early Gestures,54,17,15,15,16
Early Gestures,55,17,15,15,16
Early Gestures,56,17,15,15,16
Early Gestures,57,17,16,15,16
Early Gestures,58,17,16,15,16
Early Gestures,59,17,16,15,16
Early Gestures,60,17,16,15,16
Early Gestures,61,17,16,15,16
Early Gestures,62,17,16,16,17
Early Gestures,63,17,16,16,17
Early Gestures,64,17,16,16,17
Early Gestures,65,17,16,16,17
Early Gestures,66,17,16,16,17
Early Gestures,67,17,16,16,17
Early Gestures,68,17,16,16,17
Early Gestures,69,17,17,16,17
Early Gestures,70,17,17,16,17
Early Gestures,71,17,17,16,17
Early Gestures,72,17,17,16,17
Early Gestures,73,17,17,16,17
Early Gestures,74,17,17,17,17
Early Gestures,75,17,17,17,17
Early Gestures,76,17,17,17,17
Early Gestures,77,17,17,17,17
Early Gestures,78,17,17,17,17
Early Gestures,79,17,17,17,17
Early Gestures,80,17,17,17,17
Early Gestures,81,17,17,17,17
Early Gestures,82,17,17,17,18
Early Gestures,83,17,17,17,18
Early Gestures,84,17,17,17,18
Early Gestures,85,17,17,17,18
Early Gestures,86,17,18,17,18
Early Gestures,87,17,18,17,18
Early Gestures,88,17,18,18,18
Early Gestures,89,17,18,18,18
Early Gestures,90,17,18,18,18
Early Gestures,91,17,18,18,18
Early Gestures,92,17,18,18,18
Early Gestures,93,17,18,18,18
Early Gestures,94,17,18,18,18
Early Gestures,95,17,18,18,18
Early Gestures,96,17,18,18,18
Early Gestures,97,17,18,18,18
Early Gestures,98,17,18,18,18
Early Gestures,99,17,18,18,18
Early Gestures,0,18,0,0,0
Early Gestures,1,18,4,2,5
Early Gestures,2,18,5,3,7
Early Gestures,3,18,5,4,7
Early Gestures,4,18,6,5,8
Early Gestures,5,18,7,5,9
Early Gestures,6,18,7,6,9
Early Gestures,7,18,8,6,10
Early Gestures,8,18,8,7,10
Early Gestures,9,18,8,7,10
Early Gestures,10,18,9,7,11
Early Gestures,11,18,9,8,11
Early Gestures,12,18,9,8,11
Early Gestures,13,18,10,8,11
Early Gestures,14,18,10,9,12
Early Gestures,15,18,10,9,12
Early Gestures,16,18,10,9,12
Early Gestures,17,18,11,9,12
Early Gestures,18,18,11,10,13
Early Gestures,19,18,11,10,13
Early Gestures,20,18,11,10,13
Early Gestures,21,18,11,10,13
Early Gestures,22,18,12,11,13
Early Gestures,23,18,12,11,13
Early Gestures,24,18,12,11,14
Early Gestures,25,18,12,11,14
Early Gestures,26,18,12,11,14
Early Gestures,27,18,13,11,14
Early Gestures,28,18,13,12,14
Early Gestures,29,18,13,12,14
Early Gestures,30,18,13,12,14
Early Gestures,31,18,13,12,14
Early Gestures,32,18,13,12,15
Early Gestures,33,18,13,12,15
Early Gestures,34,18,14,13,15
Early Gestures,35,18,14,13,15
Early Gestures,36,18,14,13,15
Early Gestures,37,18,14,13,15
Early Gestures,38,18,14,13,15
Early Gestures,39,18,14,13,15
Early Gestures,40,18,14,14,15
Early Gestures,41,18,14,14,15
Early Gestures,42,18,15,14,16
Early Gestures,43,18,15,14,16
Early Gestures,44,18,15,14,16
Early Gestures,45,18,15,14,16
Early Gestures,46,18,15,14,16
Early Gestures,47,18,15,14,16
Early Gestures,48,18,15,15,16
Early Gestures,49,18,15,15,16
Early Gestures,50,18,15,15,16
Early Gestures,51,18,15,15,16
Early Gestures,52,18,16,15,16
Early Gestures,53,18,16,15,16
Early Gestures,54,18,16,15,16
Early Gestures,55,18,16,15,17
Early Gestures,56,18,16,15,17
Early Gestures,57,18,16,15,17
Early Gestures,58,18,16,16,17
Early Gestures,59,18,16,16,17
Early Gestures,60,18,16,16,17
Early Gestures,61,18,16,16,17
Early Gestures,62,18,16,16,17
Early Gestures,63,18,16,16,17
Early Gestures,64,18,16,16,17
Early Gestures,65,18,17,16,17
Early Gestures,66,18,17,16,17
Early Gestures,67,18,17,16,17
Early Gestures,68,18,17,16,17
Early Gestures,69,18,17,17,17
Early Gestures,70,18,17,17,17
Early Gestures,71,18,17,17,17
Early Gestures,72,18,17,17,17
Early Gestures,73,18,17,17,17
Early Gestures,74,18,17,17,17
Early Gestures,75,18,17,17,17
Early Gestures,76,18,17,17,18
Early Gestures,77,18,17,17,18
Early Gestures,78,18,17,17,18
Early Gestures,79,18,17,17,18
Early Gestures,80,18,17,17,18
Early Gestures,81,18,17,17,18
Early Gestures,82,18,18,17,18
Early Gestures,83,18,18,17,18
Early Gestures,84,18,18,17,18
Early Gestures,85,18,18,18,18
Early Gestures,86,18,18,18,18
Early Gestures,87,18,18,18,18
Early Gestures,88,18,18,18,18
Early Gestures,89,18,18,18,18
Early Gestures,90,18,18,18,18
Early Gestures,91,18,18,18,18
Early Gestures,92,18,18,18,18
Early Gestures,93,18,18,18,18
Early Gestures,94,18,18,18,18
Early Gestures,95,18,18,18,18
Early Gestures,96,18,18,18,18
Early Gestures,97,18,18,18,18
Early Gestures,98,18,18,18,18
Early Gestures,99,18,18,18,18
Later Gestures,0,8,0,0,0
Later Gestures,1,8,0,0,0
Later Gestures,2,8,0,0,0
Later Gestures,3,8,0,0,0
Later Gestures,4,8,0,0,0
Later Gestures,5,8,0,0,0
Later Gestures,6,8,0,0,0
Later Gestures,7,8,0,0,0
Later Gestures,8,8,0,0,0
Later Gestures,9,8,0,0,0
Later Gestures,10,8,0,0,0
Later Gestures,11,8,0,0,0
Later Gestures,12,8,0,0,0
Later Gestures,13,8,0,0,0
Later Gestures,14,8,0,0,0
Later Gestures,15,8,0,0,0
Later Gestures,16,8,0,0,0
Later Gestures,17,8,0,0,1
Later Gestures,18,8,1,1,1
Later Gestures,19,8,1,1,1
Later Gestures,20,8,1,1,1
Later Gestures,21,8,1,1,1
Later Gestures,22,8,1,1,1
Later Gestures,23,8,1,1,1
Later Gestures,24,8,1,1,1
Later Gestures,25,8,1,1,1
Later Gestures,26,8,1,1,1
Later Gestures,27,8,1,1,1
Later Gestures,28,8,1,1,1
Later Gestures,29,8,1,1,1
Later Gestures,30,8,1,1,1
Later Gestures,31,8,1,1,1
Later Gestures,32,8,1,1,1
Later Gestures,33,8,1,1,1
Later Gestures,34,8,1,2,2
Later Gestures,35,8,2,2,2
Later Gestures,36,8,2,2,2
Later Gestures,37,8,2,2,2
Later Gestures,38,8,2,2,2
Later Gestures,39,8,2,2,2
Later Gestures,40,8,2,2,2
Later Gestures,41,8,2,2,2
Later Gestures,42,8,2,2,2
Later Gestures,43,8,2,2,2
Later Gestures,44,8,2,2,2
Later Gestures,45,8,2,3,3
Later Gestures,46,8,2,3,3
Later Gestures,47,8,3,3,3
Later Gestures,48,8,3,3,3
Later Gestures,49,8,3,3,3
Later Gestures,50,8,3,3,3
Later Gestures,51,8,3,3,3
Later Gestures,52,8,3,3,3
Later Gestures,53,8,3,4,3
Later Gestures,54,8,3,4,3
Later Gestures,55,8,3,4,4
Later Gestures,56,8,4,4,4
Later Gestures,57,8,4,4,4
Later Gestures,58,8,4,4,4
Later Gestures,59,8,4,4,4
Later Gestures,60,8,4,4,4
Later Gestures,61,8,4,5,4
Later Gestures,62,8,4,5,5
Later Gestures,63,8,4,5,5
Later Gestures,64,8,5,5,5
Later Gestures,65,8,5,5,5
Later Gestures,66,8,5,5,5
Later Gestures,67,8,5,6,5
Later Gestures,68,8,5,6,5
Later Gestures,69,8,5,6,6
Later Gestures,70,8,6,6,6
Later Gestures,71,8,6,6,6
Later Gestures,72,8,6,7,6
Later Gestures,73,8,6,7,6
Later Gestures,74,8,6,7,7
Later Gestures,75,8,7,7,7
Later Gestures,76,8,7,8,7
Later Gestures,77,8,7,8,7
Later Gestures,78,8,7,8,8
Later Gestures,79,8,8,8,8
Later Gestures,80,8,8,9,8
Later Gestures,81,8,8,9,8
Later Gestures,82,8,8,9,9
Later Gestures,83,8,9,10,9
Later Gestures,84,8,9,10,9
Later Gestures,85,8,9,11,10
Later Gestures,86,8,10,11,10
Later Gestures,87,8,10,11,10
Later Gestures,88,8,11,12,11
Later Gestures,89,8,11,12,11
Later Gestures,90,8,12,13,12
Later Gestures,91,8,12,14,12
Later Gestures,92,8,13,14,13
Later Gestures,93,8,13,15,14
Later Gestures,94,8,14,16,14
Later Gestures,95,8,15,17,15
Later Gestures,96,8,16,18,16
Later Gestures,97,8,17,19,18
Later Gestures,98,8,19,21,19
Later Gestures,99,8,22,24,22
Later Gestures,0,9,0,0,0
Later Gestures,1,9,0,0,0
Later Gestures,2,9,0,0,0
Later Gestures,3,9,0,0,0
Later Gestures,4,9,0,0,0
Later Gestures,5,9,0,0,0
Later Gestures,6,9,0,0,0
Later Gestures,7,9,0,0,0
Later Gestures,8,9,0,0,0
Later Gestures,9,9,0,0,1
Later Gestures,10,9,1,0,1
Later Gestures,11,9,1,1,1
Later Gestures,12,9,1,1,1
Later Gestures,13,9,1,1,1
Later Gestures,14,9,1,1,1
Later Gestures,15,9,1,1,1
Later Gestures,16,9,1,1,1
Later Gestures,17,9,1,1,1
Later Gestures,18,9,1,1,1
Later Gestures,19,9,1,1,1
Later Gestures,20,9,1,1,1
Later Gestures,21,9,1,1,1
Later Gestures,22,9,1,1,2
Later Gestures,23,9,1,1,2
Later Gestures,24,9,2,2,2
Later Gestures,25,9,2,2,2
Later Gestures,26,9,2,2,2
Later Gestures,27,9,2,2,2
Later Gestures,28,9,2,2,2
Later Gestures,29,9,2,2,2
Later Gestures,30,9,2,2,2
Later Gestures,31,9,2,2,2
Later Gestures,32,9,2,2,2
Later Gestures,33,9,2,2,3
Later Gestures,34,9,3,3,3
Later Gestures,35,9,3,3,3
Later Gestures,36,9,3,3,3
Later Gestures,37,9,3,3,3
Later Gestures,38,9,3,3,3
Later Gestures,39,9,3,3,3
Later Gestures,40,9,3,3,3
Later Gestures,41,9,3,3,3
Later Gestures,42,9,3,4,4
Later Gestures,43,9,4,4,4
Later Gestures,44,9,4,4,4
Later Gestures,45,9,4,4,4
Later Gestures,46,9,4,4,4
Later Gestures,47,9,4,4,4
Later Gestures,48,9,4,4,4
Later Gestures,49,9,4,4,4
Later Gestures,50,9,4,5,5
Later Gestures,51,9,5,5,5
Later Gestures,52,9,5,5,5
Later Gestures,53,9,5,5,5
Later Gestures,54,9,5,5,5
Later Gestures,55,9,5,5,5
Later Gestures,56,9,5,6,6
Later Gestures,57,9,5,6,6
Later Gestures,58,9,6,6,6
Later Gestures,59,9,6,6,6
Later Gestures,60,9,6,6,6
Later Gestures,61,9,6,7,6
Later Gestures,62,9,6,7,7
Later Gestures,63,9,7,7,7
Later Gestures,64,9,7,7,7
Later Gestures,65,9,7,7,7
Later Gestures,66,9,7,8,7
Later Gestures,67,9,7,8,7
Later Gestures,68,9,7,8,8
Later Gestures,69,9,8,8,8
Later Gestures,70,9,8,8,8
Later Gestures,71,9,8,9,8
Later Gestures,72,9,8,9,9
Later Gestures,73,9,9,9,9
Later Gestures,74,9,9,9,9
Later Gestures,75,9,9,10,9
Later Gestures,76,9,9,10,10
Later Gestures,77,9,10,10,10
Later Gestures,78,9,10,11,10
Later Gestures,79,9,10,11,10
Later Gestures,80,9,11,11,11
Later Gestures,81,9,11,12,11
Later Gestures,82,9,11,12,11
Later Gestures,83,9,12,12,12
Later Gestures,84,9,12,13,12
Later Gestures,85,9,12,13,12
Later Gestures,86,9,13,14,13
Later Gestures,87,9,13,14,13
Later Gestures,88,9,14,15,14
Later Gestures,89,9,14,15,14
Later Gestures,90,9,15,16,15
Later Gestures,91,9,15,17,15
Later Gestures,92,9,16,17,16
Later Gestures,93,9,17,18,17
Later Gestures,94,9,17,19,17
Later Gestures,95,9,18,20,18
Later Gestures,96,9,19,21,19
Later Gestures,97,9,21,23,21
Later Gestures,98,9,23,24,23
Later Gestures,99,9,25,27,25
Later Gestures,0,10,0,0,0
Later Gestures,1,10,0,0,0
Later Gestures,2,10,0,0,0
Later Gestures,3,10,0,0,0
Later Gestures,4,10,0,0,1
Later Gestures,5,10,1,0,1
Later Gestures,6,10,1,1,1
Later Gestures,7,10,1,1,1
Later Gestures,8,10,1,1,1
Later Gestures,9,10,1,1,1
Later Gestures,10,10,1,1,1
Later Gestures,11,10,1,1,1
Later Gestures,12,10,1,1,1
Later Gestures,13,10,1,1,2
Later Gestures,14,10,2,1,2
Later Gestures,15,10,2,1,2
Later Gestures,16,10,2,2,2
Later Gestures,17,10,2,2,2
Later Gestures,18,10,2,2,2
Later Gestures,19,10,2,2,2
Later Gestures,20,10,2,2,2
Later Gestures,21,10,2,2,3
Later Gestures,22,10,3,2,3
Later Gestures,23,10,3,2,3
Later Gestures,24,10,3,3,3
Later Gestures,25,10,3,3,3
Later Gestures,26,10,3,3,3
Later Gestures,27,10,3,3,3
Later Gestures,28,10,3,3,3
Later Gestures,29,10,3,3,4
Later Gestures,30,10,4,3,4
Later Gestures,31,10,4,3,4
Later Gestures,32,10,4,4,4
Later Gestures,33,10,4,4,4
Later Gestures,34,10,4,4,4
Later Gestures,35,10,4,4,4
Later Gestures,36,10,4,4,5
Later Gestures,37,10,5,4,5
Later Gestures,38,10,5,5,5
Later Gestures,39,10,5,5,5
Later Gestures,40,10,5,5,5
Later Gestures,41,10,5,5,5
Later Gestures,42,10,5,5,5
Later Gestures,43,10,5,5,6
Later Gestures,44,10,6,5,6
Later Gestures,45,10,6,6,6
Later Gestures,46,10,6,6,6
Later Gestures,47,10,6,6,6
Later Gestures,48,10,6,6,6
Later Gestures,49,10,6,6,7
Later Gestures,50,10,7,7,7
Later Gestures,51,10,7,7,7
Later Gestures,52,10,7,7,7
Later Gestures,53,10,7,7,7
Later Gestures,54,10,7,7,7
Later Gestures,55,10,7,8,8
Later Gestures,56,10,8,8,8
Later Gestures,57,10,8,8,8
Later Gestures,58,10,8,8,8
Later Gestures,59,10,8,8,8
Later Gestures,60,10,8,9,9
Later Gestures,61,10,9,9,9
Later Gestures,62,10,9,9,9
Later Gestures,63,10,9,9,9
Later Gestures,64,10,9,10,9
Later Gestures,65,10,10,10,10
Later Gestures,66,10,10,10,10
Later Gestures,67,10,10,10,10
Later Gestures,68,10,10,11,10
Later Gestures,69,10,11,11,11
Later Gestures,70,10,11,11,11
Later Gestures,71,10,11,11,11
Later Gestures,72,10,11,12,11
Later Gestures,73,10,12,12,12
Later Gestures,74,10,12,12,12
Later Gestures,75,10,12,13,12
Later Gestures,76,10,12,13,12
Later Gestures,77,10,13,13,13
Later Gestures,78,10,13,14,13
Later Gestures,79,10,13,14,13
Later Gestures,80,10,14,14,14
Later Gestures,81,10,14,15,14
Later Gestures,82,10,14,15,14
Later Gestures,83,10,15,16,15
Later Gestures,84,10,15,16,15
Later Gestures,85,10,16,16,16
Later Gestures,86,10,16,17,16
Later Gestures,87,10,17,17,17
Later Gestures,88,10,17,18,17
Later Gestures,89,10,18,19,18
Later Gestures,90,10,18,19,18
Later Gestures,91,10,19,20,19
Later Gestures,92,10,20,21,19
Later Gestures,93,10,20,21,20
Later Gestures,94,10,21,22,21
Later Gestures,95,10,22,23,22
Later Gestures,96,10,23,25,23
Later Gestures,97,10,25,26,24
Later Gestures,98,10,26,28,26
Later Gestures,99,10,29,31,29
Later Gestures,0,11,0,0,0
Later Gestures,1,11,0,0,0
Later Gestures,2,11,0,0,1
Later Gestures,3,11,1,0,1
Later Gestures,4,11,1,1,1
Later Gestures,5,11,1,1,1
Later Gestures,6,11,1,1,1
Later Gestures,7,11,1,1,2
Later Gestures,8,11,2,1,2
Later Gestures,9,11,2,1,2
Later Gestures,10,11,2,2,2
Later Gestures,11,11,2,2,2
Later Gestures,12,11,2,2,3
Later Gestures,13,11,2,2,3
Later Gestures,14,11,3,2,3
Later Gestures,15,11,3,2,3
Later Gestures,16,11,3,3,3
Later Gestures,17,11,3,3,3
Later Gestures,18,11,3,3,4
Later Gestures,19,11,3,3,4
Later Gestures,20,11,4,3,4
Later Gestures,21,11,4,3,4
Later Gestures,22,11,4,4,4
Later Gestures,23,11,4,4,4
Later Gestures,24,11,4,4,5
Later Gestures,25,11,5,4,5
Later Gestures,26,11,5,4,5
Later Gestures,27,11,5,4,5
Later Gestures,28,11,5,5,5
Later Gestures,29,11,5,5,5
Later Gestures,30,11,5,5,6
Later Gestures,31,11,6,5,6
Later Gestures,32,11,6,5,6
Later Gestures,33,11,6,5,6
Later Gestures,34,11,6,6,6
Later Gestures,35,11,6,6,7
Later Gestures,36,11,6,6,7
Later Gestures,37,11,7,6,7
Later Gestures,38,11,7,6,7
Later Gestures,39,11,7,7,7
Later Gestures,40,11,7,7,7
Later Gestures,41,11,7,7,8
Later Gestures,42,11,8,7,8
Later Gestures,43,11,8,7,8
Later Gestures,44,11,8,8,8
Later Gestures,45,11,8,8,8
Later Gestures,46,11,8,8,9
Later Gestures,47,11,9,8,9
Later Gestures,48,11,9,8,9
Later Gestures,49,11,9,9,9
Later Gestures,50,11,9,9,9
Later Gestures,51,11,9,9,10
Later Gestures,52,11,10,9,10
Later Gestures,53,11,10,10,10
Later Gestures,54,11,10,10,10
Later Gestures,55,11,10,10,10
Later Gestures,56,11,11,10,11
Later Gestures,57,11,11,11,11
Later Gestures,58,11,11,11,11
Later Gestures,59,11,11,11,11
Later Gestures,60,11,11,11,12
Later Gestures,61,11,12,12,12
Later Gestures,62,11,12,12,12
Later Gestures,63,11,12,12,12
Later Gestures,64,11,12,12,12
Later Gestures,65,11,13,13,13
Later Gestures,66,11,13,13,13
Later Gestures,67,11,13,13,13
Later Gestures,68,11,14,13,14
Later Gestures,69,11,14,14,14
Later Gestures,70,11,14,14,14
Later Gestures,71,11,14,14,14
Later Gestures,72,11,15,15,15
Later Gestures,73,11,15,15,15
Later Gestures,74,11,15,15,15
Later Gestures,75,11,16,16,16
Later Gestures,76,11,16,16,16
Later Gestures,77,11,16,16,16
Later Gestures,78,11,17,17,17
Later Gestures,79,11,17,17,17
Later Gestures,80,11,17,18,17
Later Gestures,81,11,18,18,18
Later Gestures,82,11,18,19,18
Later Gestures,83,11,19,19,18
Later Gestures,84,11,19,19,19
Later Gestures,85,11,20,20,19
Later Gestures,86,11,20,20,20
Later Gestures,87,11,20,21,20
Later Gestures,88,11,21,22,21
Later Gestures,89,11,22,22,21
Later Gestures,90,11,22,23,22
Later Gestures,91,11,23,23,22
Later Gestures,92,11,24,24,23
Later Gestures,93,11,24,25,24
Later Gestures,94,11,25,26,25
Later Gestures,95,11,26,27,26
Later Gestures,96,11,27,28,27
Later Gestures,97,11,29,30,28
Later Gestures,98,11,30,31,29
Later Gestures,99,11,33,34,32
Later Gestures,0,12,0,0,0
Later Gestures,1,12,1,0,1
Later Gestures,2,12,1,1,1
Later Gestures,3,12,1,1,2
Later Gestures,4,12,2,1,2
Later Gestures,5,12,2,1,2
Later Gestures,6,12,2,2,3
Later Gestures,7,12,2,2,3
Later Gestures,8,12,3,2,3
Later Gestures,9,12,3,2,3
Later Gestures,10,12,3,2,4
Later Gestures,11,12,3,3,4
Later Gestures,12,12,4,3,4
Later Gestures,13,12,4,3,4
Later Gestures,14,12,4,3,5
Later Gestures,15,12,4,4,5
Later Gestures,16,12,4,4,5
Later Gestures,17,12,5,4,5
Later Gestures,18,12,5,4,5
Later Gestures,19,12,5,4,6
Later Gestures,20,12,5,5,6
Later Gestures,21,12,6,5,6
Later Gestures,22,12,6,5,6
Later Gestures,23,12,6,5,7
Later Gestures,24,12,6,5,7
Later Gestures,25,12,6,6,7
Later Gestures,26,12,7,6,7
Later Gestures,27,12,7,6,7
Later Gestures,28,12,7,6,8
Later Gestures,29,12,7,7,8
Later Gestures,30,12,8,7,8
Later Gestures,31,12,8,7,8
Later Gestures,32,12,8,7,8
Later Gestures,33,12,8,7,9
Later Gestures,34,12,8,8,9
Later Gestures,35,12,9,8,9
Later Gestures,36,12,9,8,9
Later Gestures,37,12,9,8,10
Later Gestures,38,12,9,9,10
Later Gestures,39,12,10,9,10
Later Gestures,40,12,10,9,10
Later Gestures,41,12,10,9,10
Later Gestures,42,12,10,10,11
Later Gestures,43,12,11,10,11
Later Gestures,44,12,11,10,11
Later Gestures,45,12,11,10,11
Later Gestures,46,12,11,11,12
Later Gestures,47,12,11,11,12
Later Gestures,48,12,12,11,12
Later Gestures,49,12,12,11,12
Later Gestures,50,12,12,12,12
Later Gestures,51,12,12,12,13
Later Gestures,52,12,13,12,13
Later Gestures,53,12,13,12,13
Later Gestures,54,12,13,13,13
Later Gestures,55,12,13,13,14
Later Gestures,56,12,14,13,14
Later Gestures,57,12,14,13,14
Later Gestures,58,12,14,14,14
Later Gestures,59,12,15,14,15
Later Gestures,60,12,15,14,15
Later Gestures,61,12,15,15,15
Later Gestures,62,12,15,15,15
Later Gestures,63,12,16,15,16
Later Gestures,64,12,16,15,16
Later Gestures,65,12,16,16,16
Later Gestures,66,12,17,16,16
Later Gestures,67,12,17,16,17
Later Gestures,68,12,17,17,17
Later Gestures,69,12,17,17,17
Later Gestures,70,12,18,17,18
Later Gestures,71,12,18,18,18
Later Gestures,72,12,18,18,18
Later Gestures,73,12,19,18,19
Later Gestures,74,12,19,19,19
Later Gestures,75,12,19,19,19
Later Gestures,76,12,20,20,20
Later Gestures,77,12,20,20,20
Later Gestures,78,12,21,20,20
Later Gestures,79,12,21,21,21
Later Gestures,80,12,21,21,21
Later Gestures,81,12,22,22,21
Later Gestures,82,12,22,22,22
Later Gestures,83,12,23,23,22
Later Gestures,84,12,23,23,23
Later Gestures,85,12,24,24,23
Later Gestures,86,12,24,24,24
Later Gestures,87,12,25,25,24
Later Gestures,88,12,25,25,24
Later Gestures,89,12,26,26,25
Later Gestures,90,12,26,27,26
Later Gestures,91,12,27,27,26
Later Gestures,92,12,28,28,27
Later Gestures,93,12,28,29,28
Later Gestures,94,12,29,30,28
Later Gestures,95,12,30,31,29
Later Gestures,96,12,31,32,30
Later Gestures,97,12,32,33,31
Later Gestures,98,12,34,35,33
Later Gestures,99,12,36,37,35
Later Gestures,0,13,0,0,0
Later Gestures,1,13,1,1,1
Later Gestures,2,13,1,1,2
Later Gestures,3,13,2,1,3
Later Gestures,4,13,2,2,3
Later Gestures,5,13,3,2,3
Later Gestures,6,13,3,2,4
Later Gestures,7,13,3,3,4
Later Gestures,8,13,4,3,5
Later Gestures,9,13,4,3,5
Later Gestures,10,13,4,3,5
Later Gestures,11,13,5,4,6
Later Gestures,12,13,5,4,6
Later Gestures,13,13,5,4,6
Later Gestures,14,13,6,5,7
Later Gestures,15,13,6,5,7
Later Gestures,16,13,6,5,7
Later Gestures,17,13,7,5,7
Later Gestures,18,13,7,6,8
Later Gestures,19,13,7,6,8
Later Gestures,20,13,7,6,8
Later Gestures,21,13,8,6,8
Later Gestures,22,13,8,7,9
Later Gestures,23,13,8,7,9
Later Gestures,24,13,8,7,9
Later Gestures,25,13,9,8,10
Later Gestures,26,13,9,8,10
Later Gestures,27,13,9,8,10
Later Gestures,28,13,10,8,10
Later Gestures,29,13,10,9,11
Later Gestures,30,13,10,9,11
Later Gestures,31,13,10,9,11
Later Gestures,32,13,11,9,11
Later Gestures,33,13,11,10,12
Later Gestures,34,13,11,10,12
Later Gestures,35,13,11,10,12
Later Gestures,36,13,12,10,12
Later Gestures,37,13,12,11,13
Later Gestures,38,13,12,11,13
Later Gestures,39,13,12,11,13
Later Gestures,40,13,13,12,13
Later Gestures,41,13,13,12,14
Later Gestures,42,13,13,12,14
Later Gestures,43,13,14,12,14
Later Gestures,44,13,14,13,14
Later Gestures,45,13,14,13,15
Later Gestures,46,13,14,13,15
Later Gestures,47,13,15,14,15
Later Gestures,48,13,15,14,15
Later Gestures,49,13,15,14,16
Later Gestures,50,13,15,14,16
Later Gestures,51,13,16,15,16
Later Gestures,52,13,16,15,16
Later Gestures,53,13,16,15,17
Later Gestures,54,13,17,16,17
Later Gestures,55,13,17,16,17
Later Gestures,56,13,17,16,17
Later Gestures,57,13,17,16,18
Later Gestures,58,13,18,17,18
Later Gestures,59,13,18,17,18
Later Gestures,60,13,18,17,18
Later Gestures,61,13,19,18,19
Later Gestures,62,13,19,18,19
Later Gestures,63,13,19,18,19
Later Gestures,64,13,20,19,20
Later Gestures,65,13,20,19,20
Later Gestures,66,13,20,19,20
Later Gestures,67,13,21,20,21
Later Gestures,68,13,21,20,21
Later Gestures,69,13,21,20,21
Later Gestures,70,13,22,21,21
Later Gestures,71,13,22,21,22
Later Gestures,72,13,22,22,22
Later Gestures,73,13,23,22,22
Later Gestures,74,13,23,22,23
Later Gestures,75,13,23,23,23
Later Gestures,76,13,24,23,23
Later Gestures,77,13,24,24,24
Later Gestures,78,13,24,24,24
Later Gestures,79,13,25,24,24
Later Gestures,80,13,25,25,25
Later Gestures,81,13,26,25,25
Later Gestures,82,13,26,26,26
Later Gestures,83,13,27,26,26
Later Gestures,84,13,27,27,26
Later Gestures,85,13,28,27,27
Later Gestures,86,13,28,28,27
Later Gestures,87,13,29,28,28
Later Gestures,88,13,29,29,28
Later Gestures,89,13,30,29,29
Later Gestures,90,13,30,30,29
Later Gestures,91,13,31,31,30
Later Gestures,92,13,31,31,31
Later Gestures,93,13,32,32,31
Later Gestures,94,13,33,33,32
Later Gestures,95,13,34,34,33
Later Gestures,96,13,35,35,34
Later Gestures,97,13,36,36,35
Later Gestures,98,13,37,38,36
Later Gestures,99,13,39,39,38
Later Gestures,0,14,0,0,0
Later Gestures,1,14,1,1,2
Later Gestures,2,14,2,1,3
Later Gestures,3,14,3,2,4
Later Gestures,4,14,3,2,4
Later Gestures,5,14,4,3,5
Later Gestures,6,14,4,3,6
Later Gestures,7,14,5,4,6
Later Gestures,8,14,5,4,6
Later Gestures,9,14,6,4,7
Later Gestures,10,14,6,5,7
Later Gestures,11,14,6,5,8
Later Gestures,12,14,7,5,8
Later Gestures,13,14,7,6,8
Later Gestures,14,14,7,6,9
Later Gestures,15,14,8,6,9
Later Gestures,16,14,8,7,10
Later Gestures,17,14,8,7,10
Later Gestures,18,14,9,7,10
Later Gestures,19,14,9,8,11
Later Gestures,20,14,9,8,11
Later Gestures,21,14,10,8,11
Later Gestures,22,14,10,9,11
Later Gestures,23,14,10,9,12
Later Gestures,24,14,11,9,12
Later Gestures,25,14,11,10,12
Later Gestures,26,14,11,10,13
Later Gestures,27,14,12,10,13
Later Gestures,28,14,12,11,13
Later Gestures,29,14,12,11,14
Later Gestures,30,14,13,11,14
Later Gestures,31,14,13,11,14
Later Gestures,32,14,13,12,14
Later Gestures,33,14,14,12,15
Later Gestures,34,14,14,12,15
Later Gestures,35,14,14,13,15
Later Gestures,36,14,14,13,16
Later Gestures,37,14,15,13,16
Later Gestures,38,14,15,14,16
Later Gestures,39,14,15,14,16
Later Gestures,40,14,16,14,17
Later Gestures,41,14,16,15,17
Later Gestures,42,14,16,15,17
Later Gestures,43,14,17,15,17
Later Gestures,44,14,17,15,18
Later Gestures,45,14,17,16,18
Later Gestures,46,14,17,16,18
Later Gestures,47,14,18,16,19
Later Gestures,48,14,18,17,19
Later Gestures,49,14,18,17,19
Later Gestures,50,14,19,17,19
Later Gestures,51,14,19,18,20
Later Gestures,52,14,19,18,20
Later Gestures,53,14,20,18,20
Later Gestures,54,14,20,19,21
Later Gestures,55,14,20,19,21
Later Gestures,56,14,21,19,21
Later Gestures,57,14,21,20,21
Later Gestures,58,14,21,20,22
Later Gestures,59,14,21,20,22
Later Gestures,60,14,22,21,22
Later Gestures,61,14,22,21,23
Later Gestures,62,14,22,21,23
Later Gestures,63,14,23,22,23
Later Gestures,64,14,23,22,23
Later Gestures,65,14,23,22,24
Later Gestures,66,14,24,23,24
Later Gestures,67,14,24,23,24
Later Gestures,68,14,24,23,25
Later Gestures,69,14,25,24,25
Later Gestures,70,14,25,24,25
Later Gestures,71,14,25,25,26
Later Gestures,72,14,26,25,26
Later Gestures,73,14,26,25,26
Later Gestures,74,14,27,26,27
Later Gestures,75,14,27,26,27
Later Gestures,76,14,27,26,27
Later Gestures,77,14,28,27,28
Later Gestures,78,14,28,27,28
Later Gestures,79,14,29,28,28
Later Gestures,80,14,29,28,29
Later Gestures,81,14,29,29,29
Later Gestures,82,14,30,29,29
Later Gestures,83,14,30,30,30
Later Gestures,84,14,31,30,30
Later Gestures,85,14,31,31,31
Later Gestures,86,14,32,31,31
Later Gestures,87,14,32,32,32
Later Gestures,88,14,33,32,32
Later Gestures,89,14,33,33,32
Later Gestures,90,14,34,33,33
Later Gestures,91,14,34,34,34
Later Gestures,92,14,35,35,34
Later Gestures,93,14,35,35,35
Later Gestures,94,14,36,36,35
Later Gestures,95,14,37,37,36
Later Gestures,96,14,38,38,37
Later Gestures,97,14,39,39,38
Later Gestures,98,14,40,40,39
Later Gestures,99,14,41,41,40
Later Gestures,0,15,0,0,0
Later Gestures,1,15,2,1,3
Later Gestures,2,15,3,2,4
Later Gestures,3,15,4,3,5
Later Gestures,4,15,4,3,6
Later Gestures,5,15,5,4,7
Later Gestures,6,15,6,4,7
Later Gestures,7,15,6,5,8
Later Gestures,8,15,7,5,9
Later Gestures,9,15,7,6,9
Later Gestures,10,15,8,6,10
Later Gestures,11,15,8,6,10
Later Gestures,12,15,8,7,11
Later Gestures,13,15,9,7,11
Later Gestures,14,15,9,8,11
Later Gestures,15,15,10,8,12
Later Gestures,16,15,10,8,12
Later Gestures,17,15,11,9,13
Later Gestures,18,15,11,9,13
Later Gestures,19,15,11,10,13
Later Gestures,20,15,12,10,14
Later Gestures,21,15,12,10,14
Later Gestures,22,15,12,11,14
Later Gestures,23,15,13,11,15
Later Gestures,24,15,13,11,15
Later Gestures,25,15,13,12,15
Later Gestures,26,15,14,12,16
Later Gestures,27,15,14,12,16
Later Gestures,28,15,15,13,16
Later Gestures,29,15,15,13,17
Later Gestures,30,15,15,13,17
Later Gestures,31,15,16,14,17
Later Gestures,32,15,16,14,18
Later Gestures,33,15,16,14,18
Later Gestures,34,15,17,15,18
Later Gestures,35,15,17,15,19
Later Gestures,36,15,17,15,19
Later Gestures,37,15,18,16,19
Later Gestures,38,15,18,16,19
Later Gestures,39,15,18,16,20
Later Gestures,40,15,19,17,20
Later Gestures,41,15,19,17,20
Later Gestures,42,15,19,17,21
Later Gestures,43,15,19,18,21
Later Gestures,44,15,20,18,21
Later Gestures,45,15,20,18,22
Later Gestures,46,15,20,19,22
Later Gestures,47,15,21,19,22
Later Gestures,48,15,21,19,22
Later Gestures,49,15,21,20,23
Later Gestures,50,15,22,20,23
Later Gestures,51,15,22,20,23
Later Gestures,52,15,22,21,24
Later Gestures,53,15,23,21,24
Later Gestures,54,15,23,22,24
Later Gestures,55,15,23,22,24
Later Gestures,56,15,24,22,25
Later Gestures,57,15,24,23,25
Later Gestures,58,15,24,23,25
Later Gestures,59,15,25,23,26
Later Gestures,60,15,25,24,26
Later Gestures,61,15,25,24,26
Later Gestures,62,15,26,24,26
Later Gestures,63,15,26,25,27
Later Gestures,64,15,26,25,27
Later Gestures,65,15,27,25,27
Later Gestures,66,15,27,26,28
Later Gestures,67,15,27,26,28
Later Gestures,68,15,28,26,28
Later Gestures,69,15,28,27,29
Later Gestures,70,15,28,27,29
Later Gestures,71,15,29,28,29
Later Gestures,72,15,29,28,30
Later Gestures,73,15,29,28,30
Later Gestures,74,15,30,29,30
Later Gestures,75,15,30,29,30
Later Gestures,76,15,31,29,31
Later Gestures,77,15,31,30,31
Later Gestures,78,15,31,30,31
Later Gestures,79,15,32,31,32
Later Gestures,80,15,32,31,32
Later Gestures,81,15,32,32,33
Later Gestures,82,15,33,32,33
Later Gestures,83,15,33,32,33
Later Gestures,84,15,34,33,34
Later Gestures,85,15,34,33,34
Later Gestures,86,15,35,34,34
Later Gestures,87,15,35,34,35
Later Gestures,88,15,35,35,35
Later Gestures,89,15,36,35,36
Later Gestures,90,15,36,36,36
Later Gestures,91,15,37,36,37
Later Gestures,92,15,37,37,37
Later Gestures,93,15,38,38,38
Later Gestures,94,15,39,38,38
Later Gestures,95,15,39,39,39
Later Gestures,96,15,40,40,39
Later Gestures,97,15,41,40,40
Later Gestures,98,15,42,41,41
Later Gestures,99,15,43,43,42
Later Gestures,0,16,0,0,0
Later Gestures,1,16,3,2,4
Later Gestures,2,16,4,3,6
Later Gestures,3,16,5,3,7
Later Gestures,4,16,5,4,8
Later Gestures,5,16,6,5,9
Later Gestures,6,16,7,5,10
Later Gestures,7,16,8,6,10
Later Gestures,8,16,8,7,11
Later Gestures,9,16,9,7,11
Later Gestures,10,16,9,8,12
Later Gestures,11,16,10,8,13
Later Gestures,12,16,10,8,13
Later Gestures,13,16,11,9,14
Later Gestures,14,16,11,9,14
Later Gestures,15,16,12,10,15
Later Gestures,16,16,12,10,15
Later Gestures,17,16,13,11,15
Later Gestures,18,16,13,11,16
Later Gestures,19,16,13,12,16
Later Gestures,20,16,14,12,17
Later Gestures,21,16,14,12,17
Later Gestures,22,16,15,13,17
Later Gestures,23,16,15,13,18
Later Gestures,24,16,15,14,18
Later Gestures,25,16,16,14,19
Later Gestures,26,16,16,14,19
Later Gestures,27,16,17,15,19
Later Gestures,28,16,17,15,20
Later Gestures,29,16,17,15,20
Later Gestures,30,16,18,16,20
Later Gestures,31,16,18,16,21
Later Gestures,32,16,18,17,21
Later Gestures,33,16,19,17,21
Later Gestures,34,16,19,17,22
Later Gestures,35,16,20,18,22
Later Gestures,36,16,20,18,22
Later Gestures,37,16,20,18,23
Later Gestures,38,16,21,19,23
Later Gestures,39,16,21,19,23
Later Gestures,40,16,21,19,24
Later Gestures,41,16,22,20,24
Later Gestures,42,16,22,20,24
Later Gestures,43,16,22,20,24
Later Gestures,44,16,23,21,25
Later Gestures,45,16,23,21,25
Later Gestures,46,16,23,21,25
Later Gestures,47,16,24,22,26
Later Gestures,48,16,24,22,26
Later Gestures,49,16,24,22,26
Later Gestures,50,16,25,23,27
Later Gestures,51,16,25,23,27
Later Gestures,52,16,25,24,27
Later Gestures,53,16,26,24,27
Later Gestures,54,16,26,24,28
Later Gestures,55,16,26,25,28
Later Gestures,56,16,27,25,28
Later Gestures,57,16,27,25,29
Later Gestures,58,16,27,26,29
Later Gestures,59,16,28,26,29
Later Gestures,60,16,28,26,29
Later Gestures,61,16,28,27,30
Later Gestures,62,16,29,27,30
Later Gestures,63,16,29,27,30
Later Gestures,64,16,29,28,31
Later Gestures,65,16,30,28,31
Later Gestures,66,16,30,28,31
Later Gestures,67,16,30,29,31
Later Gestures,68,16,31,29,32
Later Gestures,69,16,31,29,32
Later Gestures,70,16,31,30,32
Later Gestures,71,16,32,30,33
Later Gestures,72,16,32,31,33
Later Gestures,73,16,32,31,33
Later Gestures,74,16,33,31,33
Later Gestures,75,16,33,32,34
Later Gestures,76,16,33,32,34
Later Gestures,77,16,34,32,34
Later Gestures,78,16,34,33,35
Later Gestures,79,16,34,33,35
Later Gestures,80,16,35,34,35
Later Gestures,81,16,35,34,36
Later Gestures,82,16,35,34,36
Later Gestures,83,16,36,35,36
Later Gestures,84,16,36,35,37
Later Gestures,85,16,37,36,37
Later Gestures,86,16,37,36,37
Later Gestures,87,16,37,37,38
Later Gestures,88,16,38,37,38
Later Gestures,89,16,38,37,38
Later Gestures,90,16,39,38,39
Later Gestures,91,16,39,38,39
Later Gestures,92,16,39,39,40
Later Gestures,93,16,40,39,40
Later Gestures,94,16,40,40,40
Later Gestures,95,16,41,41,41
Later Gestures,96,16,42,41,41
Later Gestures,97,16,42,42,42
Later Gestures,98,16,43,43,43
Later Gestures,99,16,44,43,43
Later Gestures,0,17,0,0,0
Later Gestures,1,17,3,2,6
Later Gestures,2,17,5,3,7
Later Gestures,3,17,6,4,9
Later Gestures,4,17,7,5,10
Later Gestures,5,17,8,6,11
Later Gestures,6,17,8,7,12
Later Gestures,7,17,9,7,13
Later Gestures,8,17,10,8,13
Later Gestures,9,17,10,9,14
Later Gestures,10,17,11,9,15
Later Gestures,11,17,12,10,15
Later Gestures,12,17,12,10,16
Later Gestures,13,17,13,11,16
Later Gestures,14,17,13,11,17
Later Gestures,15,17,14,12,17
Later Gestures,16,17,14,12,18
Later Gestures,17,17,15,13,18
Later Gestures,18,17,15,13,19
Later Gestures,19,17,16,14,19
Later Gestures,20,17,16,14,20
Later Gestures,21,17,17,14,20
Later Gestures,22,17,17,15,21
Later Gestures,23,17,17,15,21
Later Gestures,24,17,18,16,21
Later Gestures,25,17,18,16,22
Later Gestures,26,17,19,17,22
Later Gestures,27,17,19,17,22
Later Gestures,28,17,19,17,23
Later Gestures,29,17,20,18,23
Later Gestures,30,17,20,18,24
Later Gestures,31,17,21,18,24
Later Gestures,32,17,21,19,24
Later Gestures,33,17,21,19,25
Later Gestures,34,17,22,20,25
Later Gestures,35,17,22,20,25
Later Gestures,36,17,22,20,26
Later Gestures,37,17,23,21,26
Later Gestures,38,17,23,21,26
Later Gestures,39,17,24,21,27
Later Gestures,40,17,24,22,27
Later Gestures,41,17,24,22,27
Later Gestures,42,17,25,23,28
Later Gestures,43,17,25,23,28
Later Gestures,44,17,25,23,28
Later Gestures,45,17,26,24,28
Later Gestures,46,17,26,24,29
Later Gestures,47,17,26,24,29
Later Gestures,48,17,27,25,29
Later Gestures,49,17,27,25,30
Later Gestures,50,17,27,25,30
Later Gestures,51,17,28,26,30
Later Gestures,52,17,28,26,30
Later Gestures,53,17,28,26,31
Later Gestures,54,17,29,27,31
Later Gestures,55,17,29,27,31
Later Gestures,56,17,29,27,32
Later Gestures,57,17,30,28,32
Later Gestures,58,17,30,28,32
Later Gestures,59,17,30,28,32
Later Gestures,60,17,30,29,33
Later Gestures,61,17,31,29,33
Later Gestures,62,17,31,29,33
Later Gestures,63,17,31,30,33
Later Gestures,64,17,32,30,34
Later Gestures,65,17,32,30,34
Later Gestures,66,17,32,31,34
Later Gestures,67,17,33,31,35
Later Gestures,68,17,33,32,35
Later Gestures,69,17,33,32,35
Later Gestures,70,17,34,32,35
Later Gestures,71,17,34,33,36
Later Gestures,72,17,34,33,36
Later Gestures,73,17,35,33,36
Later Gestures,74,17,35,34,36
Later Gestures,75,17,35,34,37
Later Gestures,76,17,36,34,37
Later Gestures,77,17,36,35,37
Later Gestures,78,17,36,35,38
Later Gestures,79,17,37,35,38
Later Gestures,80,17,37,36,38
Later Gestures,81,17,37,36,38
Later Gestures,82,17,37,36,39
Later Gestures,83,17,38,37,39
Later Gestures,84,17,38,37,39
Later Gestures,85,17,39,38,39
Later Gestures,86,17,39,38,40
Later Gestures,87,17,39,38,40
Later Gestures,88,17,40,39,40
Later Gestures,89,17,40,39,41
Later Gestures,90,17,40,40,41
Later Gestures,91,17,41,40,41
Later Gestures,92,17,41,40,42
Later Gestures,93,17,41,41,42
Later Gestures,94,17,42,41,42
Later Gestures,95,17,42,42,43
Later Gestures,96,17,43,42,43
Later Gestures,97,17,43,43,43
Later Gestures,98,17,44,43,44
Later Gestures,99,17,44,44,44
Later Gestures,0,18,0,0,0
Later Gestures,1,18,4,3,7
Later Gestures,2,18,6,4,9
Later Gestures,3,18,7,5,11
Later Gestures,4,18,8,6,12
Later Gestures,5,18,9,7,13
Later Gestures,6,18,10,8,14
Later Gestures,7,18,11,9,15
Later Gestures,8,18,12,10,16
Later Gestures,9,18,12,10,17
Later Gestures,10,18,13,11,17
Later Gestures,11,18,14,11,18
Later Gestures,12,18,14,12,19
Later Gestures,13,18,15,13,19
Later Gestures,14,18,15,13,20
Later Gestures,15,18,16,14,20
Later Gestures,16,18,16,14,21
Later Gestures,17,18,17,15,21
Later Gestures,18,18,17,15,22
Later Gestures,19,18,18,16,22
Later Gestures,20,18,18,16,23
Later Gestures,21,18,19,17,23
Later Gestures,22,18,19,17,24
Later Gestures,23,18,20,18,24
Later Gestures,24,18,20,18,24
Later Gestures,25,18,21,18,25
Later Gestures,26,18,21,19,25
Later Gestures,27,18,22,19,26
Later Gestures,28,18,22,20,26
Later Gestures,29,18,22,20,26
Later Gestures,30,18,23,20,27
Later Gestures,31,18,23,21,27
Later Gestures,32,18,23,21,27
Later Gestures,33,18,24,22,28
Later Gestures,34,18,24,22,28
Later Gestures,35,18,25,22,29
Later Gestures,36,18,25,23,29
Later Gestures,37,18,25,23,29
Later Gestures,38,18,26,24,29
Later Gestures,39,18,26,24,30
Later Gestures,40,18,26,24,30
Later Gestures,41,18,27,25,30
Later Gestures,42,18,27,25,31
Later Gestures,43,18,27,25,31
Later Gestures,44,18,28,26,31
Later Gestures,45,18,28,26,32
Later Gestures,46,18,28,26,32
Later Gestures,47,18,29,27,32
Later Gestures,48,18,29,27,32
Later Gestures,49,18,29,27,33
Later Gestures,50,18,30,28,33
Later Gestures,51,18,30,28,33
Later Gestures,52,18,30,28,34
Later Gestures,53,18,31,29,34
Later Gestures,54,18,31,29,34
Later Gestures,55,18,31,29,34
Later Gestures,56,18,32,30,35
Later Gestures,57,18,32,30,35
Later Gestures,58,18,32,30,35
Later Gestures,59,18,33,31,35
Later Gestures,60,18,33,31,36
Later Gestures,61,18,33,31,36
Later Gestures,62,18,33,32,36
Later Gestures,63,18,34,32,36
Later Gestures,64,18,34,32,37
Later Gestures,65,18,34,33,37
Later Gestures,66,18,35,33,37
Later Gestures,67,18,35,33,37
Later Gestures,68,18,35,34,38
Later Gestures,69,18,36,34,38
Later Gestures,70,18,36,34,38
Later Gestures,71,18,36,35,38
Later Gestures,72,18,36,35,39
Later Gestures,73,18,37,35,39
Later Gestures,74,18,37,36,39
Later Gestures,75,18,37,36,39
Later Gestures,76,18,38,36,39
Later Gestures,77,18,38,37,40
Later Gestures,78,18,38,37,40
Later Gestures,79,18,38,37,40
Later Gestures,80,18,39,38,40
Later Gestures,81,18,39,38,41
Later Gestures,82,18,39,38,41
Later Gestures,83,18,40,39,41
Later Gestures,84,18,40,39,41
Later Gestures,85,18,40,39,41
Later Gestures,86,18,40,40,42
Later Gestures,87,18,41,40,42
Later Gestures,88,18,41,40,42
Later Gestures,89,18,41,41,42
Later Gestures,90,18,42,41,43
Later Gestures,91,18,42,41,43
Later Gestures,92,18,42,42,43
Later Gestures,93,18,43,42,43
Later Gestures,94,18,43,42,43
Later Gestures,95,18,43,43,44
Later Gestures,96,18,43,43,44
Later Gestures,97,18,44,43,44
Later Gestures,98,18,44,44,44
Later Gestures,99,18,45,44,45
Total Gestures,0,8,0,0,0
Total Gestures,1,8,0,0,0
Total Gestures,2,8,0,0,1
Total Gestures,3,8,1,1,1
Total Gestures,4,8,1,1,1
Total Gestures,5,8,1,1,1
Total Gestures,6,8,1,1,1
Total Gestures,7,8,1,1,1
Total Gestures,8,8,1,1,2
Total Gestures,9,8,1,2,2
Total Gestures,10,8,2,2,2
Total Gestures,11,8,2,2,2
Total Gestures,12,8,2,2,2
Total Gestures,13,8,2,2,2
Total Gestures,14,8,2,2,3
Total Gestures,15,8,2,2,3
Total Gestures,16,8,3,3,3
Total Gestures,17,8,3,3,3
Total Gestures,18,8,3,3,3
Total Gestures,19,8,3,3,3
Total Gestures,20,8,3,3,4
Total Gestures,21,8,3,3,4
Total Gestures,22,8,3,4,4
Total Gestures,23,8,4,4,4
Total Gestures,24,8,4,4,4
Total Gestures,25,8,4,4,4
Total Gestures,26,8,4,4,5
Total Gestures,27,8,4,4,5
Total Gestures,28,8,4,5,5
Total Gestures,29,8,5,5,5
Total Gestures,30,8,5,5,5
Total Gestures,31,8,5,5,5
Total Gestures,32,8,5,5,6
Total Gestures,33,8,5,6,6
Total Gestures,34,8,5,6,6
Total Gestures,35,8,6,6,6
Total Gestures,36,8,6,6,6
Total Gestures,37,8,6,6,7
Total Gestures,38,8,6,6,7
Total Gestures,39,8,6,7,7
Total Gestures,40,8,7,7,7
Total Gestures,41,8,7,7,7
Total Gestures,42,8,7,7,7
Total Gestures,43,8,7,7,8
Total Gestures,44,8,7,8,8
Total Gestures,45,8,8,8,8
Total Gestures,46,8,8,8,8
Total Gestures,47,8,8,8,8
Total Gestures,48,8,8,9,9
Total Gestures,49,8,8,9,9
Total Gestures,50,8,9,9,9
Total Gestures,51,8,9,9,9
Total Gestures,52,8,9,9,10
Total Gestures,53,8,9,10,10
Total Gestures,54,8,9,10,10
Total Gestures,55,8,10,10,10
Total Gestures,56,8,10,10,10
Total Gestures,57,8,10,11,11
Total Gestures,58,8,10,11,11
Total Gestures,59,8,11,11,11
Total Gestures,60,8,11,11,11
Total Gestures,61,8,11,12,12
Total Gestures,62,8,11,12,12
Total Gestures,63,8,12,12,12
Total Gestures,64,8,12,12,12
Total Gestures,65,8,12,13,13
Total Gestures,66,8,12,13,13
Total Gestures,67,8,13,13,13
Total Gestures,68,8,13,14,13
Total Gestures,69,8,13,14,14
Total Gestures,70,8,14,14,14
Total Gestures,71,8,14,15,14
Total Gestures,72,8,14,15,15
Total Gestures,73,8,15,15,15
Total Gestures,74,8,15,16,15
Total Gestures,75,8,15,16,16
Total Gestures,76,8,16,16,16
Total Gestures,77,8,16,17,16
Total Gestures,78,8,16,17,17
Total Gestures,79,8,17,18,17
Total Gestures,80,8,17,18,18
Total Gestures,81,8,18,19,18
Total Gestures,82,8,18,19,18
Total Gestures,83,8,19,20,19
Total Gestures,84,8,19,20,19
Total Gestures,85,8,20,21,20
Total Gestures,86,8,20,21,20
Total Gestures,87,8,21,22,21
Total Gestures,88,8,21,23,22
Total Gestures,89,8,22,23,22
Total Gestures,90,8,23,24,23
Total Gestures,91,8,24,25,24
Total Gestures,92,8,24,26,24
Total Gestures,93,8,25,27,25
Total Gestures,94,8,26,28,26
Total Gestures,95,8,28,29,28
Total Gestures,96,8,29,30,29
Total Gestures,97,8,31,32,31
Total Gestures,98,8,33,35,33
Total Gestures,99,8,37,38,36
Total Gestures,0,9,0,0,0
Total Gestures,1,9,1,0,1
Total Gestures,2,9,1,1,1
Total Gestures,3,9,1,1,2
Total Gestures,4,9,1,1,2
Total Gestures,5,9,2,1,2
Total Gestures,6,9,2,2,2
Total Gestures,7,9,2,2,3
Total Gestures,8,9,2,2,3
Total Gestures,9,9,3,2,3
Total Gestures,10,9,3,3,4
Total Gestures,11,9,3,3,4
Total Gestures,12,9,3,3,4
Total Gestures,13,9,4,3,4
Total Gestures,14,9,4,4,4
Total Gestures,15,9,4,4,5
Total Gestures,16,9,4,4,5
Total Gestures,17,9,4,4,5
Total Gestures,18,9,5,4,5
Total Gestures,19,9,5,5,6
Total Gestures,20,9,5,5,6
Total Gestures,21,9,5,5,6
Total Gestures,22,9,6,5,6
Total Gestures,23,9,6,5,6
Total Gestures,24,9,6,6,7
Total Gestures,25,9,6,6,7
Total Gestures,26,9,6,6,7
Total Gestures,27,9,7,6,7
Total Gestures,28,9,7,7,7
Total Gestures,29,9,7,7,8
Total Gestures,30,9,7,7,8
Total Gestures,31,9,7,7,8
Total Gestures,32,9,8,7,8
Total Gestures,33,9,8,8,9
Total Gestures,34,9,8,8,9
Total Gestures,35,9,8,8,9
Total Gestures,36,9,9,8,9
Total Gestures,37,9,9,9,9
Total Gestures,38,9,9,9,10
Total Gestures,39,9,9,9,10
Total Gestures,40,9,9,9,10
Total Gestures,41,9,10,9,10
Total Gestures,42,9,10,10,11
Total Gestures,43,9,10,10,11
Total Gestures,44,9,10,10,11
Total Gestures,45,9,11,10,11
Total Gestures,46,9,11,11,11
Total Gestures,47,9,11,11,12
Total Gestures,48,9,11,11,12
Total Gestures,49,9,12,11,12
Total Gestures,50,9,12,12,12
Total Gestures,51,9,12,12,13
Total Gestures,52,9,12,12,13
Total Gestures,53,9,13,13,13
Total Gestures,54,9,13,13,13
Total Gestures,55,9,13,13,14
Total Gestures,56,9,13,13,14
Total Gestures,57,9,14,14,14
Total Gestures,58,9,14,14,14
Total Gestures,59,9,14,14,15
Total Gestures,60,9,14,15,15
Total Gestures,61,9,15,15,15
Total Gestures,62,9,15,15,15
Total Gestures,63,9,15,15,16
Total Gestures,64,9,16,16,16
Total Gestures,65,9,16,16,16
Total Gestures,66,9,16,16,17
Total Gestures,67,9,16,17,17
Total Gestures,68,9,17,17,17
Total Gestures,69,9,17,17,18
Total Gestures,70,9,17,18,18
Total Gestures,71,9,18,18,18
Total Gestures,72,9,18,19,19
Total Gestures,73,9,19,19,19
Total Gestures,74,9,19,19,19
Total Gestures,75,9,19,20,20
Total Gestures,76,9,20,20,20
Total Gestures,77,9,20,21,20
Total Gestures,78,9,21,21,21
Total Gestures,79,9,21,22,21
Total Gestures,80,9,21,22,22
Total Gestures,81,9,22,22,22
Total Gestures,82,9,22,23,22
Total Gestures,83,9,23,24,23
Total Gestures,84,9,23,24,23
Total Gestures,85,9,24,25,24
Total Gestures,86,9,24,25,25
Total Gestures,87,9,25,26,25
Total Gestures,88,9,26,27,26
Total Gestures,89,9,26,27,26
Total Gestures,90,9,27,28,27
Total Gestures,91,9,28,29,28
Total Gestures,92,9,29,30,29
Total Gestures,93,9,30,31,29
Total Gestures,94,9,31,32,30
Total Gestures,95,9,32,33,32
Total Gestures,96,9,33,35,33
Total Gestures,97,9,35,37,35
Total Gestures,98,9,37,39,37
Total Gestures,99,9,41,42,40
Total Gestures,0,10,0,0,0
Total Gestures,1,10,1,1,2
Total Gestures,2,10,2,1,2
Total Gestures,3,10,2,2,3
Total Gestures,4,10,3,2,3
Total Gestures,5,10,3,2,4
Total Gestures,6,10,3,3,4
Total Gestures,7,10,4,3,5
Total Gestures,8,10,4,3,5
Total Gestures,9,10,4,4,5
Total Gestures,10,10,5,4,6
Total Gestures,11,10,5,4,6
Total Gestures,12,10,5,4,6
Total Gestures,13,10,6,5,7
Total Gestures,14,10,6,5,7
Total Gestures,15,10,6,5,7
Total Gestures,16,10,6,6,7
Total Gestures,17,10,7,6,8
Total Gestures,18,10,7,6,8
Total Gestures,19,10,7,6,8
Total Gestures,20,10,8,7,9
Total Gestures,21,10,8,7,9
Total Gestures,22,10,8,7,9
Total Gestures,23,10,8,7,9
Total Gestures,24,10,9,8,10
Total Gestures,25,10,9,8,10
Total Gestures,26,10,9,8,10
Total Gestures,27,10,9,9,10
Total Gestures,28,10,10,9,11
Total Gestures,29,10,10,9,11
Total Gestures,30,10,10,9,11
Total Gestures,31,10,10,10,11
Total Gestures,32,10,11,10,12
Total Gestures,33,10,11,10,12
Total Gestures,34,10,11,10,12
Total Gestures,35,10,11,11,12
Total Gestures,36,10,12,11,13
Total Gestures,37,10,12,11,13
Total Gestures,38,10,12,11,13
Total Gestures,39,10,13,12,13
Total Gestures,40,10,13,12,14
Total Gestures,41,10,13,12,14
Total Gestures,42,10,13,13,14
Total Gestures,43,10,14,13,14
Total Gestures,44,10,14,13,15
Total Gestures,45,10,14,13,15
Total Gestures,46,10,14,14,15
Total Gestures,47,10,15,14,15
Total Gestures,48,10,15,14,16
Total Gestures,49,10,15,15,16
Total Gestures,50,10,15,15,16
Total Gestures,51,10,16,15,16
Total Gestures,52,10,16,16,17
Total Gestures,53,10,16,16,17
Total Gestures,54,10,17,16,17
Total Gestures,55,10,17,16,18
Total Gestures,56,10,17,17,18
Total Gestures,57,10,18,17,18
Total Gestures,58,10,18,17,18
Total Gestures,59,10,18,18,19
Total Gestures,60,10,18,18,19
Total Gestures,61,10,19,18,19
Total Gestures,62,10,19,19,20
Total Gestures,63,10,19,19,20
Total Gestures,64,10,20,19,20
Total Gestures,65,10,20,20,20
Total Gestures,66,10,20,20,21
Total Gestures,67,10,21,21,21
Total Gestures,68,10,21,21,21
Total Gestures,69,10,21,21,22
Total Gestures,70,10,22,22,22
Total Gestures,71,10,22,22,22
Total Gestures,72,10,23,23,23
Total Gestures,73,10,23,23,23
Total Gestures,74,10,23,23,24
Total Gestures,75,10,24,24,24
Total Gestures,76,10,24,24,24
Total Gestures,77,10,25,25,25
Total Gestures,78,10,25,25,25
Total Gestures,79,10,25,26,26
Total Gestures,80,10,26,26,26
Total Gestures,81,10,26,27,26
Total Gestures,82,10,27,27,27
Total Gestures,83,10,27,28,27
Total Gestures,84,10,28,28,28
Total Gestures,85,10,29,29,28
Total Gestures,86,10,29,30,29
Total Gestures,87,10,30,30,30
Total Gestures,88,10,30,31,30
Total Gestures,89,10,31,32,31
Total Gestures,90,10,32,33,31
Total Gestures,91,10,33,34,32
Total Gestures,92,10,33,34,33
Total Gestures,93,10,34,35,34
Total Gestures,94,10,35,37,35
Total Gestures,95,10,37,38,36
Total Gestures,96,10,38,39,37
Total Gestures,97,10,40,41,39
Total Gestures,98,10,42,43,41
Total Gestures,99,10,45,47,44
Total Gestures,0,11,0,0,0
Total Gestures,1,11,2,1,3
Total Gestures,2,11,3,2,4
Total Gestures,3,11,4,2,5
Total Gestures,4,11,4,3,5
Total Gestures,5,11,5,3,6
Total Gestures,6,11,5,4,7
Total Gestures,7,11,6,4,7
Total Gestures,8,11,6,5,7
Total Gestures,9,11,6,5,8
Total Gestures,10,11,7,5,8
Total Gestures,11,11,7,6,9
Total Gestures,12,11,8,6,9
Total Gestures,13,11,8,6,9
Total Gestures,14,11,8,7,10
Total Gestures,15,11,9,7,10
Total Gestures,16,11,9,8,11
Total Gestures,17,11,9,8,11
Total Gestures,18,11,10,8,11
Total Gestures,19,11,10,9,12
Total Gestures,20,11,10,9,12
Total Gestures,21,11,11,9,12
Total Gestures,22,11,11,9,12
Total Gestures,23,11,11,10,13
Total Gestures,24,11,12,10,13
Total Gestures,25,11,12,10,13
Total Gestures,26,11,12,11,14
Total Gestures,27,11,13,11,14
Total Gestures,28,11,13,11,14
Total Gestures,29,11,13,12,15
Total Gestures,30,11,14,12,15
Total Gestures,31,11,14,12,15
Total Gestures,32,11,14,13,15
Total Gestures,33,11,14,13,16
Total Gestures,34,11,15,13,16
Total Gestures,35,11,15,14,16
Total Gestures,36,11,15,14,16
Total Gestures,37,11,16,14,17
Total Gestures,38,11,16,15,17
Total Gestures,39,11,16,15,17
Total Gestures,40,11,17,15,18
Total Gestures,41,11,17,16,18
Total Gestures,42,11,17,16,18
Total Gestures,43,11,17,16,18
Total Gestures,44,11,18,16,19
Total Gestures,45,11,18,17,19
Total Gestures,46,11,18,17,19
Total Gestures,47,11,19,17,20
Total Gestures,48,11,19,18,20
Total Gestures,49,11,19,18,20
Total Gestures,50,11,20,18,20
Total Gestures,51,11,20,19,21
Total Gestures,52,11,20,19,21
Total Gestures,53,11,21,19,21
Total Gestures,54,11,21,20,22
Total Gestures,55,11,21,20,22
Total Gestures,56,11,22,21,22
Total Gestures,57,11,22,21,22
Total Gestures,58,11,22,21,23
Total Gestures,59,11,22,22,23
Total Gestures,60,11,23,22,23
Total Gestures,61,11,23,22,24
Total Gestures,62,11,24,23,24
Total Gestures,63,11,24,23,24
Total Gestures,64,11,24,24,25
Total Gestures,65,11,25,24,25
Total Gestures,66,11,25,24,25
Total Gestures,67,11,25,25,26
Total Gestures,68,11,26,25,26
Total Gestures,69,11,26,26,26
Total Gestures,70,11,26,26,27
Total Gestures,71,11,27,26,27
Total Gestures,72,11,27,27,27
Total Gestures,73,11,28,27,28
Total Gestures,74,11,28,28,28
Total Gestures,75,11,28,28,28
Total Gestures,76,11,29,29,29
Total Gestures,77,11,29,29,29
Total Gestures,78,11,30,30,30
Total Gestures,79,11,30,30,30
Total Gestures,80,11,31,31,31
Total Gestures,81,11,31,31,31
Total Gestures,82,11,32,32,31
Total Gestures,83,11,32,32,32
Total Gestures,84,11,33,33,32
Total Gestures,85,11,33,34,33
Total Gestures,86,11,34,34,34
Total Gestures,87,11,35,35,34
Total Gestures,88,11,35,36,35
Total Gestures,89,11,36,37,35
Total Gestures,90,11,37,37,36
Total Gestures,91,11,37,38,37
Total Gestures,92,11,38,39,37
Total Gestures,93,11,39,40,38
Total Gestures,94,11,40,41,39
Total Gestures,95,11,41,42,40
Total Gestures,96,11,43,44,41
Total Gestures,97,11,44,45,43
Total Gestures,98,11,46,48,45
Total Gestures,99,11,49,50,47
Total Gestures,0,12,0,0,0
Total Gestures,1,12,3,2,5
Total Gestures,2,12,4,3,6
Total Gestures,3,12,5,3,7
Total Gestures,4,12,6,4,8
Total Gestures,5,12,6,5,8
Total Gestures,6,12,7,5,9
Total Gestures,7,12,8,6,10
Total Gestures,8,12,8,6,10
Total Gestures,9,12,9,7,11
Total Gestures,10,12,9,7,11
Total Gestures,11,12,10,8,12
Total Gestures,12,12,10,8,12
Total Gestures,13,12,11,8,13
Total Gestures,14,12,11,9,13
Total Gestures,15,12,11,9,13
Total Gestures,16,12,12,10,14
Total Gestures,17,12,12,10,14
Total Gestures,18,12,13,10,15
Total Gestures,19,12,13,11,15
Total Gestures,20,12,13,11,15
Total Gestures,21,12,14,12,16
Total Gestures,22,12,14,12,16
Total Gestures,23,12,15,12,16
Total Gestures,24,12,15,13,17
Total Gestures,25,12,15,13,17
Total Gestures,26,12,16,14,17
Total Gestures,27,12,16,14,18
Total Gestures,28,12,16,14,18
Total Gestures,29,12,17,15,18
Total Gestures,30,12,17,15,19
Total Gestures,31,12,17,15,19
Total Gestures,32,12,18,16,19
Total Gestures,33,12,18,16,20
Total Gestures,34,12,18,16,20
Total Gestures,35,12,19,17,20
Total Gestures,36,12,19,17,21
Total Gestures,37,12,19,18,21
Total Gestures,38,12,20,18,21
Total Gestures,39,12,20,18,21
Total Gestures,40,12,20,19,22
Total Gestures,41,12,21,19,22
Total Gestures,42,12,21,19,22
Total Gestures,43,12,21,20,23
Total Gestures,44,12,22,20,23
Total Gestures,45,12,22,20,23
Total Gestures,46,12,22,21,24
Total Gestures,47,12,23,21,24
Total Gestures,48,12,23,22,24
Total Gestures,49,12,24,22,24
Total Gestures,50,12,24,22,25
Total Gestures,51,12,24,23,25
Total Gestures,52,12,25,23,25
Total Gestures,53,12,25,23,26
Total Gestures,54,12,25,24,26
Total Gestures,55,12,26,24,26
Total Gestures,56,12,26,25,27
Total Gestures,57,12,26,25,27
Total Gestures,58,12,27,25,27
Total Gestures,59,12,27,26,28
Total Gestures,60,12,27,26,28
Total Gestures,61,12,28,27,28
Total Gestures,62,12,28,27,29
Total Gestures,63,12,28,27,29
Total Gestures,64,12,29,28,29
Total Gestures,65,12,29,28,30
Total Gestures,66,12,30,29,30
Total Gestures,67,12,30,29,30
Total Gestures,68,12,30,29,31
Total Gestures,69,12,31,30,31
Total Gestures,70,12,31,30,31
Total Gestures,71,12,32,31,32
Total Gestures,72,12,32,31,32
Total Gestures,73,12,32,32,32
Total Gestures,74,12,33,32,33
Total Gestures,75,12,33,33,33
Total Gestures,76,12,34,33,34
Total Gestures,77,12,34,34,34
Total Gestures,78,12,35,34,34
Total Gestures,79,12,35,35,35
Total Gestures,80,12,36,35,35
Total Gestures,81,12,36,36,36
Total Gestures,82,12,37,36,36
Total Gestures,83,12,37,37,37
Total Gestures,84,12,38,38,37
Total Gestures,85,12,38,38,38
Total Gestures,86,12,39,39,38
Total Gestures,87,12,39,40,39
Total Gestures,88,12,40,40,39
Total Gestures,89,12,41,41,40
Total Gestures,90,12,42,42,40
Total Gestures,91,12,42,43,41
Total Gestures,92,12,43,44,42
Total Gestures,93,12,44,45,43
Total Gestures,94,12,45,46,44
Total Gestures,95,12,46,47,44
Total Gestures,96,12,47,48,46
Total Gestures,97,12,49,50,47
Total Gestures,98,12,50,51,49
Total Gestures,99,12,53,54,51
Total Gestures,0,13,0,0,0
Total Gestures,1,13,4,2,6
Total Gestures,2,13,5,3,8
Total Gestures,3,13,7,4,9
Total Gestures,4,13,7,5,10
Total Gestures,5,13,8,6,11
Total Gestures,6,13,9,7,12
Total Gestures,7,13,10,7,13
Total Gestures,8,13,10,8,13
Total Gestures,9,13,11,8,14
Total Gestures,10,13,12,9,14
Total Gestures,11,13,12,10,15
Total Gestures,12,13,13,10,15
Total Gestures,13,13,13,11,16
Total Gestures,14,13,14,11,16
Total Gestures,15,13,14,12,17
Total Gestures,16,13,15,12,17
Total Gestures,17,13,15,12,18
Total Gestures,18,13,16,13,18
Total Gestures,19,13,16,13,19
Total Gestures,20,13,17,14,19
Total Gestures,21,13,17,14,19
Total Gestures,22,13,17,15,20
Total Gestures,23,13,18,15,20
Total Gestures,24,13,18,16,21
Total Gestures,25,13,19,16,21
Total Gestures,26,13,19,16,21
Total Gestures,27,13,19,17,22
Total Gestures,28,13,20,17,22
Total Gestures,29,13,20,18,22
Total Gestures,30,13,21,18,23
Total Gestures,31,13,21,18,23
Total Gestures,32,13,21,19,23
Total Gestures,33,13,22,19,24
Total Gestures,34,13,22,20,24
Total Gestures,35,13,23,20,24
Total Gestures,36,13,23,20,25
Total Gestures,37,13,23,21,25
Total Gestures,38,13,24,21,25
Total Gestures,39,13,24,22,26
Total Gestures,40,13,24,22,26
Total Gestures,41,13,25,22,26
Total Gestures,42,13,25,23,27
Total Gestures,43,13,25,23,27
Total Gestures,44,13,26,24,27
Total Gestures,45,13,26,24,28
Total Gestures,46,13,27,24,28
Total Gestures,47,13,27,25,28
Total Gestures,48,13,27,25,29
Total Gestures,49,13,28,26,29
Total Gestures,50,13,28,26,29
Total Gestures,51,13,28,26,29
Total Gestures,52,13,29,27,30
Total Gestures,53,13,29,27,30
Total Gestures,54,13,30,28,30
Total Gestures,55,13,30,28,31
Total Gestures,56,13,30,29,31
Total Gestures,57,13,31,29,31
Total Gestures,58,13,31,29,32
Total Gestures,59,13,31,30,32
Total Gestures,60,13,32,30,32
Total Gestures,61,13,32,31,33
Total Gestures,62,13,33,31,33
Total Gestures,63,13,33,32,33
Total Gestures,64,13,33,32,34
Total Gestures,65,13,34,32,34
Total Gestures,66,13,34,33,34
Total Gestures,67,13,35,33,35
Total Gestures,68,13,35,34,35
Total Gestures,69,13,35,34,35
Total Gestures,70,13,36,35,36
Total Gestures,71,13,36,35,36
Total Gestures,72,13,37,36,37
Total Gestures,73,13,37,36,37
Total Gestures,74,13,37,37,37
Total Gestures,75,13,38,37,38
Total Gestures,76,13,38,38,38
Total Gestures,77,13,39,38,38
Total Gestures,78,13,39,39,39
Total Gestures,79,13,40,39,39
Total Gestures,80,13,40,40,40
Total Gestures,81,13,41,40,40
Total Gestures,82,13,41,41,41
Total Gestures,83,13,42,41,41
Total Gestures,84,13,42,42,41
Total Gestures,85,13,43,43,42
Total Gestures,86,13,43,43,42
Total Gestures,87,13,44,44,43
Total Gestures,88,13,45,45,44
Total Gestures,89,13,45,45,44
Total Gestures,90,13,46,46,45
Total Gestures,91,13,47,47,45
Total Gestures,92,13,47,48,46
Total Gestures,93,13,48,49,47
Total Gestures,94,13,49,50,48
Total Gestures,95,13,50,51,48
Total Gestures,96,13,51,52,49
Total Gestures,97,13,52,53,51
Total Gestures,98,13,54,55,52
Total Gestures,99,13,56,57,54
Total Gestures,0,14,0,0,0
Total Gestures,1,14,5,3,8
Total Gestures,2,14,7,4,10
Total Gestures,3,14,8,6,12
Total Gestures,4,14,9,6,13
Total Gestures,5,14,10,7,14
Total Gestures,6,14,11,8,15
Total Gestures,7,14,12,9,16
Total Gestures,8,14,13,10,16
Total Gestures,9,14,13,10,17
Total Gestures,10,14,14,11,18
Total Gestures,11,14,15,12,18
Total Gestures,12,14,15,12,19
Total Gestures,13,14,16,13,19
Total Gestures,14,14,16,13,20
Total Gestures,15,14,17,14,20
Total Gestures,16,14,17,14,21
Total Gestures,17,14,18,15,21
Total Gestures,18,14,19,15,22
Total Gestures,19,14,19,16,22
Total Gestures,20,14,20,16,23
Total Gestures,21,14,20,17,23
Total Gestures,22,14,20,17,24
Total Gestures,23,14,21,18,24
Total Gestures,24,14,21,18,24
Total Gestures,25,14,22,19,25
Total Gestures,26,14,22,19,25
Total Gestures,27,14,23,20,26
Total Gestures,28,14,23,20,26
Total Gestures,29,14,24,21,26
Total Gestures,30,14,24,21,27
Total Gestures,31,14,24,22,27
Total Gestures,32,14,25,22,27
Total Gestures,33,14,25,22,28
Total Gestures,34,14,26,23,28
Total Gestures,35,14,26,23,28
Total Gestures,36,14,27,24,29
Total Gestures,37,14,27,24,29
Total Gestures,38,14,27,25,29
Total Gestures,39,14,28,25,30
Total Gestures,40,14,28,26,30
Total Gestures,41,14,28,26,30
Total Gestures,42,14,29,26,31
Total Gestures,43,14,29,27,31
Total Gestures,44,14,30,27,31
Total Gestures,45,14,30,28,32
Total Gestures,46,14,30,28,32
Total Gestures,47,14,31,29,32
Total Gestures,48,14,31,29,33
Total Gestures,49,14,32,29,33
Total Gestures,50,14,32,30,33
Total Gestures,51,14,32,30,34
Total Gestures,52,14,33,31,34
Total Gestures,53,14,33,31,34
Total Gestures,54,14,34,31,35
Total Gestures,55,14,34,32,35
Total Gestures,56,14,34,32,35
Total Gestures,57,14,35,33,36
Total Gestures,58,14,35,33,36
Total Gestures,59,14,35,34,36
Total Gestures,60,14,36,34,37
Total Gestures,61,14,36,35,37
Total Gestures,62,14,37,35,37
Total Gestures,63,14,37,35,38
Total Gestures,64,14,37,36,38
Total Gestures,65,14,38,36,38
Total Gestures,66,14,38,37,39
Total Gestures,67,14,39,37,39
Total Gestures,68,14,39,38,39
Total Gestures,69,14,39,38,40
Total Gestures,70,14,40,39,40
Total Gestures,71,14,40,39,40
Total Gestures,72,14,41,40,41
Total Gestures,73,14,41,40,41
Total Gestures,74,14,42,41,42
Total Gestures,75,14,42,41,42
Total Gestures,76,14,42,42,42
Total Gestures,77,14,43,42,43
Total Gestures,78,14,43,43,43
Total Gestures,79,14,44,43,43
Total Gestures,80,14,44,44,44
Total Gestures,81,14,45,44,44
Total Gestures,82,14,45,45,45
Total Gestures,83,14,46,45,45
Total Gestures,84,14,46,46,46
Total Gestures,85,14,47,46,46
Total Gestures,86,14,47,47,47
Total Gestures,87,14,48,48,47
Total Gestures,88,14,49,48,48
Total Gestures,89,14,49,49,48
Total Gestures,90,14,50,50,49
Total Gestures,91,14,50,50,49
Total Gestures,92,14,51,51,50
Total Gestures,93,14,52,52,50
Total Gestures,94,14,53,53,51
Total Gestures,95,14,53,54,52
Total Gestures,96,14,54,55,53
Total Gestures,97,14,55,56,54
Total Gestures,98,14,57,57,55
Total Gestures,99,14,58,59,57
Total Gestures,0,15,0,0,0
Total Gestures,1,15,6,4,10
Total Gestures,2,15,8,5,12
Total Gestures,3,15,10,7,14
Total Gestures,4,15,11,8,15
Total Gestures,5,15,12,9,16
Total Gestures,6,15,13,10,17
Total Gestures,7,15,14,11,18
Total Gestures,8,15,15,11,19
Total Gestures,9,15,15,12,20
Total Gestures,10,15,16,13,21
Total Gestures,11,15,17,14,21
Total Gestures,12,15,18,14,22
Total Gestures,13,15,18,15,23
Total Gestures,14,15,19,16,23
Total Gestures,15,15,20,16,24
Total Gestures,16,15,20,17,24
Total Gestures,17,15,21,17,25
Total Gestures,18,15,21,18,25
Total Gestures,19,15,22,19,26
Total Gestures,20,15,22,19,26
Total Gestures,21,15,23,20,27
Total Gestures,22,15,23,20,27
Total Gestures,23,15,24,21,28
Total Gestures,24,15,24,21,28
Total Gestures,25,15,25,22,28
Total Gestures,26,15,25,22,29
Total Gestures,27,15,26,23,29
Total Gestures,28,15,26,23,30
Total Gestures,29,15,27,24,30
Total Gestures,30,15,27,24,30
Total Gestures,31,15,28,25,31
Total Gestures,32,15,28,25,31
Total Gestures,33,15,29,26,32
Total Gestures,34,15,29,26,32
Total Gestures,35,15,29,27,32
Total Gestures,36,15,30,27,33
Total Gestures,37,15,30,27,33
Total Gestures,38,15,31,28,33
Total Gestures,39,15,31,28,34
Total Gestures,40,15,31,29,34
Total Gestures,41,15,32,29,34
Total Gestures,42,15,32,30,35
Total Gestures,43,15,33,30,35
Total Gestures,44,15,33,31,35
Total Gestures,45,15,34,31,36
Total Gestures,46,15,34,31,36
Total Gestures,47,15,34,32,36
Total Gestures,48,15,35,32,37
Total Gestures,49,15,35,33,37
Total Gestures,50,15,35,33,37
Total Gestures,51,15,36,34,38
Total Gestures,52,15,36,34,38
Total Gestures,53,15,37,34,38
Total Gestures,54,15,37,35,39
Total Gestures,55,15,37,35,39
Total Gestures,56,15,38,36,39
Total Gestures,57,15,38,36,40
Total Gestures,58,15,39,37,40
Total Gestures,59,15,39,37,40
Total Gestures,60,15,39,38,41
Total Gestures,61,15,40,38,41
Total Gestures,62,15,40,38,41
Total Gestures,63,15,41,39,42
Total Gestures,64,15,41,39,42
Total Gestures,65,15,41,40,42
Total Gestures,66,15,42,40,43
Total Gestures,67,15,42,41,43
Total Gestures,68,15,43,41,43
Total Gestures,69,15,43,42,44
Total Gestures,70,15,43,42,44
Total Gestures,71,15,44,42,44
Total Gestures,72,15,44,43,45
Total Gestures,73,15,45,43,45
Total Gestures,74,15,45,44,45
Total Gestures,75,15,46,44,46
Total Gestures,76,15,46,45,46
Total Gestures,77,15,46,45,47
Total Gestures,78,15,47,46,47
Total Gestures,79,15,47,46,47
Total Gestures,80,15,48,47,48
Total Gestures,81,15,48,47,48
Total Gestures,82,15,49,48,48
Total Gestures,83,15,49,48,49
Total Gestures,84,15,50,49,49
Total Gestures,85,15,50,49,50
Total Gestures,86,15,51,50,50
Total Gestures,87,15,51,51,51
Total Gestures,88,15,52,51,51
Total Gestures,89,15,52,52,52
Total Gestures,90,15,53,52,52
Total Gestures,91,15,53,53,53
Total Gestures,92,15,54,54,53
Total Gestures,93,15,55,54,54
Total Gestures,94,15,55,55,54
Total Gestures,95,15,56,56,55
Total Gestures,96,15,57,57,56
Total Gestures,97,15,58,58,57
Total Gestures,98,15,59,59,58
Total Gestures,99,15,60,60,59
Total Gestures,0,16,0,0,0
Total Gestures,1,16,7,5,12
Total Gestures,2,16,9,7,15
Total Gestures,3,16,11,8,16
Total Gestures,4,16,13,9,18
Total Gestures,5,16,14,11,19
Total Gestures,6,16,15,12,20
Total Gestures,7,16,16,13,21
Total Gestures,8,16,17,13,22
Total Gestures,9,16,18,14,23
Total Gestures,10,16,18,15,24
Total Gestures,11,16,19,16,24
Total Gestures,12,16,20,17,25
Total Gestures,13,16,21,17,26
Total Gestures,14,16,21,18,26
Total Gestures,15,16,22,19,27
Total Gestures,16,16,23,19,28
Total Gestures,17,16,23,20,28
Total Gestures,18,16,24,20,29
Total Gestures,19,16,24,21,29
Total Gestures,20,16,25,22,30
Total Gestures,21,16,26,22,30
Total Gestures,22,16,26,23,31
Total Gestures,23,16,27,23,31
Total Gestures,24,16,27,24,32
Total Gestures,25,16,28,24,32
Total Gestures,26,16,28,25,32
Total Gestures,27,16,29,25,33
Total Gestures,28,16,29,26,33
Total Gestures,29,16,30,27,34
Total Gestures,30,16,30,27,34
Total Gestures,31,16,31,28,34
Total Gestures,32,16,31,28,35
Total Gestures,33,16,31,28,35
Total Gestures,34,16,32,29,36
Total Gestures,35,16,32,29,36
Total Gestures,36,16,33,30,36
Total Gestures,37,16,33,30,37
Total Gestures,38,16,34,31,37
Total Gestures,39,16,34,31,37
Total Gestures,40,16,35,32,38
Total Gestures,41,16,35,32,38
Total Gestures,42,16,35,33,38
Total Gestures,43,16,36,33,39
Total Gestures,44,16,36,34,39
Total Gestures,45,16,37,34,40
Total Gestures,46,16,37,34,40
Total Gestures,47,16,37,35,40
Total Gestures,48,16,38,35,41
Total Gestures,49,16,38,36,41
Total Gestures,50,16,39,36,41
Total Gestures,51,16,39,37,42
Total Gestures,52,16,39,37,42
Total Gestures,53,16,40,38,42
Total Gestures,54,16,40,38,42
Total Gestures,55,16,41,38,43
Total Gestures,56,16,41,39,43
Total Gestures,57,16,41,39,43
Total Gestures,58,16,42,40,44
Total Gestures,59,16,42,40,44
Total Gestures,60,16,42,41,44
Total Gestures,61,16,43,41,45
Total Gestures,62,16,43,41,45
Total Gestures,63,16,44,42,45
Total Gestures,64,16,44,42,46
Total Gestures,65,16,44,43,46
Total Gestures,66,16,45,43,46
Total Gestures,67,16,45,44,47
Total Gestures,68,16,46,44,47
Total Gestures,69,16,46,44,47
Total Gestures,70,16,46,45,48
Total Gestures,71,16,47,45,48
Total Gestures,72,16,47,46,48
Total Gestures,73,16,48,46,49
Total Gestures,74,16,48,47,49
Total Gestures,75,16,48,47,49
Total Gestures,76,16,49,48,50
Total Gestures,77,16,49,48,50
Total Gestures,78,16,50,49,50
Total Gestures,79,16,50,49,51
Total Gestures,80,16,50,49,51
Total Gestures,81,16,51,50,51
Total Gestures,82,16,51,50,52
Total Gestures,83,16,52,51,52
Total Gestures,84,16,52,51,52
Total Gestures,85,16,53,52,53
Total Gestures,86,16,53,52,53
Total Gestures,87,16,54,53,54
Total Gestures,88,16,54,53,54
Total Gestures,89,16,55,54,54
Total Gestures,90,16,55,55,55
Total Gestures,91,16,56,55,55
Total Gestures,92,16,56,56,56
Total Gestures,93,16,57,56,56
Total Gestures,94,16,57,57,57
Total Gestures,95,16,58,58,57
Total Gestures,96,16,58,58,58
Total Gestures,97,16,59,59,59
Total Gestures,98,16,60,60,60
Total Gestures,99,16,61,61,61
Total Gestures,0,17,0,0,0
Total Gestures,1,17,8,6,14
Total Gestures,2,17,11,8,17
Total Gestures,3,17,13,10,19
Total Gestures,4,17,14,11,20
Total Gestures,5,17,16,12,22
Total Gestures,6,17,17,13,23
Total Gestures,7,17,18,15,24
Total Gestures,8,17,19,15,25
Total Gestures,9,17,20,16,26
Total Gestures,10,17,21,17,27
Total Gestures,11,17,21,18,27
Total Gestures,12,17,22,19,28
Total Gestures,13,17,23,20,29
Total Gestures,14,17,24,20,30
Total Gestures,15,17,24,21,30
Total Gestures,16,17,25,22,31
Total Gestures,17,17,26,22,31
Total Gestures,18,17,26,23,32
Total Gestures,19,17,27,24,32
Total Gestures,20,17,28,24,33
Total Gestures,21,17,28,25,33
Total Gestures,22,17,29,25,34
Total Gestures,23,17,29,26,34
Total Gestures,24,17,30,27,35
Total Gestures,25,17,30,27,35
Total Gestures,26,17,31,28,36
Total Gestures,27,17,31,28,36
Total Gestures,28,17,32,29,37
Total Gestures,29,17,32,29,37
Total Gestures,30,17,33,30,38
Total Gestures,31,17,33,30,38
Total Gestures,32,17,34,31,38
Total Gestures,33,17,34,31,39
Total Gestures,34,17,35,32,39
Total Gestures,35,17,35,32,40
Total Gestures,36,17,36,33,40
Total Gestures,37,17,36,33,40
Total Gestures,38,17,36,34,41
Total Gestures,39,17,37,34,41
Total Gestures,40,17,37,35,41
Total Gestures,41,17,38,35,42
Total Gestures,42,17,38,36,42
Total Gestures,43,17,39,36,42
Total Gestures,44,17,39,36,43
Total Gestures,45,17,39,37,43
Total Gestures,46,17,40,37,43
Total Gestures,47,17,40,38,44
Total Gestures,48,17,41,38,44
Total Gestures,49,17,41,39,44
Total Gestures,50,17,41,39,45
Total Gestures,51,17,42,39,45
Total Gestures,52,17,42,40,45
Total Gestures,53,17,43,40,46
Total Gestures,54,17,43,41,46
Total Gestures,55,17,43,41,46
Total Gestures,56,17,44,42,47
Total Gestures,57,17,44,42,47
Total Gestures,58,17,44,42,47
Total Gestures,59,17,45,43,48
Total Gestures,60,17,45,43,48
Total Gestures,61,17,46,44,48
Total Gestures,62,17,46,44,48
Total Gestures,63,17,46,45,49
Total Gestures,64,17,47,45,49
Total Gestures,65,17,47,45,49
Total Gestures,66,17,47,46,50
Total Gestures,67,17,48,46,50
Total Gestures,68,17,48,47,50
Total Gestures,69,17,49,47,51
Total Gestures,70,17,49,47,51
Total Gestures,71,17,49,48,51
Total Gestures,72,17,50,48,51
Total Gestures,73,17,50,49,52
Total Gestures,74,17,50,49,52
Total Gestures,75,17,51,50,52
Total Gestures,76,17,51,50,53
Total Gestures,77,17,52,50,53
Total Gestures,78,17,52,51,53
Total Gestures,79,17,52,51,54
Total Gestures,80,17,53,52,54
Total Gestures,81,17,53,52,54
Total Gestures,82,17,54,53,55
Total Gestures,83,17,54,53,55
Total Gestures,84,17,54,53,55
Total Gestures,85,17,55,54,56
Total Gestures,86,17,55,54,56
Total Gestures,87,17,56,55,56
Total Gestures,88,17,56,55,57
Total Gestures,89,17,56,56,57
Total Gestures,90,17,57,56,57
Total Gestures,91,17,57,57,58
Total Gestures,92,17,58,57,58
Total Gestures,93,17,58,58,58
Total Gestures,94,17,59,58,59
Total Gestures,95,17,59,59,59
Total Gestures,96,17,60,60,60
Total Gestures,97,17,60,60,60
Total Gestures,98,17,61,61,61
Total Gestures,99,17,62,62,62
Total Gestures,0,18,0,0,0
Total Gestures,1,18,9,7,16
Total Gestures,2,18,12,9,19
Total Gestures,3,18,14,11,21
Total Gestures,4,18,16,13,23
Total Gestures,5,18,18,14,24
Total Gestures,6,18,19,15,26
Total Gestures,7,18,20,17,27
Total Gestures,8,18,21,18,28
Total Gestures,9,18,22,19,29
Total Gestures,10,18,23,20,30
Total Gestures,11,18,24,20,30
Total Gestures,12,18,25,21,31
Total Gestures,13,18,25,22,32
Total Gestures,14,18,26,23,33
Total Gestures,15,18,27,23,33
Total Gestures,16,18,28,24,34
Total Gestures,17,18,28,25,35
Total Gestures,18,18,29,26,35
Total Gestures,19,18,30,26,36
Total Gestures,20,18,30,27,36
Total Gestures,21,18,31,27,37
Total Gestures,22,18,31,28,37
Total Gestures,23,18,32,29,38
Total Gestures,24,18,32,29,38
Total Gestures,25,18,33,30,39
Total Gestures,26,18,34,30,39
Total Gestures,27,18,34,31,40
Total Gestures,28,18,35,31,40
Total Gestures,29,18,35,32,40
Total Gestures,30,18,36,33,41
Total Gestures,31,18,36,33,41
Total Gestures,32,18,36,34,42
Total Gestures,33,18,37,34,42
Total Gestures,34,18,37,35,42
Total Gestures,35,18,38,35,43
Total Gestures,36,18,38,35,43
Total Gestures,37,18,39,36,44
Total Gestures,38,18,39,36,44
Total Gestures,39,18,40,37,44
Total Gestures,40,18,40,37,45
Total Gestures,41,18,40,38,45
Total Gestures,42,18,41,38,45
Total Gestures,43,18,41,39,46
Total Gestures,44,18,42,39,46
Total Gestures,45,18,42,40,46
Total Gestures,46,18,42,40,47
Total Gestures,47,18,43,40,47
Total Gestures,48,18,43,41,47
Total Gestures,49,18,44,41,48
Total Gestures,50,18,44,42,48
Total Gestures,51,18,44,42,48
Total Gestures,52,18,45,43,49
Total Gestures,53,18,45,43,49
Total Gestures,54,18,46,43,49
Total Gestures,55,18,46,44,49
Total Gestures,56,18,46,44,50
Total Gestures,57,18,47,45,50
Total Gestures,58,18,47,45,50
Total Gestures,59,18,47,45,51
Total Gestures,60,18,48,46,51
Total Gestures,61,18,48,46,51
Total Gestures,62,18,48,47,51
Total Gestures,63,18,49,47,52
Total Gestures,64,18,49,47,52
Total Gestures,65,18,50,48,52
Total Gestures,66,18,50,48,53
Total Gestures,67,18,50,49,53
Total Gestures,68,18,51,49,53
Total Gestures,69,18,51,49,53
Total Gestures,70,18,51,50,54
Total Gestures,71,18,52,50,54
Total Gestures,72,18,52,50,54
Total Gestures,73,18,52,51,55
Total Gestures,74,18,53,51,55
Total Gestures,75,18,53,52,55
Total Gestures,76,18,53,52,55
Total Gestures,77,18,54,52,56
Total Gestures,78,18,54,53,56
Total Gestures,79,18,54,53,56
Total Gestures,80,18,55,54,56
Total Gestures,81,18,55,54,57
Total Gestures,82,18,55,54,57
Total Gestures,83,18,56,55,57
Total Gestures,84,18,56,55,58
Total Gestures,85,18,56,56,58
Total Gestures,86,18,57,56,58
Total Gestures,87,18,57,56,58
Total Gestures,88,18,58,57,59
Total Gestures,89,18,58,57,59
Total Gestures,90,18,58,58,59
Total Gestures,91,18,59,58,60
Total Gestures,92,18,59,59,60
Total Gestures,93,18,59,59,60
Total Gestures,94,18,60,59,60
Total Gestures,95,18,60,60,61
Total Gestures,96,18,61,60,61
Total Gestures,97,18,61,61,61
Total Gestures,98,18,62,61,62
Total Gestures,99,18,62,62,62