title,percentile,age,raw_score,raw_score_boy,raw_score_girl
Word Forms 1 Total,0,16,0,0,0
Word Forms 1 Total,1,16,0,0,0
Word Forms 1 Total,2,16,0,0,0
Word Forms 1 Total,3,16,0,0,0
Word Forms 1 Total,4,16,0,0,0
Word Forms 1 Total,5,16,0,0,0
Word Forms 1 Total,6,16,0,0,0
Word Forms 1 Total,7,16,0,0,0
Word Forms 1 Total,8,16,0,0,0
Word Forms 1 Total,9,16,0,0,0
Word Forms 1 Total,10,16,0,0,0
Word Forms 1 Total,11,16,0,0,0
Word Forms 1 Total,12,16,0,0,0
Word Forms 1 Total,13,16,0,0,0
Word Forms 1 Total,14,16,0,0,0
Word Forms 1 Total,15,16,0,0,0
Word Forms 1 Total,16,16,0,0,0
Word Forms 1 Total,17,16,0,0,0
Word Forms 1 Total,18,16,0,0,0
Word Forms 1 Total,19,16,0,0,0
Word Forms 1 Total,20,16,0,0,0
Word Forms 1 Total,21,16,0,0,0
Word Forms 1 Total,22,16,0,0,0
Word Forms 1 Total,23,16,0,0,0
Word Forms 1 Total,24,16,0,0,0
Word Forms 1 Total,25,16,0,0,0
Word Forms 1 Total,26,16,0,0,0
Word Forms 1 Total,27,16,0,0,0
Word Forms 1 Total,28,16,0,0,0
Word Forms 1 Total,29,16,0,0,0
Word Forms 1 Total,30,16,0,0,0
Word Forms 1 Total,31,16,0,0,0
Word Forms 1 Total,32,16,0,0,0
Word Forms 1 Total,33,16,0,0,0
Word Forms 1 Total,34,16,0,0,0
Word Forms 1 Total,35,16,0,0,0
Word Forms 1 Total,36,16,0,0,0
Word Forms 1 Total,37,16,0,0,0
Word Forms 1 Total,38,16,0,0,0
Word Forms 1 Total,39,16,0,0,0
Word Forms 1 Total,40,16,0,0,0
Word Forms 1 Total,41,16,0,0,0
Word Forms 1 Total,42,16,0,0,0
Word Forms 1 Total,43,16,0,0,0
Word Forms 1 Total,44,16,0,0,0
Word Forms 1 Total,45,16,0,0,0
Word Forms 1 Total,46,16,0,0,0
Word Forms 1 Total,47,16,0,0,0
Word Forms 1 Total,48,16,0,0,0
Word Forms 1 Total,49,16,0,0,0
Word Forms 1 Total,50,16,0,0,0
Word Forms 1 Total,51,16,0,0,0
Word Forms 1 Total,52,16,0,0,0
Word Forms 1 Total,53,16,0,0,0
Word Forms 1 Total,54,16,0,0,0
Word Forms 1 Total,55,16,0,0,0
Word Forms 1 Total,56,16,0,0,0
Word Forms 1 Total,57,16,0,0,1
Word Forms 1 Total,58,16,0,0,1
Word Forms 1 Total,59,16,0,0,1
Word Forms 1 Total,60,16,0,0,1
Word Forms 1 Total,61,16,1,0,1
Word Forms 1 Total,62,16,1,0,1
Word Forms 1 Total,63,16,1,0,1
Word Forms 1 Total,64,16,1,1,1
Word Forms 1 Total,65,16,1,1,1
Word Forms 1 Total,66,16,1,1,1
Word Forms 1 Total,67,16,1,1,1
Word Forms 1 Total,68,16,1,1,1
Word Forms 1 Total,69,16,1,1,1
Word Forms 1 Total,70,16,1,1,1
Word Forms 1 Total,71,16,1,1,1
Word Forms 1 Total,72,16,1,1,1
Word Forms 1 Total,73,16,1,1,1
Word Forms 1 Total,74,16,1,1,1
Word Forms 1 Total,75,16,1,1,1
Word Forms 1 Total,76,16,1,1,2
Word Forms 1 Total,77,16,1,1,2
Word Forms 1 Total,78,16,1,1,2
Word Forms 1 Total,79,16,1,1,2
Word Forms 1 Total,80,16,2,1,2
Word Forms 1 Total,81,16,2,1,2
Word Forms 1 Total,82,16,2,2,2
Word Forms 1 Total,83,16,2,2,2
Word Forms 1 Total,84,16,2,2,2
Word Forms 1 Total,85,16,2,2,3
Word Forms 1 Total,86,16,2,2,3
Word Forms 1 Total,87,16,2,2,3
Word Forms 1 Total,88,16,2,2,3
Word Forms 1 Total,89,16,3,2,3
Word Forms 1 Total,90,16,3,3,4
Word Forms 1 Total,91,16,3,3,4
Word Forms 1 Total,92,16,3,3,4
Word Forms 1 Total,93,16,4,3,5
Word Forms 1 Total,94,16,4,4,5
Word Forms 1 Total,95,16,4,4,5
Word Forms 1 Total,96,16,5,4,6
Word Forms 1 Total,97,16,5,5,7
Word Forms 1 Total,98,16,6,6,8
Word Forms 1 Total,99,16,8,7,9
Word Forms 1 Total,0,17,0,0,0
Word Forms 1 Total,1,17,0,0,0
Word Forms 1 Total,2,17,0,0,0
Word Forms 1 Total,3,17,0,0,0
Word Forms 1 Total,4,17,0,0,0
Word Forms 1 Total,5,17,0,0,0
Word Forms 1 Total,6,17,0,0,0
Word Forms 1 Total,7,17,0,0,0
Word Forms 1 Total,8,17,0,0,0
Word Forms 1 Total,9,17,0,0,0
Word Forms 1 Total,10,17,0,0,0
Word Forms 1 Total,11,17,0,0,0
Word Forms 1 Total,12,17,0,0,0
Word Forms 1 Total,13,17,0,0,0
Word Forms 1 Total,14,17,0,0,0
Word Forms 1 Total,15,17,0,0,0
Word Forms 1 Total,16,17,0,0,0
Word Forms 1 Total,17,17,0,0,0
Word Forms 1 Total,18,17,0,0,0
Word Forms 1 Total,19,17,0,0,0
Word Forms 1 Total,20,17,0,0,0
Word Forms 1 Total,21,17,0,0,0
Word Forms 1 Total,22,17,0,0,0
Word Forms 1 Total,23,17,0,0,0
Word Forms 1 Total,24,17,0,0,0
Word Forms 1 Total,25,17,0,0,0
Word Forms 1 Total,26,17,0,0,0
Word Forms 1 Total,27,17,0,0,0
Word Forms 1 Total,28,17,0,0,0
Word Forms 1 Total,29,17,0,0,0
Word Forms 1 Total,30,17,0,0,0
Word Forms 1 Total,31,17,0,0,0
Word Forms 1 Total,32,17,0,0,0
Word Forms 1 Total,33,17,0,0,0
Word Forms 1 Total,34,17,0,0,0
Word Forms 1 Total,35,17,0,0,0
Word Forms 1 Total,36,17,0,0,0
Word Forms 1 Total,37,17,0,0,0
Word Forms 1 Total,38,17,0,0,0
Word Forms 1 Total,39,17,0,0,0
Word Forms 1 Total,40,17,0,0,0
Word Forms 1 Total,41,17,0,0,0
Word Forms 1 Total,42,17,0,0,0
Word Forms 1 Total,43,17,0,0,0
Word Forms 1 Total,44,17,0,0,0
Word Forms 1 Total,45,17,0,0,0
Word Forms 1 Total,46,17,0,0,0
Word Forms 1 Total,47,17,0,0,0
Word Forms 1 Total,48,17,0,0,0
Word Forms 1 Total,49,17,0,0,0
Word Forms 1 Total,50,17,0,0,0
Word Forms 1 Total,51,17,0,0,1
Word Forms 1 Total,52,17,0,0,1
Word Forms 1 Total,53,17,0,0,1
Word Forms 1 Total,54,17,0,0,1
Word Forms 1 Total,55,17,0,0,1
Word Forms 1 Total,56,17,1,0,1
Word Forms 1 Total,57,17,1,0,1
Word Forms 1 Total,58,17,1,0,1
Word Forms 1 Total,59,17,1,1,1
Word Forms 1 Total,60,17,1,1,1
Word Forms 1 Total,61,17,1,1,1
Word Forms 1 Total,62,17,1,1,1
Word Forms 1 Total,63,17,1,1,1
Word Forms 1 Total,64,17,1,1,1
Word Forms 1 Total,65,17,1,1,1
Word Forms 1 Total,66,17,1,1,1
Word Forms 1 Total,67,17,1,1,1
Word Forms 1 Total,68,17,1,1,1
Word Forms 1 Total,69,17,1,1,1
Word Forms 1 Total,70,17,1,1,2
Word Forms 1 Total,71,17,1,1,2
Word Forms 1 Total,72,17,1,1,2
Word Forms 1 Total,73,17,1,1,2
Word Forms 1 Total,74,17,1,1,2
Word Forms 1 Total,75,17,2,1,2
Word Forms 1 Total,76,17,2,1,2
Word Forms 1 Total,77,17,2,1,2
Word Forms 1 Total,78,17,2,2,2
Word Forms 1 Total,79,17,2,2,2
Word Forms 1 Total,80,17,2,2,3
Word Forms 1 Total,81,17,2,2,3
Word Forms 1 Total,82,17,2,2,3
Word Forms 1 Total,83,17,2,2,3
Word Forms 1 Total,84,17,3,2,3
Word Forms 1 Total,85,17,3,2,3
Word Forms 1 Total,86,17,3,2,4
Word Forms 1 Total,87,17,3,3,4
Word Forms 1 Total,88,17,3,3,4
Word Forms 1 Total,89,17,3,3,4
Word Forms 1 Total,90,17,4,3,5
Word Forms 1 Total,91,17,4,3,5
Word Forms 1 Total,92,17,4,4,5
Word Forms 1 Total,93,17,5,4,6
Word Forms 1 Total,94,17,5,4,6
Word Forms 1 Total,95,17,5,5,7
Word Forms 1 Total,96,17,6,5,7
Word Forms 1 Total,97,17,7,6,8
Word Forms 1 Total,98,17,8,7,9
Word Forms 1 Total,99,17,9,8,11
Word Forms 1 Total,0,18,0,0,0
Word Forms 1 Total,1,18,0,0,0
Word Forms 1 Total,2,18,0,0,0
Word Forms 1 Total,3,18,0,0,0
Word Forms 1 Total,4,18,0,0,0
Word Forms 1 Total,5,18,0,0,0
Word Forms 1 Total,6,18,0,0,0
Word Forms 1 Total,7,18,0,0,0
Word Forms 1 Total,8,18,0,0,0
Word Forms 1 Total,9,18,0,0,0
Word Forms 1 Total,10,18,0,0,0
Word Forms 1 Total,11,18,0,0,0
Word Forms 1 Total,12,18,0,0,0
Word Forms 1 Total,13,18,0,0,0
Word Forms 1 Total,14,18,0,0,0
Word Forms 1 Total,15,18,0,0,0
Word Forms 1 Total,16,18,0,0,0
Word Forms 1 Total,17,18,0,0,0
Word Forms 1 Total,18,18,0,0,0
Word Forms 1 Total,19,18,0,0,0
Word Forms 1 Total,20,18,0,0,0
Word Forms 1 Total,21,18,0,0,0
Word Forms 1 Total,22,18,0,0,0
Word Forms 1 Total,23,18,0,0,0
Word Forms 1 Total,24,18,0,0,0
Word Forms 1 Total,25,18,0,0,0
Word Forms 1 Total,26,18,0,0,0
Word Forms 1 Total,27,18,0,0,0
Word Forms 1 Total,28,18,0,0,0
Word Forms 1 Total,29,18,0,0,0
Word Forms 1 Total,30,18,0,0,0
Word Forms 1 Total,31,18,0,0,0
Word Forms 1 Total,32,18,0,0,0
Word Forms 1 Total,33,18,0,0,0
Word Forms 1 Total,34,18,0,0,0
Word Forms 1 Total,35,18,0,0,0
Word Forms 1 Total,36,18,0,0,0
Word Forms 1 Total,37,18,0,0,0
Word Forms 1 Total,38,18,0,0,0
Word Forms 1 Total,39,18,0,0,0
Word Forms 1 Total,40,18,0,0,0
Word Forms 1 Total,41,18,0,0,0
Word Forms 1 Total,42,18,0,0,0
Word Forms 1 Total,43,18,0,0,0
Word Forms 1 Total,44,18,0,0,0
Word Forms 1 Total,45,18,0,0,1
Word Forms 1 Total,46,18,0,0,1
Word Forms 1 Total,47,18,0,0,1
Word Forms 1 Total,48,18,0,0,1
Word Forms 1 Total,49,18,0,0,1
Word Forms 1 Total,50,18,1,0,1
Word Forms 1 Total,51,18,1,0,1
Word Forms 1 Total,52,18,1,0,1
Word Forms 1 Total,53,18,1,1,1
Word Forms 1 Total,54,18,1,1,1
Word Forms 1 Total,55,18,1,1,1
Word Forms 1 Total,56,18,1,1,1
Word Forms 1 Total,57,18,1,1,1
Word Forms 1 Total,58,18,1,1,1
Word Forms 1 Total,59,18,1,1,1
Word Forms 1 Total,60,18,1,1,1
Word Forms 1 Total,61,18,1,1,1
Word Forms 1 Total,62,18,1,1,1
Word Forms 1 Total,63,18,1,1,1
Word Forms 1 Total,64,18,1,1,1
Word Forms 1 Total,65,18,1,1,2
Word Forms 1 Total,66,18,1,1,2
Word Forms 1 Total,67,18,1,1,2
Word Forms 1 Total,68,18,1,1,2
Word Forms 1 Total,69,18,2,1,2
Word Forms 1 Total,70,18,2,1,2
Word Forms 1 Total,71,18,2,1,2
Word Forms 1 Total,72,18,2,1,2
Word Forms 1 Total,73,18,2,2,2
Word Forms 1 Total,74,18,2,2,2
Word Forms 1 Total,75,18,2,2,3
Word Forms 1 Total,76,18,2,2,3
Word Forms 1 Total,77,18,2,2,3
Word Forms 1 Total,78,18,2,2,3
Word Forms 1 Total,79,18,3,2,3
Word Forms 1 Total,80,18,3,2,3
Word Forms 1 Total,81,18,3,2,3
Word Forms 1 Total,82,18,3,2,4
Word Forms 1 Total,83,18,3,3,4
Word Forms 1 Total,84,18,3,3,4
Word Forms 1 Total,85,18,3,3,4
Word Forms 1 Total,86,18,4,3,5
Word Forms 1 Total,87,18,4,3,5
Word Forms 1 Total,88,18,4,4,5
Word Forms 1 Total,89,18,4,4,5
Word Forms 1 Total,90,18,5,4,6
Word Forms 1 Total,91,18,5,4,6
Word Forms 1 Total,92,18,5,5,6
Word Forms 1 Total,93,18,6,5,7
Word Forms 1 Total,94,18,6,5,7
Word Forms 1 Total,95,18,7,6,8
Word Forms 1 Total,96,18,7,6,9
Word Forms 1 Total,97,18,8,7,10
Word Forms 1 Total,98,18,9,8,11
Word Forms 1 Total,99,18,11,10,13
Word Forms 1 Total,0,19,0,0,0
Word Forms 1 Total,1,19,0,0,0
Word Forms 1 Total,2,19,0,0,0
Word Forms 1 Total,3,19,0,0,0
Word Forms 1 Total,4,19,0,0,0
Word Forms 1 Total,5,19,0,0,0
Word Forms 1 Total,6,19,0,0,0
Word Forms 1 Total,7,19,0,0,0
Word Forms 1 Total,8,19,0,0,0
Word Forms 1 Total,9,19,0,0,0
Word Forms 1 Total,10,19,0,0,0
Word Forms 1 Total,11,19,0,0,0
Word Forms 1 Total,12,19,0,0,0
Word Forms 1 Total,13,19,0,0,0
Word Forms 1 Total,14,19,0,0,0
Word Forms 1 Total,15,19,0,0,0
Word Forms 1 Total,16,19,0,0,0
Word Forms 1 Total,17,19,0,0,0
Word Forms 1 Total,18,19,0,0,0
Word Forms 1 Total,19,19,0,0,0
Word Forms 1 Total,20,19,0,0,0
Word Forms 1 Total,21,19,0,0,0
Word Forms 1 Total,22,19,0,0,0
Word Forms 1 Total,23,19,0,0,0
Word Forms 1 Total,24,19,0,0,0
Word Forms 1 Total,25,19,0,0,0
Word Forms 1 Total,26,19,0,0,0
Word Forms 1 Total,27,19,0,0,0
Word Forms 1 Total,28,19,0,0,0
Word Forms 1 Total,29,19,0,0,0
Word Forms 1 Total,30,19,0,0,0
Word Forms 1 Total,31,19,0,0,0
Word Forms 1 Total,32,19,0,0,0
Word Forms 1 Total,33,19,0,0,0
Word Forms 1 Total,34,19,0,0,0
Word Forms 1 Total,35,19,0,0,0
Word Forms 1 Total,36,19,0,0,0
Word Forms 1 Total,37,19,0,0,0
Word Forms 1 Total,38,19,0,0,0
Word Forms 1 Total,39,19,0,0,1
Word Forms 1 Total,40,19,0,0,1
Word Forms 1 Total,41,19,0,0,1
Word Forms 1 Total,42,19,0,0,1
Word Forms 1 Total,43,19,0,0,1
Word Forms 1 Total,44,19,1,0,1
Word Forms 1 Total,45,19,1,0,1
Word Forms 1 Total,46,19,1,0,1
Word Forms 1 Total,47,19,1,0,1
Word Forms 1 Total,48,19,1,1,1
Word Forms 1 Total,49,19,1,1,1
Word Forms 1 Total,50,19,1,1,1
Word Forms 1 Total,51,19,1,1,1
Word Forms 1 Total,52,19,1,1,1
Word Forms 1 Total,53,19,1,1,1
Word Forms 1 Total,54,19,1,1,1
Word Forms 1 Total,55,19,1,1,1
Word Forms 1 Total,56,19,1,1,1
Word Forms 1 Total,57,19,1,1,1
Word Forms 1 Total,58,19,1,1,2
Word Forms 1 Total,59,19,1,1,2
Word Forms 1 Total,60,19,1,1,2
Word Forms 1 Total,61,19,1,1,2
Word Forms 1 Total,62,19,1,1,2
Word Forms 1 Total,63,19,2,1,2
Word Forms 1 Total,64,19,2,1,2
Word Forms 1 Total,65,19,2,1,2
Word Forms 1 Total,66,19,2,1,2
Word Forms 1 Total,67,19,2,1,2
Word Forms 1 Total,68,19,2,2,2
Word Forms 1 Total,69,19,2,2,3
Word Forms 1 Total,70,19,2,2,3
Word Forms 1 Total,71,19,2,2,3
Word Forms 1 Total,72,19,2,2,3
Word Forms 1 Total,73,19,2,2,3
Word Forms 1 Total,74,19,3,2,3
Word Forms 1 Total,75,19,3,2,3
Word Forms 1 Total,76,19,3,2,4
Word Forms 1 Total,77,19,3,2,4
Word Forms 1 Total,78,19,3,3,4
Word Forms 1 Total,79,19,3,3,4
Word Forms 1 Total,80,19,3,3,4
Word Forms 1 Total,81,19,4,3,4
Word Forms 1 Total,82,19,4,3,5
Word Forms 1 Total,83,19,4,3,5
Word Forms 1 Total,84,19,4,3,5
Word Forms 1 Total,85,19,4,4,5
Word Forms 1 Total,86,19,5,4,6
Word Forms 1 Total,87,19,5,4,6
Word Forms 1 Total,88,19,5,4,6
Word Forms 1 Total,89,19,6,5,7
Word Forms 1 Total,90,19,6,5,7
Word Forms 1 Total,91,19,6,5,7
Word Forms 1 Total,92,19,7,6,8
Word Forms 1 Total,93,19,7,6,8
Word Forms 1 Total,94,19,8,6,9
Word Forms 1 Total,95,19,8,7,10
Word Forms 1 Total,96,19,9,8,10
Word Forms 1 Total,97,19,10,8,11
Word Forms 1 Total,98,19,11,10,13
Word Forms 1 Total,99,19,13,11,15
Word Forms 1 Total,0,20,0,0,0
Word Forms 1 Total,1,20,0,0,0
Word Forms 1 Total,2,20,0,0,0
Word Forms 1 Total,3,20,0,0,0
Word Forms 1 Total,4,20,0,0,0
Word Forms 1 Total,5,20,0,0,0
Word Forms 1 Total,6,20,0,0,0
Word Forms 1 Total,7,20,0,0,0
Word Forms 1 Total,8,20,0,0,0
Word Forms 1 Total,9,20,0,0,0
Word Forms 1 Total,10,20,0,0,0
Word Forms 1 Total,11,20,0,0,0
Word Forms 1 Total,12,20,0,0,0
Word Forms 1 Total,13,20,0,0,0
Word Forms 1 Total,14,20,0,0,0
Word Forms 1 Total,15,20,0,0,0
Word Forms 1 Total,16,20,0,0,0
Word Forms 1 Total,17,20,0,0,0
Word Forms 1 Total,18,20,0,0,0
Word Forms 1 Total,19,20,0,0,0
Word Forms 1 Total,20,20,0,0,0
Word Forms 1 Total,21,20,0,0,0
Word Forms 1 Total,22,20,0,0,0
Word Forms 1 Total,23,20,0,0,0
Word Forms 1 Total,24,20,0,0,0
Word Forms 1 Total,25,20,0,0,0
Word Forms 1 Total,26,20,0,0,0
Word Forms 1 Total,27,20,0,0,0
Word Forms 1 Total,28,20,0,0,0
Word Forms 1 Total,29,20,0,0,0
Word Forms 1 Total,30,20,0,0,0
Word Forms 1 Total,31,20,0,0,0
Word Forms 1 Total,32,20,0,0,0
Word Forms 1 Total,33,20,0,0,0
Word Forms 1 Total,34,20,0,0,1
Word Forms 1 Total,35,20,0,0,1
Word Forms 1 Total,36,20,0,0,1
Word Forms 1 Total,37,20,0,0,1
Word Forms 1 Total,38,20,1,0,1
Word Forms 1 Total,39,20,1,0,1
Word Forms 1 Total,40,20,1,0,1
Word Forms 1 Total,41,20,1,0,1
Word Forms 1 Total,42,20,1,1,1
Word Forms 1 Total,43,20,1,1,1
Word Forms 1 Total,44,20,1,1,1
Word Forms 1 Total,45,20,1,1,1
Word Forms 1 Total,46,20,1,1,1
Word Forms 1 Total,47,20,1,1,1
Word Forms 1 Total,48,20,1,1,1
Word Forms 1 Total,49,20,1,1,1
Word Forms 1 Total,50,20,1,1,1
Word Forms 1 Total,51,20,1,1,1
Word Forms 1 Total,52,20,1,1,2
Word Forms 1 Total,53,20,1,1,2
Word Forms 1 Total,54,20,1,1,2
Word Forms 1 Total,55,20,1,1,2
Word Forms 1 Total,56,20,1,1,2
Word Forms 1 Total,57,20,2,1,2
Word Forms 1 Total,58,20,2,1,2
Word Forms 1 Total,59,20,2,1,2
Word Forms 1 Total,60,20,2,1,2
Word Forms 1 Total,61,20,2,1,2
Word Forms 1 Total,62,20,2,2,2
Word Forms 1 Total,63,20,2,2,3
Word Forms 1 Total,64,20,2,2,3
Word Forms 1 Total,65,20,2,2,3
Word Forms 1 Total,66,20,2,2,3
Word Forms 1 Total,67,20,2,2,3
Word Forms 1 Total,68,20,3,2,3
Word Forms 1 Total,69,20,3,2,3
Word Forms 1 Total,70,20,3,2,4
Word Forms 1 Total,71,20,3,2,4
Word Forms 1 Total,72,20,3,2,4
Word Forms 1 Total,73,20,3,3,4
Word Forms 1 Total,74,20,3,3,4
Word Forms 1 Total,75,20,4,3,4
Word Forms 1 Total,76,20,4,3,5
Word Forms 1 Total,77,20,4,3,5
Word Forms 1 Total,78,20,4,3,5
Word Forms 1 Total,79,20,4,3,5
Word Forms 1 Total,80,20,4,4,5
Word Forms 1 Total,81,20,5,4,6
Word Forms 1 Total,82,20,5,4,6
Word Forms 1 Total,83,20,5,4,6
Word Forms 1 Total,84,20,5,4,6
Word Forms 1 Total,85,20,6,5,7
Word Forms 1 Total,86,20,6,5,7
Word Forms 1 Total,87,20,6,5,7
Word Forms 1 Total,88,20,7,5,8
Word Forms 1 Total,89,20,7,6,8
Word Forms 1 Total,90,20,7,6,9
Word Forms 1 Total,91,20,8,6,9
Word Forms 1 Total,92,20,8,7,10
Word Forms 1 Total,93,20,9,7,10
Word Forms 1 Total,94,20,9,8,11
Word Forms 1 Total,95,20,10,8,11
Word Forms 1 Total,96,20,11,9,12
Word Forms 1 Total,97,20,12,10,13
Word Forms 1 Total,98,20,13,11,15
Word Forms 1 Total,99,20,15,13,17
Word Forms 1 Total,0,21,0,0,0
Word Forms 1 Total,1,21,0,0,0
Word Forms 1 Total,2,21,0,0,0
Word Forms 1 Total,3,21,0,0,0
Word Forms 1 Total,4,21,0,0,0
Word Forms 1 Total,5,21,0,0,0
Word Forms 1 Total,6,21,0,0,0
Word Forms 1 Total,7,21,0,0,0
Word Forms 1 Total,8,21,0,0,0
Word Forms 1 Total,9,21,0,0,0
Word Forms 1 Total,10,21,0,0,0
Word Forms 1 Total,11,21,0,0,0
Word Forms 1 Total,12,21,0,0,0
Word Forms 1 Total,13,21,0,0,0
Word Forms 1 Total,14,21,0,0,0
Word Forms 1 Total,15,21,0,0,0
Word Forms 1 Total,16,21,0,0,0
Word Forms 1 Total,17,21,0,0,0
Word Forms 1 Total,18,21,0,0,0
Word Forms 1 Total,19,21,0,0,0
Word Forms 1 Total,20,21,0,0,0
Word Forms 1 Total,21,21,0,0,0
Word Forms 1 Total,22,21,0,0,0
Word Forms 1 Total,23,21,0,0,0
Word Forms 1 Total,24,21,0,0,0
Word Forms 1 Total,25,21,0,0,0
Word Forms 1 Total,26,21,0,0,0
Word Forms 1 Total,27,21,0,0,0
Word Forms 1 Total,28,21,0,0,0
Word Forms 1 Total,29,21,0,0,1
Word Forms 1 Total,30,21,0,0,1
Word Forms 1 Total,31,21,0,0,1
Word Forms 1 Total,32,21,0,0,1
Word Forms 1 Total,33,21,1,0,1
Word Forms 1 Total,34,21,1,0,1
Word Forms 1 Total,35,21,1,0,1
Word Forms 1 Total,36,21,1,0,1
Word Forms 1 Total,37,21,1,1,1
Word Forms 1 Total,38,21,1,1,1
Word Forms 1 Total,39,21,1,1,1
Word Forms 1 Total,40,21,1,1,1
Word Forms 1 Total,41,21,1,1,1
Word Forms 1 Total,42,21,1,1,1
Word Forms 1 Total,43,21,1,1,1
Word Forms 1 Total,44,21,1,1,1
Word Forms 1 Total,45,21,1,1,1
Word Forms 1 Total,46,21,1,1,2
Word Forms 1 Total,47,21,1,1,2
Word Forms 1 Total,48,21,1,1,2
Word Forms 1 Total,49,21,1,1,2
Word Forms 1 Total,50,21,1,1,2
Word Forms 1 Total,51,21,2,1,2
Word Forms 1 Total,52,21,2,1,2
Word Forms 1 Total,53,21,2,1,2
Word Forms 1 Total,54,21,2,1,2
Word Forms 1 Total,55,21,2,1,2
Word Forms 1 Total,56,21,2,2,3
Word Forms 1 Total,57,21,2,2,3
Word Forms 1 Total,58,21,2,2,3
Word Forms 1 Total,59,21,2,2,3
Word Forms 1 Total,60,21,2,2,3
Word Forms 1 Total,61,21,2,2,3
Word Forms 1 Total,62,21,3,2,3
Word Forms 1 Total,63,21,3,2,3
Word Forms 1 Total,64,21,3,2,4
Word Forms 1 Total,65,21,3,2,4
Word Forms 1 Total,66,21,3,2,4
Word Forms 1 Total,67,21,3,3,4
Word Forms 1 Total,68,21,3,3,4
Word Forms 1 Total,69,21,4,3,4
Word Forms 1 Total,70,21,4,3,5
Word Forms 1 Total,71,21,4,3,5
Word Forms 1 Total,72,21,4,3,5
Word Forms 1 Total,73,21,4,3,5
Word Forms 1 Total,74,21,4,3,5
Word Forms 1 Total,75,21,5,4,6
Word Forms 1 Total,76,21,5,4,6
Word Forms 1 Total,77,21,5,4,6
Word Forms 1 Total,78,21,5,4,6
Word Forms 1 Total,79,21,5,4,6
Word Forms 1 Total,80,21,6,4,7
Word Forms 1 Total,81,21,6,5,7
Word Forms 1 Total,82,21,6,5,7
Word Forms 1 Total,83,21,6,5,8
Word Forms 1 Total,84,21,7,5,8
Word Forms 1 Total,85,21,7,6,8
Word Forms 1 Total,86,21,7,6,9
Word Forms 1 Total,87,21,8,6,9
Word Forms 1 Total,88,21,8,7,9
Word Forms 1 Total,89,21,8,7,10
Word Forms 1 Total,90,21,9,7,10
Word Forms 1 Total,91,21,9,8,11
Word Forms 1 Total,92,21,10,8,11
Word Forms 1 Total,93,21,10,9,12
Word Forms 1 Total,94,21,11,9,13
Word Forms 1 Total,95,21,12,10,13
Word Forms 1 Total,96,21,13,11,14
Word Forms 1 Total,97,21,14,12,15
Word Forms 1 Total,98,21,15,13,17
Word Forms 1 Total,99,21,17,15,18
Word Forms 1 Total,0,22,0,0,0
Word Forms 1 Total,1,22,0,0,0
Word Forms 1 Total,2,22,0,0,0
Word Forms 1 Total,3,22,0,0,0
Word Forms 1 Total,4,22,0,0,0
Word Forms 1 Total,5,22,0,0,0
Word Forms 1 Total,6,22,0,0,0
Word Forms 1 Total,7,22,0,0,0
Word Forms 1 Total,8,22,0,0,0
Word Forms 1 Total,9,22,0,0,0
Word Forms 1 Total,10,22,0,0,0
Word Forms 1 Total,11,22,0,0,0
Word Forms 1 Total,12,22,0,0,0
Word Forms 1 Total,13,22,0,0,0
Word Forms 1 Total,14,22,0,0,0
Word Forms 1 Total,15,22,0,0,0
Word Forms 1 Total,16,22,0,0,0
Word Forms 1 Total,17,22,0,0,0
Word Forms 1 Total,18,22,0,0,0
Word Forms 1 Total,19,22,0,0,0
Word Forms 1 Total,20,22,0,0,0
Word Forms 1 Total,21,22,0,0,0
Word Forms 1 Total,22,22,0,0,0
Word Forms 1 Total,23,22,0,0,0
Word Forms 1 Total,24,22,0,0,1
Word Forms 1 Total,25,22,0,0,1
Word Forms 1 Total,26,22,0,0,1
Word Forms 1 Total,27,22,0,0,1
Word Forms 1 Total,28,22,1,0,1
Word Forms 1 Total,29,22,1,0,1
Word Forms 1 Total,30,22,1,0,1
Word Forms 1 Total,31,22,1,1,1
Word Forms 1 Total,32,22,1,1,1
Word Forms 1 Total,33,22,1,1,1
Word Forms 1 Total,34,22,1,1,1
Word Forms 1 Total,35,22,1,1,1
Word Forms 1 Total,36,22,1,1,1
Word Forms 1 Total,37,22,1,1,1
Word Forms 1 Total,38,22,1,1,1
Word Forms 1 Total,39,22,1,1,1
Word Forms 1 Total,40,22,1,1,2
Word Forms 1 Total,41,22,1,1,2
Word Forms 1 Total,42,22,1,1,2
Word Forms 1 Total,43,22,1,1,2
Word Forms 1 Total,44,22,1,1,2
Word Forms 1 Total,45,22,2,1,2
Word Forms 1 Total,46,22,2,1,2
Word Forms 1 Total,47,22,2,1,2
Word Forms 1 Total,48,22,2,1,2
Word Forms 1 Total,49,22,2,1,2
Word Forms 1 Total,50,22,2,2,3
Word Forms 1 Total,51,22,2,2,3
Word Forms 1 Total,52,22,2,2,3
Word Forms 1 Total,53,22,2,2,3
Word Forms 1 Total,54,22,2,2,3
Word Forms 1 Total,55,22,3,2,3
Word Forms 1 Total,56,22,3,2,3
Word Forms 1 Total,57,22,3,2,3
Word Forms 1 Total,58,22,3,2,4
Word Forms 1 Total,59,22,3,2,4
Word Forms 1 Total,60,22,3,2,4
Word Forms 1 Total,61,22,3,3,4
Word Forms 1 Total,62,22,3,3,4
Word Forms 1 Total,63,22,4,3,4
Word Forms 1 Total,64,22,4,3,5
Word Forms 1 Total,65,22,4,3,5
Word Forms 1 Total,66,22,4,3,5
Word Forms 1 Total,67,22,4,3,5
Word Forms 1 Total,68,22,4,3,5
Word Forms 1 Total,69,22,5,4,6
Word Forms 1 Total,70,22,5,4,6
Word Forms 1 Total,71,22,5,4,6
Word Forms 1 Total,72,22,5,4,6
Word Forms 1 Total,73,22,5,4,6
Word Forms 1 Total,74,22,5,4,7
Word Forms 1 Total,75,22,6,5,7
Word Forms 1 Total,76,22,6,5,7
Word Forms 1 Total,77,22,6,5,7
Word Forms 1 Total,78,22,6,5,8
Word Forms 1 Total,79,22,7,5,8
Word Forms 1 Total,80,22,7,6,8
Word Forms 1 Total,81,22,7,6,9
Word Forms 1 Total,82,22,8,6,9
Word Forms 1 Total,83,22,8,6,9
Word Forms 1 Total,84,22,8,7,10
Word Forms 1 Total,85,22,8,7,10
Word Forms 1 Total,86,22,9,7,10
Word Forms 1 Total,87,22,9,7,11
Word Forms 1 Total,88,22,10,8,11
Word Forms 1 Total,89,22,10,8,12
Word Forms 1 Total,90,22,11,9,12
Word Forms 1 Total,91,22,11,9,13
Word Forms 1 Total,92,22,12,10,13
Word Forms 1 Total,93,22,12,10,14
Word Forms 1 Total,94,22,13,11,15
Word Forms 1 Total,95,22,14,11,15
Word Forms 1 Total,96,22,14,12,16
Word Forms 1 Total,97,22,16,13,17
Word Forms 1 Total,98,22,17,15,18
Word Forms 1 Total,99,22,19,16,20
Word Forms 1 Total,0,23,0,0,0
Word Forms 1 Total,1,23,0,0,0
Word Forms 1 Total,2,23,0,0,0
Word Forms 1 Total,3,23,0,0,0
Word Forms 1 Total,4,23,0,0,0
Word Forms 1 Total,5,23,0,0,0
Word Forms 1 Total,6,23,0,0,0
Word Forms 1 Total,7,23,0,0,0
Word Forms 1 Total,8,23,0,0,0
Word Forms 1 Total,9,23,0,0,0
Word Forms 1 Total,10,23,0,0,0
Word Forms 1 Total,11,23,0,0,0
Word Forms 1 Total,12,23,0,0,0
Word Forms 1 Total,13,23,0,0,0
Word Forms 1 Total,14,23,0,0,0
Word Forms 1 Total,15,23,0,0,0
Word Forms 1 Total,16,23,0,0,0
Word Forms 1 Total,17,23,0,0,0
Word Forms 1 Total,18,23,0,0,0
Word Forms 1 Total,19,23,0,0,0
Word Forms 1 Total,20,23,0,0,1
Word Forms 1 Total,21,23,0,0,1
Word Forms 1 Total,22,23,0,0,1
Word Forms 1 Total,23,23,1,0,1
Word Forms 1 Total,24,23,1,0,1
Word Forms 1 Total,25,23,1,0,1
Word Forms 1 Total,26,23,1,1,1
Word Forms 1 Total,27,23,1,1,1
Word Forms 1 Total,28,23,1,1,1
Word Forms 1 Total,29,23,1,1,1
Word Forms 1 Total,30,23,1,1,1
Word Forms 1 Total,31,23,1,1,1
Word Forms 1 Total,32,23,1,1,1
Word Forms 1 Total,33,23,1,1,1
Word Forms 1 Total,34,23,1,1,2
Word Forms 1 Total,35,23,1,1,2
Word Forms 1 Total,36,23,1,1,2
Word Forms 1 Total,37,23,1,1,2
Word Forms 1 Total,38,23,1,1,2
Word Forms 1 Total,39,23,2,1,2
Word Forms 1 Total,40,23,2,1,2
Word Forms 1 Total,41,23,2,1,2
Word Forms 1 Total,42,23,2,1,2
Word Forms 1 Total,43,23,2,1,2
Word Forms 1 Total,44,23,2,2,3
Word Forms 1 Total,45,23,2,2,3
Word Forms 1 Total,46,23,2,2,3
Word Forms 1 Total,47,23,2,2,3
Word Forms 1 Total,48,23,2,2,3
Word Forms 1 Total,49,23,3,2,3
Word Forms 1 Total,50,23,3,2,3
Word Forms 1 Total,51,23,3,2,4
Word Forms 1 Total,52,23,3,2,4
Word Forms 1 Total,53,23,3,2,4
Word Forms 1 Total,54,23,3,2,4
Word Forms 1 Total,55,23,3,3,4
Word Forms 1 Total,56,23,3,3,4
Word Forms 1 Total,57,23,4,3,4
Word Forms 1 Total,58,23,4,3,5
Word Forms 1 Total,59,23,4,3,5
Word Forms 1 Total,60,23,4,3,5
Word Forms 1 Total,61,23,4,3,5
Word Forms 1 Total,62,23,4,3,5
Word Forms 1 Total,63,23,5,4,6
Word Forms 1 Total,64,23,5,4,6
Word Forms 1 Total,65,23,5,4,6
Word Forms 1 Total,66,23,5,4,6
Word Forms 1 Total,67,23,5,4,6
Word Forms 1 Total,68,23,5,4,7
Word Forms 1 Total,69,23,6,4,7
Word Forms 1 Total,70,23,6,5,7
Word Forms 1 Total,71,23,6,5,7
Word Forms 1 Total,72,23,6,5,8
Word Forms 1 Total,73,23,7,5,8
Word Forms 1 Total,74,23,7,5,8
Word Forms 1 Total,75,23,7,6,8
Word Forms 1 Total,76,23,7,6,9
Word Forms 1 Total,77,23,8,6,9
Word Forms 1 Total,78,23,8,6,9
Word Forms 1 Total,79,23,8,7,10
Word Forms 1 Total,80,23,8,7,10
Word Forms 1 Total,81,23,9,7,10
Word Forms 1 Total,82,23,9,7,11
Word Forms 1 Total,83,23,9,8,11
Word Forms 1 Total,84,23,10,8,11
Word Forms 1 Total,85,23,10,8,12
Word Forms 1 Total,86,23,11,9,12
Word Forms 1 Total,87,23,11,9,13
Word Forms 1 Total,88,23,11,9,13
Word Forms 1 Total,89,23,12,10,14
Word Forms 1 Total,90,23,12,10,14
Word Forms 1 Total,91,23,13,11,15
Word Forms 1 Total,92,23,13,11,15
Word Forms 1 Total,93,23,14,12,16
Word Forms 1 Total,94,23,15,12,16
Word Forms 1 Total,95,23,16,13,17
Word Forms 1 Total,96,23,16,14,18
Word Forms 1 Total,97,23,17,15,19
Word Forms 1 Total,98,23,19,16,20
Word Forms 1 Total,99,23,20,18,22
Word Forms 1 Total,0,24,0,0,0
Word Forms 1 Total,1,24,0,0,0
Word Forms 1 Total,2,24,0,0,0
Word Forms 1 Total,3,24,0,0,0
Word Forms 1 Total,4,24,0,0,0
Word Forms 1 Total,5,24,0,0,0
Word Forms 1 Total,6,24,0,0,0
Word Forms 1 Total,7,24,0,0,0
Word Forms 1 Total,8,24,0,0,0
Word Forms 1 Total,9,24,0,0,0
Word Forms 1 Total,10,24,0,0,0
Word Forms 1 Total,11,24,0,0,0
Word Forms 1 Total,12,24,0,0,0
Word Forms 1 Total,13,24,0,0,0
Word Forms 1 Total,14,24,0,0,0
Word Forms 1 Total,15,24,0,0,0
Word Forms 1 Total,16,24,0,0,1
Word Forms 1 Total,17,24,0,0,1
Word Forms 1 Total,18,24,0,0,1
Word Forms 1 Total,19,24,1,0,1
Word Forms 1 Total,20,24,1,0,1
Word Forms 1 Total,21,24,1,0,1
Word Forms 1 Total,22,24,1,1,1
Word Forms 1 Total,23,24,1,1,1
Word Forms 1 Total,24,24,1,1,1
Word Forms 1 Total,25,24,1,1,1
Word Forms 1 Total,26,24,1,1,1
Word Forms 1 Total,27,24,1,1,1
Word Forms 1 Total,28,24,1,1,1
Word Forms 1 Total,29,24,1,1,2
Word Forms 1 Total,30,24,1,1,2
Word Forms 1 Total,31,24,1,1,2
Word Forms 1 Total,32,24,1,1,2
Word Forms 1 Total,33,24,1,1,2
Word Forms 1 Total,34,24,2,1,2
Word Forms 1 Total,35,24,2,1,2
Word Forms 1 Total,36,24,2,1,2
Word Forms 1 Total,37,24,2,1,2
Word Forms 1 Total,38,24,2,2,3
Word Forms 1 Total,39,24,2,2,3
Word Forms 1 Total,40,24,2,2,3
Word Forms 1 Total,41,24,2,2,3
Word Forms 1 Total,42,24,2,2,3
Word Forms 1 Total,43,24,3,2,3
Word Forms 1 Total,44,24,3,2,3
Word Forms 1 Total,45,24,3,2,4
Word Forms 1 Total,46,24,3,2,4
Word Forms 1 Total,47,24,3,2,4
Word Forms 1 Total,48,24,3,2,4
Word Forms 1 Total,49,24,3,3,4
Word Forms 1 Total,50,24,3,3,4
Word Forms 1 Total,51,24,4,3,5
Word Forms 1 Total,52,24,4,3,5
Word Forms 1 Total,53,24,4,3,5
Word Forms 1 Total,54,24,4,3,5
Word Forms 1 Total,55,24,4,3,5
Word Forms 1 Total,56,24,4,3,5
Word Forms 1 Total,57,24,5,4,6
Word Forms 1 Total,58,24,5,4,6
Word Forms 1 Total,59,24,5,4,6
Word Forms 1 Total,60,24,5,4,6
Word Forms 1 Total,61,24,5,4,7
Word Forms 1 Total,62,24,6,4,7
Word Forms 1 Total,63,24,6,4,7
Word Forms 1 Total,64,24,6,5,7
Word Forms 1 Total,65,24,6,5,7
Word Forms 1 Total,66,24,6,5,8
Word Forms 1 Total,67,24,7,5,8
Word Forms 1 Total,68,24,7,5,8
Word Forms 1 Total,69,24,7,6,8
Word Forms 1 Total,70,24,7,6,9
Word Forms 1 Total,71,24,8,6,9
Word Forms 1 Total,72,24,8,6,9
Word Forms 1 Total,73,24,8,6,10
Word Forms 1 Total,74,24,8,7,10
Word Forms 1 Total,75,24,9,7,10
Word Forms 1 Total,76,24,9,7,10
Word Forms 1 Total,77,24,9,7,11
Word Forms 1 Total,78,24,9,8,11
Word Forms 1 Total,79,24,10,8,11
Word Forms 1 Total,80,24,10,8,12
Word Forms 1 Total,81,24,10,8,12
Word Forms 1 Total,82,24,11,9,12
Word Forms 1 Total,83,24,11,9,13
Word Forms 1 Total,84,24,12,9,13
Word Forms 1 Total,85,24,12,10,14
Word Forms 1 Total,86,24,12,10,14
Word Forms 1 Total,87,24,13,10,15
Word Forms 1 Total,88,24,13,11,15
Word Forms 1 Total,89,24,14,11,15
Word Forms 1 Total,90,24,14,12,16
Word Forms 1 Total,91,24,15,12,16
Word Forms 1 Total,92,24,15,13,17
Word Forms 1 Total,93,24,16,13,18
Word Forms 1 Total,94,24,17,14,18
Word Forms 1 Total,95,24,17,15,19
Word Forms 1 Total,96,24,18,16,20
Word Forms 1 Total,97,24,19,17,20
Word Forms 1 Total,98,24,20,18,21
Word Forms 1 Total,99,24,22,20,23
Word Forms 1 Total,0,25,0,0,0
Word Forms 1 Total,1,25,0,0,0
Word Forms 1 Total,2,25,0,0,0
Word Forms 1 Total,3,25,0,0,0
Word Forms 1 Total,4,25,0,0,0
Word Forms 1 Total,5,25,0,0,0
Word Forms 1 Total,6,25,0,0,0
Word Forms 1 Total,7,25,0,0,0
Word Forms 1 Total,8,25,0,0,0
Word Forms 1 Total,9,25,0,0,0
Word Forms 1 Total,10,25,0,0,0
Word Forms 1 Total,11,25,0,0,0
Word Forms 1 Total,12,25,0,0,0
Word Forms 1 Total,13,25,0,0,1
Word Forms 1 Total,14,25,0,0,1
Word Forms 1 Total,15,25,0,0,1
Word Forms 1 Total,16,25,1,0,1
Word Forms 1 Total,17,25,1,0,1
Word Forms 1 Total,18,25,1,1,1
Word Forms 1 Total,19,25,1,1,1
Word Forms 1 Total,20,25,1,1,1
Word Forms 1 Total,21,25,1,1,1
Word Forms 1 Total,22,25,1,1,1
Word Forms 1 Total,23,25,1,1,1
Word Forms 1 Total,24,25,1,1,2
Word Forms 1 Total,25,25,1,1,2
Word Forms 1 Total,26,25,1,1,2
Word Forms 1 Total,27,25,1,1,2
Word Forms 1 Total,28,25,1,1,2
Word Forms 1 Total,29,25,2,1,2
Word Forms 1 Total,30,25,2,1,2
Word Forms 1 Total,31,25,2,1,2
Word Forms 1 Total,32,25,2,2,3
Word Forms 1 Total,33,25,2,2,3
Word Forms 1 Total,34,25,2,2,3
Word Forms 1 Total,35,25,2,2,3
Word Forms 1 Total,36,25,2,2,3
Word Forms 1 Total,37,25,3,2,3
Word Forms 1 Total,38,25,3,2,3
Word Forms 1 Total,39,25,3,2,4
Word Forms 1 Total,40,25,3,2,4
Word Forms 1 Total,41,25,3,2,4
Word Forms 1 Total,42,25,3,2,4
Word Forms 1 Total,43,25,3,3,4
Word Forms 1 Total,44,25,3,3,4
Word Forms 1 Total,45,25,4,3,5
Word Forms 1 Total,46,25,4,3,5
Word Forms 1 Total,47,25,4,3,5
Word Forms 1 Total,48,25,4,3,5
Word Forms 1 Total,49,25,4,3,5
Word Forms 1 Total,50,25,4,3,6
Word Forms 1 Total,51,25,5,4,6
Word Forms 1 Total,52,25,5,4,6
Word Forms 1 Total,53,25,5,4,6
Word Forms 1 Total,54,25,5,4,6
Word Forms 1 Total,55,25,5,4,7
Word Forms 1 Total,56,25,6,4,7
Word Forms 1 Total,57,25,6,5,7
Word Forms 1 Total,58,25,6,5,7
Word Forms 1 Total,59,25,6,5,8
Word Forms 1 Total,60,25,6,5,8
Word Forms 1 Total,61,25,7,5,8
Word Forms 1 Total,62,25,7,5,8
Word Forms 1 Total,63,25,7,6,9
Word Forms 1 Total,64,25,7,6,9
Word Forms 1 Total,65,25,8,6,9
Word Forms 1 Total,66,25,8,6,9
Word Forms 1 Total,67,25,8,6,10
Word Forms 1 Total,68,25,8,7,10
Word Forms 1 Total,69,25,9,7,10
Word Forms 1 Total,70,25,9,7,10
Word Forms 1 Total,71,25,9,7,11
Word Forms 1 Total,72,25,9,7,11
Word Forms 1 Total,73,25,10,8,11
Word Forms 1 Total,74,25,10,8,12
Word Forms 1 Total,75,25,10,8,12
Word Forms 1 Total,76,25,11,8,12
Word Forms 1 Total,77,25,11,9,13
Word Forms 1 Total,78,25,11,9,13
Word Forms 1 Total,79,25,12,9,13
Word Forms 1 Total,80,25,12,10,14
Word Forms 1 Total,81,25,12,10,14
Word Forms 1 Total,82,25,13,10,14
Word Forms 1 Total,83,25,13,11,15
Word Forms 1 Total,84,25,13,11,15
Word Forms 1 Total,85,25,14,11,16
Word Forms 1 Total,86,25,14,12,16
Word Forms 1 Total,87,25,15,12,16
Word Forms 1 Total,88,25,15,13,17
Word Forms 1 Total,89,25,16,13,17
Word Forms 1 Total,90,25,16,13,18
Word Forms 1 Total,91,25,17,14,18
Word Forms 1 Total,92,25,17,15,19
Word Forms 1 Total,93,25,18,15,19
Word Forms 1 Total,94,25,18,16,20
Word Forms 1 Total,95,25,19,16,20
Word Forms 1 Total,96,25,20,17,21
Word Forms 1 Total,97,25,21,18,22
Word Forms 1 Total,98,25,22,19,23
Word Forms 1 Total,99,25,23,21,23
Word Forms 1 Total,0,26,0,0,0
Word Forms 1 Total,1,26,0,0,0
Word Forms 1 Total,2,26,0,0,0
Word Forms 1 Total,3,26,0,0,0
Word Forms 1 Total,4,26,0,0,0
Word Forms 1 Total,5,26,0,0,0
Word Forms 1 Total,6,26,0,0,0
Word Forms 1 Total,7,26,0,0,0
Word Forms 1 Total,8,26,0,0,0
Word Forms 1 Total,9,26,0,0,0
Word Forms 1 Total,10,26,0,0,1
Word Forms 1 Total,11,26,0,0,1
Word Forms 1 Total,12,26,0,0,1
Word Forms 1 Total,13,26,1,0,1
Word Forms 1 Total,14,26,1,0,1
Word Forms 1 Total,15,26,1,1,1
Word Forms 1 Total,16,26,1,1,1
Word Forms 1 Total,17,26,1,1,1
Word Forms 1 Total,18,26,1,1,1
Word Forms 1 Total,19,26,1,1,2
Word Forms 1 Total,20,26,1,1,2
Word Forms 1 Total,21,26,1,1,2
Word Forms 1 Total,22,26,1,1,2
Word Forms 1 Total,23,26,1,1,2
Word Forms 1 Total,24,26,2,1,2
Word Forms 1 Total,25,26,2,1,2
Word Forms 1 Total,26,26,2,1,2
Word Forms 1 Total,27,26,2,1,3
Word Forms 1 Total,28,26,2,2,3
Word Forms 1 Total,29,26,2,2,3
Word Forms 1 Total,30,26,2,2,3
Word Forms 1 Total,31,26,2,2,3
Word Forms 1 Total,32,26,3,2,3
Word Forms 1 Total,33,26,3,2,4
Word Forms 1 Total,34,26,3,2,4
Word Forms 1 Total,35,26,3,2,4
Word Forms 1 Total,36,26,3,2,4
Word Forms 1 Total,37,26,3,3,4
Word Forms 1 Total,38,26,3,3,5
Word Forms 1 Total,39,26,4,3,5
Word Forms 1 Total,40,26,4,3,5
Word Forms 1 Total,41,26,4,3,5
Word Forms 1 Total,42,26,4,3,5
Word Forms 1 Total,43,26,4,3,5
Word Forms 1 Total,44,26,4,3,6
Word Forms 1 Total,45,26,5,4,6
Word Forms 1 Total,46,26,5,4,6
Word Forms 1 Total,47,26,5,4,6
Word Forms 1 Total,48,26,5,4,7
Word Forms 1 Total,49,26,5,4,7
Word Forms 1 Total,50,26,6,4,7
Word Forms 1 Total,51,26,6,5,7
Word Forms 1 Total,52,26,6,5,7
Word Forms 1 Total,53,26,6,5,8
Word Forms 1 Total,54,26,6,5,8
Word Forms 1 Total,55,26,7,5,8
Word Forms 1 Total,56,26,7,5,8
Word Forms 1 Total,57,26,7,6,9
Word Forms 1 Total,58,26,7,6,9
Word Forms 1 Total,59,26,8,6,9
Word Forms 1 Total,60,26,8,6,9
Word Forms 1 Total,61,26,8,6,10
Word Forms 1 Total,62,26,8,7,10
Word Forms 1 Total,63,26,9,7,10
Word Forms 1 Total,64,26,9,7,10
Word Forms 1 Total,65,26,9,7,11
Word Forms 1 Total,66,26,9,7,11
Word Forms 1 Total,67,26,10,8,11
Word Forms 1 Total,68,26,10,8,12
Word Forms 1 Total,69,26,10,8,12
Word Forms 1 Total,70,26,10,8,12
Word Forms 1 Total,71,26,11,9,13
Word Forms 1 Total,72,26,11,9,13
Word Forms 1 Total,73,26,11,9,13
Word Forms 1 Total,74,26,12,9,13
Word Forms 1 Total,75,26,12,10,14
Word Forms 1 Total,76,26,12,10,14
Word Forms 1 Total,77,26,13,10,14
Word Forms 1 Total,78,26,13,11,15
Word Forms 1 Total,79,26,13,11,15
Word Forms 1 Total,80,26,14,11,15
Word Forms 1 Total,81,26,14,12,16
Word Forms 1 Total,82,26,14,12,16
Word Forms 1 Total,83,26,15,12,17
Word Forms 1 Total,84,26,15,13,17
Word Forms 1 Total,85,26,16,13,17
Word Forms 1 Total,86,26,16,13,18
Word Forms 1 Total,87,26,16,14,18
Word Forms 1 Total,88,26,17,14,18
Word Forms 1 Total,89,26,17,15,19
Word Forms 1 Total,90,26,18,15,19
Word Forms 1 Total,91,26,18,16,20
Word Forms 1 Total,92,26,19,16,20
Word Forms 1 Total,93,26,19,17,21
Word Forms 1 Total,94,26,20,17,21
Word Forms 1 Total,95,26,20,18,22
Word Forms 1 Total,96,26,21,19,22
Word Forms 1 Total,97,26,22,20,23
Word Forms 1 Total,98,26,23,21,23
Word Forms 1 Total,99,26,23,22,24
Word Forms 1 Total,0,27,0,0,0
Word Forms 1 Total,1,27,0,0,0
Word Forms 1 Total,2,27,0,0,0
Word Forms 1 Total,3,27,0,0,0
Word Forms 1 Total,4,27,0,0,0
Word Forms 1 Total,5,27,0,0,0
Word Forms 1 Total,6,27,0,0,0
Word Forms 1 Total,7,27,0,0,1
Word Forms 1 Total,8,27,0,0,1
Word Forms 1 Total,9,27,0,0,1
Word Forms 1 Total,10,27,1,0,1
Word Forms 1 Total,11,27,1,0,1
Word Forms 1 Total,12,27,1,1,1
Word Forms 1 Total,13,27,1,1,1
Word Forms 1 Total,14,27,1,1,1
Word Forms 1 Total,15,27,1,1,2
Word Forms 1 Total,16,27,1,1,2
Word Forms 1 Total,17,27,1,1,2
Word Forms 1 Total,18,27,1,1,2
Word Forms 1 Total,19,27,1,1,2
Word Forms 1 Total,20,27,2,1,2
Word Forms 1 Total,21,27,2,1,3
Word Forms 1 Total,22,27,2,1,3
Word Forms 1 Total,23,27,2,2,3
Word Forms 1 Total,24,27,2,2,3
Word Forms 1 Total,25,27,2,2,3
Word Forms 1 Total,26,27,2,2,3
Word Forms 1 Total,27,27,3,2,4
Word Forms 1 Total,28,27,3,2,4
Word Forms 1 Total,29,27,3,2,4
Word Forms 1 Total,30,27,3,2,4
Word Forms 1 Total,31,27,3,2,4
Word Forms 1 Total,32,27,3,3,5
Word Forms 1 Total,33,27,4,3,5
Word Forms 1 Total,34,27,4,3,5
Word Forms 1 Total,35,27,4,3,5
Word Forms 1 Total,36,27,4,3,5
Word Forms 1 Total,37,27,4,3,6
Word Forms 1 Total,38,27,4,3,6
Word Forms 1 Total,39,27,5,4,6
Word Forms 1 Total,40,27,5,4,6
Word Forms 1 Total,41,27,5,4,6
Word Forms 1 Total,42,27,5,4,7
Word Forms 1 Total,43,27,5,4,7
Word Forms 1 Total,44,27,6,4,7
Word Forms 1 Total,45,27,6,5,7
Word Forms 1 Total,46,27,6,5,8
Word Forms 1 Total,47,27,6,5,8
Word Forms 1 Total,48,27,6,5,8
Word Forms 1 Total,49,27,7,5,8
Word Forms 1 Total,50,27,7,5,9
Word Forms 1 Total,51,27,7,6,9
Word Forms 1 Total,52,27,7,6,9
Word Forms 1 Total,53,27,8,6,9
Word Forms 1 Total,54,27,8,6,10
Word Forms 1 Total,55,27,8,6,10
Word Forms 1 Total,56,27,8,7,10
Word Forms 1 Total,57,27,9,7,10
Word Forms 1 Total,58,27,9,7,11
Word Forms 1 Total,59,27,9,7,11
Word Forms 1 Total,60,27,9,8,11
Word Forms 1 Total,61,27,10,8,11
Word Forms 1 Total,62,27,10,8,12
Word Forms 1 Total,63,27,10,8,12
Word Forms 1 Total,64,27,10,8,12
Word Forms 1 Total,65,27,11,9,13
Word Forms 1 Total,66,27,11,9,13
Word Forms 1 Total,67,27,11,9,13
Word Forms 1 Total,68,27,12,9,13
Word Forms 1 Total,69,27,12,10,14
Word Forms 1 Total,70,27,12,10,14
Word Forms 1 Total,71,27,12,10,14
Word Forms 1 Total,72,27,13,11,15
Word Forms 1 Total,73,27,13,11,15
Word Forms 1 Total,74,27,13,11,15
Word Forms 1 Total,75,27,14,11,16
Word Forms 1 Total,76,27,14,12,16
Word Forms 1 Total,77,27,14,12,16
Word Forms 1 Total,78,27,15,12,17
Word Forms 1 Total,79,27,15,13,17
Word Forms 1 Total,80,27,15,13,17
Word Forms 1 Total,81,27,16,13,17
Word Forms 1 Total,82,27,16,14,18
Word Forms 1 Total,83,27,16,14,18
Word Forms 1 Total,84,27,17,14,19
Word Forms 1 Total,85,27,17,15,19
Word Forms 1 Total,86,27,18,15,19
Word Forms 1 Total,87,27,18,16,20
Word Forms 1 Total,88,27,18,16,20
Word Forms 1 Total,89,27,19,17,20
Word Forms 1 Total,90,27,19,17,21
Word Forms 1 Total,91,27,20,17,21
Word Forms 1 Total,92,27,20,18,21
Word Forms 1 Total,93,27,21,19,22
Word Forms 1 Total,94,27,21,19,22
Word Forms 1 Total,95,27,22,20,23
Word Forms 1 Total,96,27,22,20,23
Word Forms 1 Total,97,27,23,21,23
Word Forms 1 Total,98,27,23,22,24
Word Forms 1 Total,99,27,24,23,24
Word Forms 1 Total,0,28,0,0,0
Word Forms 1 Total,1,28,0,0,0
Word Forms 1 Total,2,28,0,0,0
Word Forms 1 Total,3,28,0,0,0
Word Forms 1 Total,4,28,0,0,0
Word Forms 1 Total,5,28,0,0,1
Word Forms 1 Total,6,28,0,0,1
Word Forms 1 Total,7,28,0,0,1
Word Forms 1 Total,8,28,1,0,1
Word Forms 1 Total,9,28,1,0,1
Word Forms 1 Total,10,28,1,1,1
Word Forms 1 Total,11,28,1,1,1
Word Forms 1 Total,12,28,1,1,2
Word Forms 1 Total,13,28,1,1,2
Word Forms 1 Total,14,28,1,1,2
Word Forms 1 Total,15,28,1,1,2
Word Forms 1 Total,16,28,2,1,2
Word Forms 1 Total,17,28,2,1,3
Word Forms 1 Total,18,28,2,1,3
Word Forms 1 Total,19,28,2,2,3
Word Forms 1 Total,20,28,2,2,3
Word Forms 1 Total,21,28,2,2,3
Word Forms 1 Total,22,28,3,2,4
Word Forms 1 Total,23,28,3,2,4
Word Forms 1 Total,24,28,3,2,4
Word Forms 1 Total,25,28,3,2,4
Word Forms 1 Total,26,28,3,2,4
Word Forms 1 Total,27,28,3,3,5
Word Forms 1 Total,28,28,4,3,5
Word Forms 1 Total,29,28,4,3,5
Word Forms 1 Total,30,28,4,3,5
Word Forms 1 Total,31,28,4,3,6
Word Forms 1 Total,32,28,4,3,6
Word Forms 1 Total,33,28,5,4,6
Word Forms 1 Total,34,28,5,4,6
Word Forms 1 Total,35,28,5,4,7
Word Forms 1 Total,36,28,5,4,7
Word Forms 1 Total,37,28,5,4,7
Word Forms 1 Total,38,28,6,4,7
Word Forms 1 Total,39,28,6,5,7
Word Forms 1 Total,40,28,6,5,8
Word Forms 1 Total,41,28,6,5,8
Word Forms 1 Total,42,28,6,5,8
Word Forms 1 Total,43,28,7,5,8
Word Forms 1 Total,44,28,7,5,9
Word Forms 1 Total,45,28,7,6,9
Word Forms 1 Total,46,28,7,6,9
Word Forms 1 Total,47,28,8,6,9
Word Forms 1 Total,48,28,8,6,10
Word Forms 1 Total,49,28,8,7,10
Word Forms 1 Total,50,28,8,7,10
Word Forms 1 Total,51,28,9,7,11
Word Forms 1 Total,52,28,9,7,11
Word Forms 1 Total,53,28,9,7,11
Word Forms 1 Total,54,28,9,8,11
Word Forms 1 Total,55,28,10,8,12
Word Forms 1 Total,56,28,10,8,12
Word Forms 1 Total,57,28,10,8,12
Word Forms 1 Total,58,28,10,9,12
Word Forms 1 Total,59,28,11,9,13
Word Forms 1 Total,60,28,11,9,13
Word Forms 1 Total,61,28,11,9,13
Word Forms 1 Total,62,28,12,10,14
Word Forms 1 Total,63,28,12,10,14
Word Forms 1 Total,64,28,12,10,14
Word Forms 1 Total,65,28,12,10,14
Word Forms 1 Total,66,28,13,11,15
Word Forms 1 Total,67,28,13,11,15
Word Forms 1 Total,68,28,13,11,15
Word Forms 1 Total,69,28,14,11,15
Word Forms 1 Total,70,28,14,12,16
Word Forms 1 Total,71,28,14,12,16
Word Forms 1 Total,72,28,14,12,16
Word Forms 1 Total,73,28,15,13,17
Word Forms 1 Total,74,28,15,13,17
Word Forms 1 Total,75,28,15,13,17
Word Forms 1 Total,76,28,16,14,18
Word Forms 1 Total,77,28,16,14,18
Word Forms 1 Total,78,28,16,14,18
Word Forms 1 Total,79,28,17,14,18
Word Forms 1 Total,80,28,17,15,19
Word Forms 1 Total,81,28,17,15,19
Word Forms 1 Total,82,28,18,16,19
Word Forms 1 Total,83,28,18,16,20
Word Forms 1 Total,84,28,18,16,20
Word Forms 1 Total,85,28,19,17,20
Word Forms 1 Total,86,28,19,17,21
Word Forms 1 Total,87,28,19,17,21
Word Forms 1 Total,88,28,20,18,21
Word Forms 1 Total,89,28,20,18,21
Word Forms 1 Total,90,28,21,19,22
Word Forms 1 Total,91,28,21,19,22
Word Forms 1 Total,92,28,21,20,22
Word Forms 1 Total,93,28,22,20,23
Word Forms 1 Total,94,28,22,21,23
Word Forms 1 Total,95,28,23,21,23
Word Forms 1 Total,96,28,23,22,24
Word Forms 1 Total,97,28,23,22,24
Word Forms 1 Total,98,28,24,23,24
Word Forms 1 Total,99,28,24,24,25
Word Forms 1 Total,0,29,0,0,0
Word Forms 1 Total,1,29,0,0,0
Word Forms 1 Total,2,29,0,0,0
Word Forms 1 Total,3,29,0,0,0
Word Forms 1 Total,4,29,0,0,1
Word Forms 1 Total,5,29,0,0,1
Word Forms 1 Total,6,29,1,0,1
Word Forms 1 Total,7,29,1,0,1
Word Forms 1 Total,8,29,1,1,1
Word Forms 1 Total,9,29,1,1,2
Word Forms 1 Total,10,29,1,1,2
Word Forms 1 Total,11,29,1,1,2
Word Forms 1 Total,12,29,1,1,2
Word Forms 1 Total,13,29,2,1,3
Word Forms 1 Total,14,29,2,1,3
Word Forms 1 Total,15,29,2,1,3
Word Forms 1 Total,16,29,2,2,3
Word Forms 1 Total,17,29,2,2,4
Word Forms 1 Total,18,29,3,2,4
Word Forms 1 Total,19,29,3,2,4
Word Forms 1 Total,20,29,3,2,4
Word Forms 1 Total,21,29,3,2,4
Word Forms 1 Total,22,29,3,2,5
Word Forms 1 Total,23,29,4,3,5
Word Forms 1 Total,24,29,4,3,5
Word Forms 1 Total,25,29,4,3,5
Word Forms 1 Total,26,29,4,3,6
Word Forms 1 Total,27,29,4,3,6
Word Forms 1 Total,28,29,5,4,6
Word Forms 1 Total,29,29,5,4,6
Word Forms 1 Total,30,29,5,4,7
Word Forms 1 Total,31,29,5,4,7
Word Forms 1 Total,32,29,5,4,7
Word Forms 1 Total,33,29,6,4,8
Word Forms 1 Total,34,29,6,5,8
Word Forms 1 Total,35,29,6,5,8
Word Forms 1 Total,36,29,6,5,8
Word Forms 1 Total,37,29,7,5,9
Word Forms 1 Total,38,29,7,5,9
Word Forms 1 Total,39,29,7,6,9
Word Forms 1 Total,40,29,7,6,9
Word Forms 1 Total,41,29,8,6,10
Word Forms 1 Total,42,29,8,6,10
Word Forms 1 Total,43,29,8,7,10
Word Forms 1 Total,44,29,8,7,10
Word Forms 1 Total,45,29,9,7,11
Word Forms 1 Total,46,29,9,7,11
Word Forms 1 Total,47,29,9,7,11
Word Forms 1 Total,48,29,9,8,11
Word Forms 1 Total,49,29,10,8,12
Word Forms 1 Total,50,29,10,8,12
Word Forms 1 Total,51,29,10,8,12
Word Forms 1 Total,52,29,10,9,13
Word Forms 1 Total,53,29,11,9,13
Word Forms 1 Total,54,29,11,9,13
Word Forms 1 Total,55,29,11,9,13
Word Forms 1 Total,56,29,12,10,14
Word Forms 1 Total,57,29,12,10,14
Word Forms 1 Total,58,29,12,10,14
Word Forms 1 Total,59,29,12,10,14
Word Forms 1 Total,60,29,13,11,15
Word Forms 1 Total,61,29,13,11,15
Word Forms 1 Total,62,29,13,11,15
Word Forms 1 Total,63,29,14,12,16
Word Forms 1 Total,64,29,14,12,16
Word Forms 1 Total,65,29,14,12,16
Word Forms 1 Total,66,29,14,12,16
Word Forms 1 Total,67,29,15,13,17
Word Forms 1 Total,68,29,15,13,17
Word Forms 1 Total,69,29,15,13,17
Word Forms 1 Total,70,29,16,14,17
Word Forms 1 Total,71,29,16,14,18
Word Forms 1 Total,72,29,16,14,18
Word Forms 1 Total,73,29,16,14,18
Word Forms 1 Total,74,29,17,15,19
Word Forms 1 Total,75,29,17,15,19
Word Forms 1 Total,76,29,17,15,19
Word Forms 1 Total,77,29,18,16,19
Word Forms 1 Total,78,29,18,16,20
Word Forms 1 Total,79,29,18,16,20
Word Forms 1 Total,80,29,19,17,20
Word Forms 1 Total,81,29,19,17,20
Word Forms 1 Total,82,29,19,17,21
Word Forms 1 Total,83,29,20,18,21
Word Forms 1 Total,84,29,20,18,21
Word Forms 1 Total,85,29,20,18,21
Word Forms 1 Total,86,29,20,19,22
Word Forms 1 Total,87,29,21,19,22
Word Forms 1 Total,88,29,21,20,22
Word Forms 1 Total,89,29,21,20,22
Word Forms 1 Total,90,29,22,20,23
Word Forms 1 Total,91,29,22,21,23
Word Forms 1 Total,92,29,22,21,23
Word Forms 1 Total,93,29,23,22,23
Word Forms 1 Total,94,29,23,22,24
Word Forms 1 Total,95,29,23,22,24
Word Forms 1 Total,96,29,24,23,24
Word Forms 1 Total,97,29,24,23,24
Word Forms 1 Total,98,29,24,24,25
Word Forms 1 Total,99,29,25,24,25
Word Forms 1 Total,0,30,0,0,0
Word Forms 1 Total,1,30,0,0,0
Word Forms 1 Total,2,30,0,0,0
Word Forms 1 Total,3,30,0,0,1
Word Forms 1 Total,4,30,0,0,1
Word Forms 1 Total,5,30,0,0,1
Word Forms 1 Total,6,30,1,1,2
Word Forms 1 Total,7,30,1,1,2
Word Forms 1 Total,8,30,1,1,2
Word Forms 1 Total,9,30,1,1,2
Word Forms 1 Total,10,30,1,1,3
Word Forms 1 Total,11,30,1,1,3
Word Forms 1 Total,12,30,1,1,3
Word Forms 1 Total,13,30,2,2,3
Word Forms 1 Total,14,30,2,2,4
Word Forms 1 Total,15,30,2,2,4
Word Forms 1 Total,16,30,2,2,4
Word Forms 1 Total,17,30,2,2,5
Word Forms 1 Total,18,30,3,2,5
Word Forms 1 Total,19,30,3,3,5
Word Forms 1 Total,20,30,3,3,5
Word Forms 1 Total,21,30,3,3,6
Word Forms 1 Total,22,30,3,3,6
Word Forms 1 Total,23,30,4,3,6
Word Forms 1 Total,24,30,4,4,7
Word Forms 1 Total,25,30,4,4,7
Word Forms 1 Total,26,30,4,4,7
Word Forms 1 Total,27,30,4,4,7
Word Forms 1 Total,28,30,5,4,8
Word Forms 1 Total,29,30,5,5,8
Word Forms 1 Total,30,30,5,5,8
Word Forms 1 Total,31,30,5,5,9
Word Forms 1 Total,32,30,5,5,9
Word Forms 1 Total,33,30,6,6,9
Word Forms 1 Total,34,30,6,6,9
Word Forms 1 Total,35,30,6,6,10
Word Forms 1 Total,36,30,6,6,10
Word Forms 1 Total,37,30,7,7,10
Word Forms 1 Total,38,30,7,7,11
Word Forms 1 Total,39,30,7,7,11
Word Forms 1 Total,40,30,7,7,11
Word Forms 1 Total,41,30,8,7,11
Word Forms 1 Total,42,30,8,8,12
Word Forms 1 Total,43,30,8,8,12
Word Forms 1 Total,44,30,8,8,12
Word Forms 1 Total,45,30,9,9,12
Word Forms 1 Total,46,30,9,9,13
Word Forms 1 Total,47,30,9,9,13
Word Forms 1 Total,48,30,9,9,13
Word Forms 1 Total,49,30,10,10,14
Word Forms 1 Total,50,30,10,10,14
Word Forms 1 Total,51,30,10,10,14
Word Forms 1 Total,52,30,10,10,14
Word Forms 1 Total,53,30,11,11,15
Word Forms 1 Total,54,30,11,11,15
Word Forms 1 Total,55,30,11,11,15
Word Forms 1 Total,56,30,12,11,15
Word Forms 1 Total,57,30,12,12,16
Word Forms 1 Total,58,30,12,12,16
Word Forms 1 Total,59,30,12,12,16
Word Forms 1 Total,60,30,13,13,16
Word Forms 1 Total,61,30,13,13,17
Word Forms 1 Total,62,30,13,13,17
Word Forms 1 Total,63,30,14,13,17
Word Forms 1 Total,64,30,14,14,17
Word Forms 1 Total,65,30,14,14,18
Word Forms 1 Total,66,30,14,14,18
Word Forms 1 Total,67,30,15,15,18
Word Forms 1 Total,68,30,15,15,18
Word Forms 1 Total,69,30,15,15,19
Word Forms 1 Total,70,30,16,16,19
Word Forms 1 Total,71,30,16,16,19
Word Forms 1 Total,72,30,16,16,19
Word Forms 1 Total,73,30,16,16,20
Word Forms 1 Total,74,30,17,17,20
Word Forms 1 Total,75,30,17,17,20
Word Forms 1 Total,76,30,17,17,20
Word Forms 1 Total,77,30,18,18,21
Word Forms 1 Total,78,30,18,18,21
Word Forms 1 Total,79,30,18,18,21
Word Forms 1 Total,80,30,19,19,21
Word Forms 1 Total,81,30,19,19,22
Word Forms 1 Total,82,30,19,19,22
Word Forms 1 Total,83,30,20,20,22
Word Forms 1 Total,84,30,20,20,22
Word Forms 1 Total,85,30,20,20,22
Word Forms 1 Total,86,30,20,21,23
Word Forms 1 Total,87,30,21,21,23
Word Forms 1 Total,88,30,21,21,23
Word Forms 1 Total,89,30,21,21,23
Word Forms 1 Total,90,30,22,22,23
Word Forms 1 Total,91,30,22,22,24
Word Forms 1 Total,92,30,22,22,24
Word Forms 1 Total,93,30,23,23,24
Word Forms 1 Total,94,30,23,23,24
Word Forms 1 Total,95,30,23,23,24
Word Forms 1 Total,96,30,24,24,24
Word Forms 1 Total,97,30,24,24,25
Word Forms 1 Total,98,30,24,24,25
Word Forms 1 Total,99,30,25,25,25
Word Endings 2 Total,0,16,0,0,0
Word Endings 2 Total,1,16,0,0,0
Word Endings 2 Total,2,16,0,0,0
Word Endings 2 Total,3,16,0,0,0
Word Endings 2 Total,4,16,0,0,0
Word Endings 2 Total,5,16,0,0,0
Word Endings 2 Total,6,16,0,0,0
Word Endings 2 Total,7,16,0,0,0
Word Endings 2 Total,8,16,0,0,0
Word Endings 2 Total,9,16,0,0,0
Word Endings 2 Total,10,16,0,0,0
Word Endings 2 Total,11,16,0,0,0
Word Endings 2 Total,12,16,0,0,0
Word Endings 2 Total,13,16,0,0,0
Word Endings 2 Total,14,16,0,0,0
Word Endings 2 Total,15,16,0,0,0
Word Endings 2 Total,16,16,0,0,0
Word Endings 2 Total,17,16,0,0,0
Word Endings 2 Total,18,16,0,0,0
Word Endings 2 Total,19,16,0,0,0
Word Endings 2 Total,20,16,0,0,0
Word Endings 2 Total,21,16,0,0,0
Word Endings 2 Total,22,16,0,0,0
Word Endings 2 Total,23,16,0,0,0
Word Endings 2 Total,24,16,0,0,0
Word Endings 2 Total,25,16,0,0,0
Word Endings 2 Total,26,16,0,0,0
Word Endings 2 Total,27,16,0,0,0
Word Endings 2 Total,28,16,0,0,0
Word Endings 2 Total,29,16,0,0,0
Word Endings 2 Total,30,16,0,0,0
Word Endings 2 Total,31,16,0,0,0
Word Endings 2 Total,32,16,0,0,0
Word Endings 2 Total,33,16,0,0,0
Word Endings 2 Total,34,16,0,0,0
Word Endings 2 Total,35,16,0,0,0
Word Endings 2 Total,36,16,0,0,0
Word Endings 2 Total,37,16,0,0,0
Word Endings 2 Total,38,16,0,0,0
Word Endings 2 Total,39,16,0,0,0
Word Endings 2 Total,40,16,0,0,0
Word Endings 2 Total,41,16,0,0,0
Word Endings 2 Total,42,16,0,0,0
Word Endings 2 Total,43,16,0,0,0
Word Endings 2 Total,44,16,0,0,0
Word Endings 2 Total,45,16,0,0,0
Word Endings 2 Total,46,16,0,0,0
Word Endings 2 Total,47,16,0,0,0
Word Endings 2 Total,48,16,0,0,0
Word Endings 2 Total,49,16,0,0,0
Word Endings 2 Total,50,16,0,0,0
Word Endings 2 Total,51,16,0,0,0
Word Endings 2 Total,52,16,0,0,0
Word Endings 2 Total,53,16,0,0,0
Word Endings 2 Total,54,16,0,0,0
Word Endings 2 Total,55,16,0,0,0
Word Endings 2 Total,56,16,0,0,0
Word Endings 2 Total,57,16,0,0,0
Word Endings 2 Total,58,16,0,0,0
Word Endings 2 Total,59,16,0,0,0
Word Endings 2 Total,60,16,0,0,0
Word Endings 2 Total,61,16,0,0,0
Word Endings 2 Total,62,16,0,0,0
Word Endings 2 Total,63,16,0,0,0
Word Endings 2 Total,64,16,0,0,0
Word Endings 2 Total,65,16,0,0,0
Word Endings 2 Total,66,16,0,0,1
Word Endings 2 Total,67,16,0,0,1
Word Endings 2 Total,68,16,0,0,1
Word Endings 2 Total,69,16,0,0,1
Word Endings 2 Total,70,16,0,0,1
Word Endings 2 Total,71,16,0,0,1
Word Endings 2 Total,72,16,1,0,1
Word Endings 2 Total,73,16,1,0,1
Word Endings 2 Total,74,16,1,1,1
Word Endings 2 Total,75,16,1,1,1
Word Endings 2 Total,76,16,1,1,1
Word Endings 2 Total,77,16,1,1,1
Word Endings 2 Total,78,16,1,1,1
Word Endings 2 Total,79,16,1,1,1
Word Endings 2 Total,80,16,1,1,1
Word Endings 2 Total,81,16,1,1,1
Word Endings 2 Total,82,16,1,1,1
Word Endings 2 Total,83,16,1,1,1
Word Endings 2 Total,84,16,1,1,1
Word Endings 2 Total,85,16,1,1,1
Word Endings 2 Total,86,16,1,1,2
Word Endings 2 Total,87,16,1,1,2
Word Endings 2 Total,88,16,1,1,2
Word Endings 2 Total,89,16,1,1,2
Word Endings 2 Total,90,16,1,1,2
Word Endings 2 Total,91,16,2,1,2
Word Endings 2 Total,92,16,2,1,2
Word Endings 2 Total,93,16,2,2,2
Word Endings 2 Total,94,16,2,2,3
Word Endings 2 Total,95,16,2,2,3
Word Endings 2 Total,96,16,2,2,3
Word Endings 2 Total,97,16,3,2,4
Word Endings 2 Total,98,16,3,3,4
Word Endings 2 Total,99,16,4,3,5
Word Endings 2 Total,0,17,0,0,0
Word Endings 2 Total,1,17,0,0,0
Word Endings 2 Total,2,17,0,0,0
Word Endings 2 Total,3,17,0,0,0
Word Endings 2 Total,4,17,0,0,0
Word Endings 2 Total,5,17,0,0,0
Word Endings 2 Total,6,17,0,0,0
Word Endings 2 Total,7,17,0,0,0
Word Endings 2 Total,8,17,0,0,0
Word Endings 2 Total,9,17,0,0,0
Word Endings 2 Total,10,17,0,0,0
Word Endings 2 Total,11,17,0,0,0
Word Endings 2 Total,12,17,0,0,0
Word Endings 2 Total,13,17,0,0,0
Word Endings 2 Total,14,17,0,0,0
Word Endings 2 Total,15,17,0,0,0
Word Endings 2 Total,16,17,0,0,0
Word Endings 2 Total,17,17,0,0,0
Word Endings 2 Total,18,17,0,0,0
Word Endings 2 Total,19,17,0,0,0
Word Endings 2 Total,20,17,0,0,0
Word Endings 2 Total,21,17,0,0,0
Word Endings 2 Total,22,17,0,0,0
Word Endings 2 Total,23,17,0,0,0
Word Endings 2 Total,24,17,0,0,0
Word Endings 2 Total,25,17,0,0,0
Word Endings 2 Total,26,17,0,0,0
Word Endings 2 Total,27,17,0,0,0
Word Endings 2 Total,28,17,0,0,0
Word Endings 2 Total,29,17,0,0,0
Word Endings 2 Total,30,17,0,0,0
Word Endings 2 Total,31,17,0,0,0
Word Endings 2 Total,32,17,0,0,0
Word Endings 2 Total,33,17,0,0,0
Word Endings 2 Total,34,17,0,0,0
Word Endings 2 Total,35,17,0,0,0
Word Endings 2 Total,36,17,0,0,0
Word Endings 2 Total,37,17,0,0,0
Word Endings 2 Total,38,17,0,0,0
Word Endings 2 Total,39,17,0,0,0
Word Endings 2 Total,40,17,0,0,0
Word Endings 2 Total,41,17,0,0,0
Word Endings 2 Total,42,17,0,0,0
Word Endings 2 Total,43,17,0,0,0
Word Endings 2 Total,44,17,0,0,0
Word Endings 2 Total,45,17,0,0,0
Word Endings 2 Total,46,17,0,0,0
Word Endings 2 Total,47,17,0,0,0
Word Endings 2 Total,48,17,0,0,0
Word Endings 2 Total,49,17,0,0,0
Word Endings 2 Total,50,17,0,0,0
Word Endings 2 Total,51,17,0,0,0
Word Endings 2 Total,52,17,0,0,0
Word Endings 2 Total,53,17,0,0,0
Word Endings 2 Total,54,17,0,0,0
Word Endings 2 Total,55,17,0,0,0
Word Endings 2 Total,56,17,0,0,0
Word Endings 2 Total,57,17,0,0,0
Word Endings 2 Total,58,17,0,0,0
Word Endings 2 Total,59,17,0,0,0
Word Endings 2 Total,60,17,0,0,0
Word Endings 2 Total,61,17,0,0,0
Word Endings 2 Total,62,17,0,0,0
Word Endings 2 Total,63,17,0,0,1
Word Endings 2 Total,64,17,0,0,1
Word Endings 2 Total,65,17,0,0,1
Word Endings 2 Total,66,17,0,0,1
Word Endings 2 Total,67,17,1,0,1
Word Endings 2 Total,68,17,1,0,1
Word Endings 2 Total,69,17,1,0,1
Word Endings 2 Total,70,17,1,0,1
Word Endings 2 Total,71,17,1,1,1
Word Endings 2 Total,72,17,1,1,1
Word Endings 2 Total,73,17,1,1,1
Word Endings 2 Total,74,17,1,1,1
Word Endings 2 Total,75,17,1,1,1
Word Endings 2 Total,76,17,1,1,1
Word Endings 2 Total,77,17,1,1,1
Word Endings 2 Total,78,17,1,1,1
Word Endings 2 Total,79,17,1,1,1
Word Endings 2 Total,80,17,1,1,1
Word Endings 2 Total,81,17,1,1,1
Word Endings 2 Total,82,17,1,1,2
Word Endings 2 Total,83,17,1,1,2
Word Endings 2 Total,84,17,1,1,2
Word Endings 2 Total,85,17,1,1,2
Word Endings 2 Total,86,17,1,1,2
Word Endings 2 Total,87,17,2,1,2
Word Endings 2 Total,88,17,2,1,2
Word Endings 2 Total,89,17,2,1,2
Word Endings 2 Total,90,17,2,2,2
Word Endings 2 Total,91,17,2,2,3
Word Endings 2 Total,92,17,2,2,3
Word Endings 2 Total,93,17,2,2,3
Word Endings 2 Total,94,17,2,2,3
Word Endings 2 Total,95,17,3,2,4
Word Endings 2 Total,96,17,3,3,4
Word Endings 2 Total,97,17,3,3,5
Word Endings 2 Total,98,17,4,3,5
Word Endings 2 Total,99,17,5,4,7
Word Endings 2 Total,0,18,0,0,0
Word Endings 2 Total,1,18,0,0,0
Word Endings 2 Total,2,18,0,0,0
Word Endings 2 Total,3,18,0,0,0
Word Endings 2 Total,4,18,0,0,0
Word Endings 2 Total,5,18,0,0,0
Word Endings 2 Total,6,18,0,0,0
Word Endings 2 Total,7,18,0,0,0
Word Endings 2 Total,8,18,0,0,0
Word Endings 2 Total,9,18,0,0,0
Word Endings 2 Total,10,18,0,0,0
Word Endings 2 Total,11,18,0,0,0
Word Endings 2 Total,12,18,0,0,0
Word Endings 2 Total,13,18,0,0,0
Word Endings 2 Total,14,18,0,0,0
Word Endings 2 Total,15,18,0,0,0
Word Endings 2 Total,16,18,0,0,0
Word Endings 2 Total,17,18,0,0,0
Word Endings 2 Total,18,18,0,0,0
Word Endings 2 Total,19,18,0,0,0
Word Endings 2 Total,20,18,0,0,0
Word Endings 2 Total,21,18,0,0,0
Word Endings 2 Total,22,18,0,0,0
Word Endings 2 Total,23,18,0,0,0
Word Endings 2 Total,24,18,0,0,0
Word Endings 2 Total,25,18,0,0,0
Word Endings 2 Total,26,18,0,0,0
Word Endings 2 Total,27,18,0,0,0
Word Endings 2 Total,28,18,0,0,0
Word Endings 2 Total,29,18,0,0,0
Word Endings 2 Total,30,18,0,0,0
Word Endings 2 Total,31,18,0,0,0
Word Endings 2 Total,32,18,0,0,0
Word Endings 2 Total,33,18,0,0,0
Word Endings 2 Total,34,18,0,0,0
Word Endings 2 Total,35,18,0,0,0
Word Endings 2 Total,36,18,0,0,0
Word Endings 2 Total,37,18,0,0,0
Word Endings 2 Total,38,18,0,0,0
Word Endings 2 Total,39,18,0,0,0
Word Endings 2 Total,40,18,0,0,0
Word Endings 2 Total,41,18,0,0,0
Word Endings 2 Total,42,18,0,0,0
Word Endings 2 Total,43,18,0,0,0
Word Endings 2 Total,44,18,0,0,0
Word Endings 2 Total,45,18,0,0,0
Word Endings 2 Total,46,18,0,0,0
Word Endings 2 Total,47,18,0,0,0
Word Endings 2 Total,48,18,0,0,0
Word Endings 2 Total,49,18,0,0,0
Word Endings 2 Total,50,18,0,0,0
Word Endings 2 Total,51,18,0,0,0
Word Endings 2 Total,52,18,0,0,0
Word Endings 2 Total,53,18,0,0,0
Word Endings 2 Total,54,18,0,0,0
Word Endings 2 Total,55,18,0,0,0
Word Endings 2 Total,56,18,0,0,0
Word Endings 2 Total,57,18,0,0,0
Word Endings 2 Total,58,18,0,0,0
Word Endings 2 Total,59,18,0,0,1
Word Endings 2 Total,60,18,0,0,1
Word Endings 2 Total,61,18,0,0,1
Word Endings 2 Total,62,18,0,0,1
Word Endings 2 Total,63,18,1,0,1
Word Endings 2 Total,64,18,1,0,1
Word Endings 2 Total,65,18,1,0,1
Word Endings 2 Total,66,18,1,0,1
Word Endings 2 Total,67,18,1,1,1
Word Endings 2 Total,68,18,1,1,1
Word Endings 2 Total,69,18,1,1,1
Word Endings 2 Total,70,18,1,1,1
Word Endings 2 Total,71,18,1,1,1
Word Endings 2 Total,72,18,1,1,1
Word Endings 2 Total,73,18,1,1,1
Word Endings 2 Total,74,18,1,1,1
Word Endings 2 Total,75,18,1,1,1
Word Endings 2 Total,76,18,1,1,1
Word Endings 2 Total,77,18,1,1,1
Word Endings 2 Total,78,18,1,1,1
Word Endings 2 Total,79,18,1,1,2
Word Endings 2 Total,80,18,1,1,2
Word Endings 2 Total,81,18,1,1,2
Word Endings 2 Total,82,18,1,1,2
Word Endings 2 Total,83,18,2,1,2
Word Endings 2 Total,84,18,2,1,2
Word Endings 2 Total,85,18,2,1,2
Word Endings 2 Total,86,18,2,1,2
Word Endings 2 Total,87,18,2,2,3
Word Endings 2 Total,88,18,2,2,3
Word Endings 2 Total,89,18,2,2,3
Word Endings 2 Total,90,18,2,2,3
Word Endings 2 Total,91,18,3,2,3
Word Endings 2 Total,92,18,3,2,4
Word Endings 2 Total,93,18,3,2,4
Word Endings 2 Total,94,18,3,3,4
Word Endings 2 Total,95,18,4,3,5
Word Endings 2 Total,96,18,4,3,5
Word Endings 2 Total,97,18,4,4,6
Word Endings 2 Total,98,18,5,4,7
Word Endings 2 Total,99,18,6,5,8
Word Endings 2 Total,0,19,0,0,0
Word Endings 2 Total,1,19,0,0,0
Word Endings 2 Total,2,19,0,0,0
Word Endings 2 Total,3,19,0,0,0
Word Endings 2 Total,4,19,0,0,0
Word Endings 2 Total,5,19,0,0,0
Word Endings 2 Total,6,19,0,0,0
Word Endings 2 Total,7,19,0,0,0
Word Endings 2 Total,8,19,0,0,0
Word Endings 2 Total,9,19,0,0,0
Word Endings 2 Total,10,19,0,0,0
Word Endings 2 Total,11,19,0,0,0
Word Endings 2 Total,12,19,0,0,0
Word Endings 2 Total,13,19,0,0,0
Word Endings 2 Total,14,19,0,0,0
Word Endings 2 Total,15,19,0,0,0
Word Endings 2 Total,16,19,0,0,0
Word Endings 2 Total,17,19,0,0,0
Word Endings 2 Total,18,19,0,0,0
Word Endings 2 Total,19,19,0,0,0
Word Endings 2 Total,20,19,0,0,0
Word Endings 2 Total,21,19,0,0,0
Word Endings 2 Total,22,19,0,0,0
Word Endings 2 Total,23,19,0,0,0
Word Endings 2 Total,24,19,0,0,0
Word Endings 2 Total,25,19,0,0,0
Word Endings 2 Total,26,19,0,0,0
Word Endings 2 Total,27,19,0,0,0
Word Endings 2 Total,28,19,0,0,0
Word Endings 2 Total,29,19,0,0,0
Word Endings 2 Total,30,19,0,0,0
Word Endings 2 Total,31,19,0,0,0
Word Endings 2 Total,32,19,0,0,0
Word Endings 2 Total,33,19,0,0,0
Word Endings 2 Total,34,19,0,0,0
Word Endings 2 Total,35,19,0,0,0
Word Endings 2 Total,36,19,0,0,0
Word Endings 2 Total,37,19,0,0,0
Word Endings 2 Total,38,19,0,0,0
Word Endings 2 Total,39,19,0,0,0
Word Endings 2 Total,40,19,0,0,0
Word Endings 2 Total,41,19,0,0,0
Word Endings 2 Total,42,19,0,0,0
Word Endings 2 Total,43,19,0,0,0
Word Endings 2 Total,44,19,0,0,0
Word Endings 2 Total,45,19,0,0,0
Word Endings 2 Total,46,19,0,0,0
Word Endings 2 Total,47,19,0,0,0
Word Endings 2 Total,48,19,0,0,0
Word Endings 2 Total,49,19,0,0,0
Word Endings 2 Total,50,19,0,0,0
Word Endings 2 Total,51,19,0,0,0
Word Endings 2 Total,52,19,0,0,0
Word Endings 2 Total,53,19,0,0,0
Word Endings 2 Total,54,19,0,0,0
Word Endings 2 Total,55,19,0,0,0
Word Endings 2 Total,56,19,0,0,1
Word Endings 2 Total,57,19,0,0,1
Word Endings 2 Total,58,19,0,0,1
Word Endings 2 Total,59,19,0,0,1
Word Endings 2 Total,60,19,1,0,1
Word Endings 2 Total,61,19,1,0,1
Word Endings 2 Total,62,19,1,0,1
Word Endings 2 Total,63,19,1,1,1
Word Endings 2 Total,64,19,1,1,1
Word Endings 2 Total,65,19,1,1,1
Word Endings 2 Total,66,19,1,1,1
Word Endings 2 Total,67,19,1,1,1
Word Endings 2 Total,68,19,1,1,1
Word Endings 2 Total,69,19,1,1,1
Word Endings 2 Total,70,19,1,1,1
Word Endings 2 Total,71,19,1,1,1
Word Endings 2 Total,72,19,1,1,1
Word Endings 2 Total,73,19,1,1,1
Word Endings 2 Total,74,19,1,1,1
Word Endings 2 Total,75,19,1,1,2
Word Endings 2 Total,76,19,1,1,2
Word Endings 2 Total,77,19,1,1,2
Word Endings 2 Total,78,19,1,1,2
Word Endings 2 Total,79,19,2,1,2
Word Endings 2 Total,80,19,2,1,2
Word Endings 2 Total,81,19,2,1,2
Word Endings 2 Total,82,19,2,1,2
Word Endings 2 Total,83,19,2,2,2
Word Endings 2 Total,84,19,2,2,3
Word Endings 2 Total,85,19,2,2,3
Word Endings 2 Total,86,19,2,2,3
Word Endings 2 Total,87,19,2,2,3
Word Endings 2 Total,88,19,3,2,3
Word Endings 2 Total,89,19,3,2,4
Word Endings 2 Total,90,19,3,2,4
Word Endings 2 Total,91,19,3,3,4
Word Endings 2 Total,92,19,3,3,4
Word Endings 2 Total,93,19,4,3,5
Word Endings 2 Total,94,19,4,3,5
Word Endings 2 Total,95,19,5,4,6
Word Endings 2 Total,96,19,5,4,6
Word Endings 2 Total,97,19,6,4,7
Word Endings 2 Total,98,19,7,5,8
Word Endings 2 Total,99,19,8,6,10
Word Endings 2 Total,0,20,0,0,0
Word Endings 2 Total,1,20,0,0,0
Word Endings 2 Total,2,20,0,0,0
Word Endings 2 Total,3,20,0,0,0
Word Endings 2 Total,4,20,0,0,0
Word Endings 2 Total,5,20,0,0,0
Word Endings 2 Total,6,20,0,0,0
Word Endings 2 Total,7,20,0,0,0
Word Endings 2 Total,8,20,0,0,0
Word Endings 2 Total,9,20,0,0,0
Word Endings 2 Total,10,20,0,0,0
Word Endings 2 Total,11,20,0,0,0
Word Endings 2 Total,12,20,0,0,0
Word Endings 2 Total,13,20,0,0,0
Word Endings 2 Total,14,20,0,0,0
Word Endings 2 Total,15,20,0,0,0
Word Endings 2 Total,16,20,0,0,0
Word Endings 2 Total,17,20,0,0,0
Word Endings 2 Total,18,20,0,0,0
Word Endings 2 Total,19,20,0,0,0
Word Endings 2 Total,20,20,0,0,0
Word Endings 2 Total,21,20,0,0,0
Word Endings 2 Total,22,20,0,0,0
Word Endings 2 Total,23,20,0,0,0
Word Endings 2 Total,24,20,0,0,0
Word Endings 2 Total,25,20,0,0,0
Word Endings 2 Total,26,20,0,0,0
Word Endings 2 Total,27,20,0,0,0
Word Endings 2 Total,28,20,0,0,0
Word Endings 2 Total,29,20,0,0,0
Word Endings 2 Total,30,20,0,0,0
Word Endings 2 Total,31,20,0,0,0
Word Endings 2 Total,32,20,0,0,0
Word Endings 2 Total,33,20,0,0,0
Word Endings 2 Total,34,20,0,0,0
Word Endings 2 Total,35,20,0,0,0
Word Endings 2 Total,36,20,0,0,0
Word Endings 2 Total,37,20,0,0,0
Word Endings 2 Total,38,20,0,0,0
Word Endings 2 Total,39,20,0,0,0
Word Endings 2 Total,40,20,0,0,0
Word Endings 2 Total,41,20,0,0,0
Word Endings 2 Total,42,20,0,0,0
Word Endings 2 Total,43,20,0,0,0
Word Endings 2 Total,44,20,0,0,0
Word Endings 2 Total,45,20,0,0,0
Word Endings 2 Total,46,20,0,0,0
Word Endings 2 Total,47,20,0,0,0
Word Endings 2 Total,48,20,0,0,0
Word Endings 2 Total,49,20,0,0,0
Word Endings 2 Total,50,20,0,0,0
Word Endings 2 Total,51,20,0,0,0
Word Endings 2 Total,52,20,0,0,0
Word Endings 2 Total,53,20,0,0,1
Word Endings 2 Total,54,20,0,0,1
Word Endings 2 Total,55,20,0,0,1
Word Endings 2 Total,56,20,1,0,1
Word Endings 2 Total,57,20,1,0,1
Word Endings 2 Total,58,20,1,0,1
Word Endings 2 Total,59,20,1,0,1
Word Endings 2 Total,60,20,1,1,1
Word Endings 2 Total,61,20,1,1,1
Word Endings 2 Total,62,20,1,1,1
Word Endings 2 Total,63,20,1,1,1
Word Endings 2 Total,64,20,1,1,1
Word Endings 2 Total,65,20,1,1,1
Word Endings 2 Total,66,20,1,1,1
Word Endings 2 Total,67,20,1,1,1
Word Endings 2 Total,68,20,1,1,1
Word Endings 2 Total,69,20,1,1,1
Word Endings 2 Total,70,20,1,1,1
Word Endings 2 Total,71,20,1,1,2
Word Endings 2 Total,72,20,1,1,2
Word Endings 2 Total,73,20,1,1,2
Word Endings 2 Total,74,20,1,1,2
Word Endings 2 Total,75,20,2,1,2
Word Endings 2 Total,76,20,2,1,2
Word Endings 2 Total,77,20,2,1,2
Word Endings 2 Total,78,20,2,1,2
Word Endings 2 Total,79,20,2,1,2
Word Endings 2 Total,80,20,2,2,2
Word Endings 2 Total,81,20,2,2,3
Word Endings 2 Total,82,20,2,2,3
Word Endings 2 Total,83,20,2,2,3
Word Endings 2 Total,84,20,3,2,3
Word Endings 2 Total,85,20,3,2,3
Word Endings 2 Total,86,20,3,2,4
Word Endings 2 Total,87,20,3,2,4
Word Endings 2 Total,88,20,3,3,4
Word Endings 2 Total,89,20,4,3,4
Word Endings 2 Total,90,20,4,3,5
Word Endings 2 Total,91,20,4,3,5
Word Endings 2 Total,92,20,4,3,5
Word Endings 2 Total,93,20,5,4,6
Word Endings 2 Total,94,20,5,4,6
Word Endings 2 Total,95,20,6,4,7
Word Endings 2 Total,96,20,6,5,8
Word Endings 2 Total,97,20,7,5,9
Word Endings 2 Total,98,20,8,6,10
Word Endings 2 Total,99,20,10,8,12
Word Endings 2 Total,0,21,0,0,0
Word Endings 2 Total,1,21,0,0,0
Word Endings 2 Total,2,21,0,0,0
Word Endings 2 Total,3,21,0,0,0
Word Endings 2 Total,4,21,0,0,0
Word Endings 2 Total,5,21,0,0,0
Word Endings 2 Total,6,21,0,0,0
Word Endings 2 Total,7,21,0,0,0
Word Endings 2 Total,8,21,0,0,0
Word Endings 2 Total,9,21,0,0,0
Word Endings 2 Total,10,21,0,0,0
Word Endings 2 Total,11,21,0,0,0
Word Endings 2 Total,12,21,0,0,0
Word Endings 2 Total,13,21,0,0,0
Word Endings 2 Total,14,21,0,0,0
Word Endings 2 Total,15,21,0,0,0
Word Endings 2 Total,16,21,0,0,0
Word Endings 2 Total,17,21,0,0,0
Word Endings 2 Total,18,21,0,0,0
Word Endings 2 Total,19,21,0,0,0
Word Endings 2 Total,20,21,0,0,0
Word Endings 2 Total,21,21,0,0,0
Word Endings 2 Total,22,21,0,0,0
Word Endings 2 Total,23,21,0,0,0
Word Endings 2 Total,24,21,0,0,0
Word Endings 2 Total,25,21,0,0,0
Word Endings 2 Total,26,21,0,0,0
Word Endings 2 Total,27,21,0,0,0
Word Endings 2 Total,28,21,0,0,0
Word Endings 2 Total,29,21,0,0,0
Word Endings 2 Total,30,21,0,0,0
Word Endings 2 Total,31,21,0,0,0
Word Endings 2 Total,32,21,0,0,0
Word Endings 2 Total,33,21,0,0,0
Word Endings 2 Total,34,21,0,0,0
Word Endings 2 Total,35,21,0,0,0
Word Endings 2 Total,36,21,0,0,0
Word Endings 2 Total,37,21,0,0,0
Word Endings 2 Total,38,21,0,0,0
Word Endings 2 Total,39,21,0,0,0
Word Endings 2 Total,40,21,0,0,0
Word Endings 2 Total,41,21,0,0,0
Word Endings 2 Total,42,21,0,0,0
Word Endings 2 Total,43,21,0,0,0
Word Endings 2 Total,44,21,0,0,0
Word Endings 2 Total,45,21,0,0,0
Word Endings 2 Total,46,21,0,0,0
Word Endings 2 Total,47,21,0,0,0
Word Endings 2 Total,48,21,0,0,0
Word Endings 2 Total,49,21,0,0,0
Word Endings 2 Total,50,21,0,0,1
Word Endings 2 Total,51,21,0,0,1
Word Endings 2 Total,52,21,0,0,1
Word Endings 2 Total,53,21,1,0,1
Word Endings 2 Total,54,21,1,0,1
Word Endings 2 Total,55,21,1,0,1
Word Endings 2 Total,56,21,1,0,1
Word Endings 2 Total,57,21,1,1,1
Word Endings 2 Total,58,21,1,1,1
Word Endings 2 Total,59,21,1,1,1
Word Endings 2 Total,60,21,1,1,1
Word Endings 2 Total,61,21,1,1,1
Word Endings 2 Total,62,21,1,1,1
Word Endings 2 Total,63,21,1,1,1
Word Endings 2 Total,64,21,1,1,1
Word Endings 2 Total,65,21,1,1,1
Word Endings 2 Total,66,21,1,1,1
Word Endings 2 Total,67,21,1,1,1
Word Endings 2 Total,68,21,1,1,2
Word Endings 2 Total,69,21,1,1,2
Word Endings 2 Total,70,21,1,1,2
Word Endings 2 Total,71,21,2,1,2
Word Endings 2 Total,72,21,2,1,2
Word Endings 2 Total,73,21,2,1,2
Word Endings 2 Total,74,21,2,1,2
Word Endings 2 Total,75,21,2,1,2
Word Endings 2 Total,76,21,2,2,2
Word Endings 2 Total,77,21,2,2,3
Word Endings 2 Total,78,21,2,2,3
Word Endings 2 Total,79,21,2,2,3
Word Endings 2 Total,80,21,3,2,3
Word Endings 2 Total,81,21,3,2,3
Word Endings 2 Total,82,21,3,2,3
Word Endings 2 Total,83,21,3,2,4
Word Endings 2 Total,84,21,3,2,4
Word Endings 2 Total,85,21,3,3,4
Word Endings 2 Total,86,21,4,3,4
Word Endings 2 Total,87,21,4,3,5
Word Endings 2 Total,88,21,4,3,5
Word Endings 2 Total,89,21,4,3,5
Word Endings 2 Total,90,21,5,4,6
Word Endings 2 Total,91,21,5,4,6
Word Endings 2 Total,92,21,5,4,7
Word Endings 2 Total,93,21,6,4,7
Word Endings 2 Total,94,21,6,5,8
Word Endings 2 Total,95,21,7,5,8
Word Endings 2 Total,96,21,8,6,9
Word Endings 2 Total,97,21,9,7,10
Word Endings 2 Total,98,21,10,8,12
Word Endings 2 Total,99,21,12,10,15
Word Endings 2 Total,0,22,0,0,0
Word Endings 2 Total,1,22,0,0,0
Word Endings 2 Total,2,22,0,0,0
Word Endings 2 Total,3,22,0,0,0
Word Endings 2 Total,4,22,0,0,0
Word Endings 2 Total,5,22,0,0,0
Word Endings 2 Total,6,22,0,0,0
Word Endings 2 Total,7,22,0,0,0
Word Endings 2 Total,8,22,0,0,0
Word Endings 2 Total,9,22,0,0,0
Word Endings 2 Total,10,22,0,0,0
Word Endings 2 Total,11,22,0,0,0
Word Endings 2 Total,12,22,0,0,0
Word Endings 2 Total,13,22,0,0,0
Word Endings 2 Total,14,22,0,0,0
Word Endings 2 Total,15,22,0,0,0
Word Endings 2 Total,16,22,0,0,0
Word Endings 2 Total,17,22,0,0,0
Word Endings 2 Total,18,22,0,0,0
Word Endings 2 Total,19,22,0,0,0
Word Endings 2 Total,20,22,0,0,0
Word Endings 2 Total,21,22,0,0,0
Word Endings 2 Total,22,22,0,0,0
Word Endings 2 Total,23,22,0,0,0
Word Endings 2 Total,24,22,0,0,0
Word Endings 2 Total,25,22,0,0,0
Word Endings 2 Total,26,22,0,0,0
Word Endings 2 Total,27,22,0,0,0
Word Endings 2 Total,28,22,0,0,0
Word Endings 2 Total,29,22,0,0,0
Word Endings 2 Total,30,22,0,0,0
Word Endings 2 Total,31,22,0,0,0
Word Endings 2 Total,32,22,0,0,0
Word Endings 2 Total,33,22,0,0,0
Word Endings 2 Total,34,22,0,0,0
Word Endings 2 Total,35,22,0,0,0
Word Endings 2 Total,36,22,0,0,0
Word Endings 2 Total,37,22,0,0,0
Word Endings 2 Total,38,22,0,0,0
Word Endings 2 Total,39,22,0,0,0
Word Endings 2 Total,40,22,0,0,0
Word Endings 2 Total,41,22,0,0,0
Word Endings 2 Total,42,22,0,0,0
Word Endings 2 Total,43,22,0,0,0
Word Endings 2 Total,44,22,0,0,0
Word Endings 2 Total,45,22,0,0,0
Word Endings 2 Total,46,22,0,0,0
Word Endings 2 Total,47,22,0,0,1
Word Endings 2 Total,48,22,0,0,1
Word Endings 2 Total,49,22,0,0,1
Word Endings 2 Total,50,22,1,0,1
Word Endings 2 Total,51,22,1,0,1
Word Endings 2 Total,52,22,1,0,1
Word Endings 2 Total,53,22,1,1,1
Word Endings 2 Total,54,22,1,1,1
Word Endings 2 Total,55,22,1,1,1
Word Endings 2 Total,56,22,1,1,1
Word Endings 2 Total,57,22,1,1,1
Word Endings 2 Total,58,22,1,1,1
Word Endings 2 Total,59,22,1,1,1
Word Endings 2 Total,60,22,1,1,1
Word Endings 2 Total,61,22,1,1,1
Word Endings 2 Total,62,22,1,1,1
Word Endings 2 Total,63,22,1,1,1
Word Endings 2 Total,64,22,1,1,2
Word Endings 2 Total,65,22,1,1,2
Word Endings 2 Total,66,22,1,1,2
Word Endings 2 Total,67,22,2,1,2
Word Endings 2 Total,68,22,2,1,2
Word Endings 2 Total,69,22,2,1,2
Word Endings 2 Total,70,22,2,1,2
Word Endings 2 Total,71,22,2,1,2
Word Endings 2 Total,72,22,2,2,2
Word Endings 2 Total,73,22,2,2,3
Word Endings 2 Total,74,22,2,2,3
Word Endings 2 Total,75,22,2,2,3
Word Endings 2 Total,76,22,2,2,3
Word Endings 2 Total,77,22,3,2,3
Word Endings 2 Total,78,22,3,2,3
Word Endings 2 Total,79,22,3,2,4
Word Endings 2 Total,80,22,3,2,4
Word Endings 2 Total,81,22,3,2,4
Word Endings 2 Total,82,22,3,3,4
Word Endings 2 Total,83,22,4,3,4
Word Endings 2 Total,84,22,4,3,5
Word Endings 2 Total,85,22,4,3,5
Word Endings 2 Total,86,22,4,3,5
Word Endings 2 Total,87,22,5,4,6
Word Endings 2 Total,88,22,5,4,6
Word Endings 2 Total,89,22,5,4,6
Word Endings 2 Total,90,22,6,4,7
Word Endings 2 Total,91,22,6,5,7
Word Endings 2 Total,92,22,7,5,8
Word Endings 2 Total,93,22,7,5,8
Word Endings 2 Total,94,22,8,6,9
Word Endings 2 Total,95,22,9,6,10
Word Endings 2 Total,96,22,9,7,11
Word Endings 2 Total,97,22,11,8,12
Word Endings 2 Total,98,22,12,9,14
Word Endings 2 Total,99,22,15,11,17
Word Endings 2 Total,0,23,0,0,0
Word Endings 2 Total,1,23,0,0,0
Word Endings 2 Total,2,23,0,0,0
Word Endings 2 Total,3,23,0,0,0
Word Endings 2 Total,4,23,0,0,0
Word Endings 2 Total,5,23,0,0,0
Word Endings 2 Total,6,23,0,0,0
Word Endings 2 Total,7,23,0,0,0
Word Endings 2 Total,8,23,0,0,0
Word Endings 2 Total,9,23,0,0,0
Word Endings 2 Total,10,23,0,0,0
Word Endings 2 Total,11,23,0,0,0
Word Endings 2 Total,12,23,0,0,0
Word Endings 2 Total,13,23,0,0,0
Word Endings 2 Total,14,23,0,0,0
Word Endings 2 Total,15,23,0,0,0
Word Endings 2 Total,16,23,0,0,0
Word Endings 2 Total,17,23,0,0,0
Word Endings 2 Total,18,23,0,0,0
Word Endings 2 Total,19,23,0,0,0
Word Endings 2 Total,20,23,0,0,0
Word Endings 2 Total,21,23,0,0,0
Word Endings 2 Total,22,23,0,0,0
Word Endings 2 Total,23,23,0,0,0
Word Endings 2 Total,24,23,0,0,0
Word Endings 2 Total,25,23,0,0,0
Word Endings 2 Total,26,23,0,0,0
Word Endings 2 Total,27,23,0,0,0
Word Endings 2 Total,28,23,0,0,0
Word Endings 2 Total,29,23,0,0,0
Word Endings 2 Total,30,23,0,0,0
Word Endings 2 Total,31,23,0,0,0
Word Endings 2 Total,32,23,0,0,0
Word Endings 2 Total,33,23,0,0,0
Word Endings 2 Total,34,23,0,0,0
Word Endings 2 Total,35,23,0,0,0
Word Endings 2 Total,36,23,0,0,0
Word Endings 2 Total,37,23,0,0,0
Word Endings 2 Total,38,23,0,0,0
Word Endings 2 Total,39,23,0,0,0
Word Endings 2 Total,40,23,0,0,0
Word Endings 2 Total,41,23,0,0,0
Word Endings 2 Total,42,23,0,0,0
Word Endings 2 Total,43,23,0,0,1
Word Endings 2 Total,44,23,0,0,1
Word Endings 2 Total,45,23,0,0,1
Word Endings 2 Total,46,23,1,0,1
Word Endings 2 Total,47,23,1,0,1
Word Endings 2 Total,48,23,1,0,1
Word Endings 2 Total,49,23,1,0,1
Word Endings 2 Total,50,23,1,1,1
Word Endings 2 Total,51,23,1,1,1
Word Endings 2 Total,52,23,1,1,1
Word Endings 2 Total,53,23,1,1,1
Word Endings 2 Total,54,23,1,1,1
Word Endings 2 Total,55,23,1,1,1
Word Endings 2 Total,56,23,1,1,1
Word Endings 2 Total,57,23,1,1,1
Word Endings 2 Total,58,23,1,1,1
Word Endings 2 Total,59,23,1,1,1
Word Endings 2 Total,60,23,1,1,2
Word Endings 2 Total,61,23,1,1,2
Word Endings 2 Total,62,23,1,1,2
Word Endings 2 Total,63,23,1,1,2
Word Endings 2 Total,64,23,2,1,2
Word Endings 2 Total,65,23,2,1,2
Word Endings 2 Total,66,23,2,1,2
Word Endings 2 Total,67,23,2,1,2
Word Endings 2 Total,68,23,2,1,2
Word Endings 2 Total,69,23,2,2,2
Word Endings 2 Total,70,23,2,2,3
Word Endings 2 Total,71,23,2,2,3
Word Endings 2 Total,72,23,2,2,3
Word Endings 2 Total,73,23,3,2,3
Word Endings 2 Total,74,23,3,2,3
Word Endings 2 Total,75,23,3,2,3
Word Endings 2 Total,76,23,3,2,4
Word Endings 2 Total,77,23,3,2,4
Word Endings 2 Total,78,23,3,3,4
Word Endings 2 Total,79,23,4,3,4
Word Endings 2 Total,80,23,4,3,4
Word Endings 2 Total,81,23,4,3,5
Word Endings 2 Total,82,23,4,3,5
Word Endings 2 Total,83,23,4,3,5
Word Endings 2 Total,84,23,5,4,6
Word Endings 2 Total,85,23,5,4,6
Word Endings 2 Total,86,23,5,4,6
Word Endings 2 Total,87,23,6,4,7
Word Endings 2 Total,88,23,6,5,7
Word Endings 2 Total,89,23,6,5,8
Word Endings 2 Total,90,23,7,5,8
Word Endings 2 Total,91,23,7,6,9
Word Endings 2 Total,92,23,8,6,9
Word Endings 2 Total,93,23,9,6,10
Word Endings 2 Total,94,23,9,7,11
Word Endings 2 Total,95,23,10,8,12
Word Endings 2 Total,96,23,11,8,13
Word Endings 2 Total,97,23,13,10,14
Word Endings 2 Total,98,23,14,11,16
Word Endings 2 Total,99,23,17,13,19
Word Endings 2 Total,0,24,0,0,0
Word Endings 2 Total,1,24,0,0,0
Word Endings 2 Total,2,24,0,0,0
Word Endings 2 Total,3,24,0,0,0
Word Endings 2 Total,4,24,0,0,0
Word Endings 2 Total,5,24,0,0,0
Word Endings 2 Total,6,24,0,0,0
Word Endings 2 Total,7,24,0,0,0
Word Endings 2 Total,8,24,0,0,0
Word Endings 2 Total,9,24,0,0,0
Word Endings 2 Total,10,24,0,0,0
Word Endings 2 Total,11,24,0,0,0
Word Endings 2 Total,12,24,0,0,0
Word Endings 2 Total,13,24,0,0,0
Word Endings 2 Total,14,24,0,0,0
Word Endings 2 Total,15,24,0,0,0
Word Endings 2 Total,16,24,0,0,0
Word Endings 2 Total,17,24,0,0,0
Word Endings 2 Total,18,24,0,0,0
Word Endings 2 Total,19,24,0,0,0
Word Endings 2 Total,20,24,0,0,0
Word Endings 2 Total,21,24,0,0,0
Word Endings 2 Total,22,24,0,0,0
Word Endings 2 Total,23,24,0,0,0
Word Endings 2 Total,24,24,0,0,0
Word Endings 2 Total,25,24,0,0,0
Word Endings 2 Total,26,24,0,0,0
Word Endings 2 Total,27,24,0,0,0
Word Endings 2 Total,28,24,0,0,0
Word Endings 2 Total,29,24,0,0,0
Word Endings 2 Total,30,24,0,0,0
Word Endings 2 Total,31,24,0,0,0
Word Endings 2 Total,32,24,0,0,0
Word Endings 2 Total,33,24,0,0,0
Word Endings 2 Total,34,24,0,0,0
Word Endings 2 Total,35,24,0,0,0
Word Endings 2 Total,36,24,0,0,0
Word Endings 2 Total,37,24,0,0,0
Word Endings 2 Total,38,24,0,0,0
Word Endings 2 Total,39,24,0,0,0
Word Endings 2 Total,40,24,0,0,1
Word Endings 2 Total,41,24,0,0,1
Word Endings 2 Total,42,24,0,0,1
Word Endings 2 Total,43,24,1,0,1
Word Endings 2 Total,44,24,1,0,1
Word Endings 2 Total,45,24,1,0,1
Word Endings 2 Total,46,24,1,0,1
Word Endings 2 Total,47,24,1,1,1
Word Endings 2 Total,48,24,1,1,1
Word Endings 2 Total,49,24,1,1,1
Word Endings 2 Total,50,24,1,1,1
Word Endings 2 Total,51,24,1,1,1
Word Endings 2 Total,52,24,1,1,1
Word Endings 2 Total,53,24,1,1,1
Word Endings 2 Total,54,24,1,1,1
Word Endings 2 Total,55,24,1,1,1
Word Endings 2 Total,56,24,1,1,1
Word Endings 2 Total,57,24,1,1,2
Word Endings 2 Total,58,24,1,1,2
Word Endings 2 Total,59,24,1,1,2
Word Endings 2 Total,60,24,2,1,2
Word Endings 2 Total,61,24,2,1,2
Word Endings 2 Total,62,24,2,1,2
Word Endings 2 Total,63,24,2,1,2
Word Endings 2 Total,64,24,2,1,2
Word Endings 2 Total,65,24,2,2,2
Word Endings 2 Total,66,24,2,2,3
Word Endings 2 Total,67,24,2,2,3
Word Endings 2 Total,68,24,2,2,3
Word Endings 2 Total,69,24,3,2,3
Word Endings 2 Total,70,24,3,2,3
Word Endings 2 Total,71,24,3,2,3
Word Endings 2 Total,72,24,3,2,4
Word Endings 2 Total,73,24,3,2,4
Word Endings 2 Total,74,24,3,2,4
Word Endings 2 Total,75,24,3,3,4
Word Endings 2 Total,76,24,4,3,4
Word Endings 2 Total,77,24,4,3,5
Word Endings 2 Total,78,24,4,3,5
Word Endings 2 Total,79,24,4,3,5
Word Endings 2 Total,80,24,5,3,5
Word Endings 2 Total,81,24,5,4,6
Word Endings 2 Total,82,24,5,4,6
Word Endings 2 Total,83,24,5,4,6
Word Endings 2 Total,84,24,6,4,7
Word Endings 2 Total,85,24,6,5,7
Word Endings 2 Total,86,24,6,5,7
Word Endings 2 Total,87,24,7,5,8
Word Endings 2 Total,88,24,7,5,8
Word Endings 2 Total,89,24,8,6,9
Word Endings 2 Total,90,24,8,6,9
Word Endings 2 Total,91,24,9,7,10
Word Endings 2 Total,92,24,9,7,11
Word Endings 2 Total,93,24,10,8,12
Word Endings 2 Total,94,24,11,8,12
Word Endings 2 Total,95,24,12,9,13
Word Endings 2 Total,96,24,13,10,15
Word Endings 2 Total,97,24,15,11,16
Word Endings 2 Total,98,24,17,13,18
Word Endings 2 Total,99,24,20,16,22
Word Endings 2 Total,0,25,0,0,0
Word Endings 2 Total,1,25,0,0,0
Word Endings 2 Total,2,25,0,0,0
Word Endings 2 Total,3,25,0,0,0
Word Endings 2 Total,4,25,0,0,0
Word Endings 2 Total,5,25,0,0,0
Word Endings 2 Total,6,25,0,0,0
Word Endings 2 Total,7,25,0,0,0
Word Endings 2 Total,8,25,0,0,0
Word Endings 2 Total,9,25,0,0,0
Word Endings 2 Total,10,25,0,0,0
Word Endings 2 Total,11,25,0,0,0
Word Endings 2 Total,12,25,0,0,0
Word Endings 2 Total,13,25,0,0,0
Word Endings 2 Total,14,25,0,0,0
Word Endings 2 Total,15,25,0,0,0
Word Endings 2 Total,16,25,0,0,0
Word Endings 2 Total,17,25,0,0,0
Word Endings 2 Total,18,25,0,0,0
Word Endings 2 Total,19,25,0,0,0
Word Endings 2 Total,20,25,0,0,0
Word Endings 2 Total,21,25,0,0,0
Word Endings 2 Total,22,25,0,0,0
Word Endings 2 Total,23,25,0,0,0
Word Endings 2 Total,24,25,0,0,0
Word Endings 2 Total,25,25,0,0,0
Word Endings 2 Total,26,25,0,0,0
Word Endings 2 Total,27,25,0,0,0
Word Endings 2 Total,28,25,0,0,0
Word Endings 2 Total,29,25,0,0,0
Word Endings 2 Total,30,25,0,0,0
Word Endings 2 Total,31,25,0,0,0
Word Endings 2 Total,32,25,0,0,0
Word Endings 2 Total,33,25,0,0,0
Word Endings 2 Total,34,25,0,0,0
Word Endings 2 Total,35,25,0,0,0
Word Endings 2 Total,36,25,0,0,0
Word Endings 2 Total,37,25,0,0,1
Word Endings 2 Total,38,25,0,0,1
Word Endings 2 Total,39,25,0,0,1
Word Endings 2 Total,40,25,1,0,1
Word Endings 2 Total,41,25,1,0,1
Word Endings 2 Total,42,25,1,0,1
Word Endings 2 Total,43,25,1,0,1
Word Endings 2 Total,44,25,1,1,1
Word Endings 2 Total,45,25,1,1,1
Word Endings 2 Total,46,25,1,1,1
Word Endings 2 Total,47,25,1,1,1
Word Endings 2 Total,48,25,1,1,1
Word Endings 2 Total,49,25,1,1,1
Word Endings 2 Total,50,25,1,1,1
Word Endings 2 Total,51,25,1,1,1
Word Endings 2 Total,52,25,1,1,1
Word Endings 2 Total,53,25,1,1,2
Word Endings 2 Total,54,25,1,1,2
Word Endings 2 Total,55,25,1,1,2
Word Endings 2 Total,56,25,1,1,2
Word Endings 2 Total,57,25,2,1,2
Word Endings 2 Total,58,25,2,1,2
Word Endings 2 Total,59,25,2,1,2
Word Endings 2 Total,60,25,2,1,2
Word Endings 2 Total,61,25,2,2,2
Word Endings 2 Total,62,25,2,2,3
Word Endings 2 Total,63,25,2,2,3
Word Endings 2 Total,64,25,2,2,3
Word Endings 2 Total,65,25,2,2,3
Word Endings 2 Total,66,25,3,2,3
Word Endings 2 Total,67,25,3,2,3
Word Endings 2 Total,68,25,3,2,3
Word Endings 2 Total,69,25,3,2,4
Word Endings 2 Total,70,25,3,2,4
Word Endings 2 Total,71,25,3,3,4
Word Endings 2 Total,72,25,4,3,4
Word Endings 2 Total,73,25,4,3,4
Word Endings 2 Total,74,25,4,3,5
Word Endings 2 Total,75,25,4,3,5
Word Endings 2 Total,76,25,4,3,5
Word Endings 2 Total,77,25,5,4,5
Word Endings 2 Total,78,25,5,4,6
Word Endings 2 Total,79,25,5,4,6
Word Endings 2 Total,80,25,5,4,6
Word Endings 2 Total,81,25,6,4,7
Word Endings 2 Total,82,25,6,5,7
Word Endings 2 Total,83,25,6,5,7
Word Endings 2 Total,84,25,7,5,8
Word Endings 2 Total,85,25,7,5,8
Word Endings 2 Total,86,25,8,6,9
Word Endings 2 Total,87,25,8,6,9
Word Endings 2 Total,88,25,8,7,10
Word Endings 2 Total,89,25,9,7,10
Word Endings 2 Total,90,25,10,7,11
Word Endings 2 Total,91,25,10,8,11
Word Endings 2 Total,92,25,11,8,12
Word Endings 2 Total,93,25,12,9,13
Word Endings 2 Total,94,25,13,10,14
Word Endings 2 Total,95,25,14,11,15
Word Endings 2 Total,96,25,15,12,17
Word Endings 2 Total,97,25,17,13,18
Word Endings 2 Total,98,25,19,15,21
Word Endings 2 Total,99,25,22,18,24
Word Endings 2 Total,0,26,0,0,0
Word Endings 2 Total,1,26,0,0,0
Word Endings 2 Total,2,26,0,0,0
Word Endings 2 Total,3,26,0,0,0
Word Endings 2 Total,4,26,0,0,0
Word Endings 2 Total,5,26,0,0,0
Word Endings 2 Total,6,26,0,0,0
Word Endings 2 Total,7,26,0,0,0
Word Endings 2 Total,8,26,0,0,0
Word Endings 2 Total,9,26,0,0,0
Word Endings 2 Total,10,26,0,0,0
Word Endings 2 Total,11,26,0,0,0
Word Endings 2 Total,12,26,0,0,0
Word Endings 2 Total,13,26,0,0,0
Word Endings 2 Total,14,26,0,0,0
Word Endings 2 Total,15,26,0,0,0
Word Endings 2 Total,16,26,0,0,0
Word Endings 2 Total,17,26,0,0,0
Word Endings 2 Total,18,26,0,0,0
Word Endings 2 Total,19,26,0,0,0
Word Endings 2 Total,20,26,0,0,0
Word Endings 2 Total,21,26,0,0,0
Word Endings 2 Total,22,26,0,0,0
Word Endings 2 Total,23,26,0,0,0
Word Endings 2 Total,24,26,0,0,0
Word Endings 2 Total,25,26,0,0,0
Word Endings 2 Total,26,26,0,0,0
Word Endings 2 Total,27,26,0,0,0
Word Endings 2 Total,28,26,0,0,0
Word Endings 2 Total,29,26,0,0,0
Word Endings 2 Total,30,26,0,0,0
Word Endings 2 Total,31,26,0,0,0
Word Endings 2 Total,32,26,0,0,0
Word Endings 2 Total,33,26,0,0,1
Word Endings 2 Total,34,26,0,0,1
Word Endings 2 Total,35,26,0,0,1
Word Endings 2 Total,36,26,0,0,1
Word Endings 2 Total,37,26,1,0,1
Word Endings 2 Total,38,26,1,0,1
Word Endings 2 Total,39,26,1,0,1
Word Endings 2 Total,40,26,1,0,1
Word Endings 2 Total,41,26,1,1,1
Word Endings 2 Total,42,26,1,1,1
Word Endings 2 Total,43,26,1,1,1
Word Endings 2 Total,44,26,1,1,1
Word Endings 2 Total,45,26,1,1,1
Word Endings 2 Total,46,26,1,1,1
Word Endings 2 Total,47,26,1,1,1
Word Endings 2 Total,48,26,1,1,1
Word Endings 2 Total,49,26,1,1,2
Word Endings 2 Total,50,26,1,1,2
Word Endings 2 Total,51,26,1,1,2
Word Endings 2 Total,52,26,1,1,2
Word Endings 2 Total,53,26,2,1,2
Word Endings 2 Total,54,26,2,1,2
Word Endings 2 Total,55,26,2,1,2
Word Endings 2 Total,56,26,2,1,2
Word Endings 2 Total,57,26,2,1,2
Word Endings 2 Total,58,26,2,2,3
Word Endings 2 Total,59,26,2,2,3
Word Endings 2 Total,60,26,2,2,3
Word Endings 2 Total,61,26,2,2,3
Word Endings 2 Total,62,26,3,2,3
Word Endings 2 Total,63,26,3,2,3
Word Endings 2 Total,64,26,3,2,3
Word Endings 2 Total,65,26,3,2,4
Word Endings 2 Total,66,26,3,2,4
Word Endings 2 Total,67,26,3,3,4
Word Endings 2 Total,68,26,3,3,4
Word Endings 2 Total,69,26,4,3,4
Word Endings 2 Total,70,26,4,3,5
Word Endings 2 Total,71,26,4,3,5
Word Endings 2 Total,72,26,4,3,5
Word Endings 2 Total,73,26,4,3,5
Word Endings 2 Total,74,26,5,4,6
Word Endings 2 Total,75,26,5,4,6
Word Endings 2 Total,76,26,5,4,6
Word Endings 2 Total,77,26,5,4,6
Word Endings 2 Total,78,26,6,5,7
Word Endings 2 Total,79,26,6,5,7
Word Endings 2 Total,80,26,6,5,7
Word Endings 2 Total,81,26,7,5,8
Word Endings 2 Total,82,26,7,6,8
Word Endings 2 Total,83,26,7,6,8
Word Endings 2 Total,84,26,8,6,9
Word Endings 2 Total,85,26,8,7,9
Word Endings 2 Total,86,26,9,7,10
Word Endings 2 Total,87,26,9,7,10
Word Endings 2 Total,88,26,10,8,11
Word Endings 2 Total,89,26,10,8,12
Word Endings 2 Total,90,26,11,9,12
Word Endings 2 Total,91,26,12,9,13
Word Endings 2 Total,92,26,12,10,14
Word Endings 2 Total,93,26,13,11,15
Word Endings 2 Total,94,26,14,12,16
Word Endings 2 Total,95,26,15,13,17
Word Endings 2 Total,96,26,17,14,18
Word Endings 2 Total,97,26,18,15,20
Word Endings 2 Total,98,26,21,17,22
Word Endings 2 Total,99,26,24,21,26
Word Endings 2 Total,0,27,0,0,0
Word Endings 2 Total,1,27,0,0,0
Word Endings 2 Total,2,27,0,0,0
Word Endings 2 Total,3,27,0,0,0
Word Endings 2 Total,4,27,0,0,0
Word Endings 2 Total,5,27,0,0,0
Word Endings 2 Total,6,27,0,0,0
Word Endings 2 Total,7,27,0,0,0
Word Endings 2 Total,8,27,0,0,0
Word Endings 2 Total,9,27,0,0,0
Word Endings 2 Total,10,27,0,0,0
Word Endings 2 Total,11,27,0,0,0
Word Endings 2 Total,12,27,0,0,0
Word Endings 2 Total,13,27,0,0,0
Word Endings 2 Total,14,27,0,0,0
Word Endings 2 Total,15,27,0,0,0
Word Endings 2 Total,16,27,0,0,0
Word Endings 2 Total,17,27,0,0,0
Word Endings 2 Total,18,27,0,0,0
Word Endings 2 Total,19,27,0,0,0
Word Endings 2 Total,20,27,0,0,0
Word Endings 2 Total,21,27,0,0,0
Word Endings 2 Total,22,27,0,0,0
Word Endings 2 Total,23,27,0,0,0
Word Endings 2 Total,24,27,0,0,0
Word Endings 2 Total,25,27,0,0,0
Word Endings 2 Total,26,27,0,0,0
Word Endings 2 Total,27,27,0,0,0
Word Endings 2 Total,28,27,0,0,0
Word Endings 2 Total,29,27,0,0,1
Word Endings 2 Total,30,27,0,0,1
Word Endings 2 Total,31,27,0,0,1
Word Endings 2 Total,32,27,0,0,1
Word Endings 2 Total,33,27,0,0,1
Word Endings 2 Total,34,27,1,0,1
Word Endings 2 Total,35,27,1,0,1
Word Endings 2 Total,36,27,1,0,1
Word Endings 2 Total,37,27,1,0,1
Word Endings 2 Total,38,27,1,1,1
Word Endings 2 Total,39,27,1,1,1
Word Endings 2 Total,40,27,1,1,1
Word Endings 2 Total,41,27,1,1,1
Word Endings 2 Total,42,27,1,1,1
Word Endings 2 Total,43,27,1,1,1
Word Endings 2 Total,44,27,1,1,1
Word Endings 2 Total,45,27,1,1,2
Word Endings 2 Total,46,27,1,1,2
Word Endings 2 Total,47,27,1,1,2
Word Endings 2 Total,48,27,1,1,2
Word Endings 2 Total,49,27,1,1,2
Word Endings 2 Total,50,27,2,1,2
Word Endings 2 Total,51,27,2,1,2
Word Endings 2 Total,52,27,2,1,2
Word Endings 2 Total,53,27,2,1,2
Word Endings 2 Total,54,27,2,2,3
Word Endings 2 Total,55,27,2,2,3
Word Endings 2 Total,56,27,2,2,3
Word Endings 2 Total,57,27,2,2,3
Word Endings 2 Total,58,27,2,2,3
Word Endings 2 Total,59,27,3,2,3
Word Endings 2 Total,60,27,3,2,3
Word Endings 2 Total,61,27,3,2,4
Word Endings 2 Total,62,27,3,2,4
Word Endings 2 Total,63,27,3,3,4
Word Endings 2 Total,64,27,3,3,4
Word Endings 2 Total,65,27,4,3,4
Word Endings 2 Total,66,27,4,3,4
Word Endings 2 Total,67,27,4,3,5
Word Endings 2 Total,68,27,4,3,5
Word Endings 2 Total,69,27,4,3,5
Word Endings 2 Total,70,27,4,4,5
Word Endings 2 Total,71,27,5,4,6
Word Endings 2 Total,72,27,5,4,6
Word Endings 2 Total,73,27,5,4,6
Word Endings 2 Total,74,27,5,4,6
Word Endings 2 Total,75,27,6,5,7
Word Endings 2 Total,76,27,6,5,7
Word Endings 2 Total,77,27,6,5,7
Word Endings 2 Total,78,27,7,5,8
Word Endings 2 Total,79,27,7,6,8
Word Endings 2 Total,80,27,7,6,8
Word Endings 2 Total,81,27,8,6,9
Word Endings 2 Total,82,27,8,7,9
Word Endings 2 Total,83,27,8,7,10
Word Endings 2 Total,84,27,9,7,10
Word Endings 2 Total,85,27,9,8,11
Word Endings 2 Total,86,27,10,8,11
Word Endings 2 Total,87,27,10,9,12
Word Endings 2 Total,88,27,11,9,12
Word Endings 2 Total,89,27,12,10,13
Word Endings 2 Total,90,27,12,10,14
Word Endings 2 Total,91,27,13,11,14
Word Endings 2 Total,92,27,14,12,15
Word Endings 2 Total,93,27,15,13,16
Word Endings 2 Total,94,27,16,13,17
Word Endings 2 Total,95,27,17,15,18
Word Endings 2 Total,96,27,18,16,20
Word Endings 2 Total,97,27,20,18,22
Word Endings 2 Total,98,27,22,20,24
Word Endings 2 Total,99,27,26,23,28
Word Endings 2 Total,0,28,0,0,0
Word Endings 2 Total,1,28,0,0,0
Word Endings 2 Total,2,28,0,0,0
Word Endings 2 Total,3,28,0,0,0
Word Endings 2 Total,4,28,0,0,0
Word Endings 2 Total,5,28,0,0,0
Word Endings 2 Total,6,28,0,0,0
Word Endings 2 Total,7,28,0,0,0
Word Endings 2 Total,8,28,0,0,0
Word Endings 2 Total,9,28,0,0,0
Word Endings 2 Total,10,28,0,0,0
Word Endings 2 Total,11,28,0,0,0
Word Endings 2 Total,12,28,0,0,0
Word Endings 2 Total,13,28,0,0,0
Word Endings 2 Total,14,28,0,0,0
Word Endings 2 Total,15,28,0,0,0
Word Endings 2 Total,16,28,0,0,0
Word Endings 2 Total,17,28,0,0,0
Word Endings 2 Total,18,28,0,0,0
Word Endings 2 Total,19,28,0,0,0
Word Endings 2 Total,20,28,0,0,0
Word Endings 2 Total,21,28,0,0,0
Word Endings 2 Total,22,28,0,0,0
Word Endings 2 Total,23,28,0,0,0
Word Endings 2 Total,24,28,0,0,0
Word Endings 2 Total,25,28,0,0,0
Word Endings 2 Total,26,28,0,0,1
Word Endings 2 Total,27,28,0,0,1
Word Endings 2 Total,28,28,0,0,1
Word Endings 2 Total,29,28,0,0,1
Word Endings 2 Total,30,28,0,0,1
Word Endings 2 Total,31,28,1,0,1
Word Endings 2 Total,32,28,1,0,1
Word Endings 2 Total,33,28,1,0,1
Word Endings 2 Total,34,28,1,0,1
Word Endings 2 Total,35,28,1,1,1
Word Endings 2 Total,36,28,1,1,1
Word Endings 2 Total,37,28,1,1,1
Word Endings 2 Total,38,28,1,1,1
Word Endings 2 Total,39,28,1,1,1
Word Endings 2 Total,40,28,1,1,1
Word Endings 2 Total,41,28,1,1,2
Word Endings 2 Total,42,28,1,1,2
Word Endings 2 Total,43,28,1,1,2
Word Endings 2 Total,44,28,1,1,2
Word Endings 2 Total,45,28,1,1,2
Word Endings 2 Total,46,28,2,1,2
Word Endings 2 Total,47,28,2,1,2
Word Endings 2 Total,48,28,2,1,2
Word Endings 2 Total,49,28,2,1,2
Word Endings 2 Total,50,28,2,2,3
Word Endings 2 Total,51,28,2,2,3
Word Endings 2 Total,52,28,2,2,3
Word Endings 2 Total,53,28,2,2,3
Word Endings 2 Total,54,28,2,2,3
Word Endings 2 Total,55,28,3,2,3
Word Endings 2 Total,56,28,3,2,3
Word Endings 2 Total,57,28,3,2,4
Word Endings 2 Total,58,28,3,2,4
Word Endings 2 Total,59,28,3,3,4
Word Endings 2 Total,60,28,3,3,4
Word Endings 2 Total,61,28,3,3,4
Word Endings 2 Total,62,28,4,3,4
Word Endings 2 Total,63,28,4,3,5
Word Endings 2 Total,64,28,4,3,5
Word Endings 2 Total,65,28,4,3,5
Word Endings 2 Total,66,28,4,4,5
Word Endings 2 Total,67,28,5,4,5
Word Endings 2 Total,68,28,5,4,6
Word Endings 2 Total,69,28,5,4,6
Word Endings 2 Total,70,28,5,4,6
Word Endings 2 Total,71,28,5,5,6
Word Endings 2 Total,72,28,6,5,7
Word Endings 2 Total,73,28,6,5,7
Word Endings 2 Total,74,28,6,5,7
Word Endings 2 Total,75,28,7,6,8
Word Endings 2 Total,76,28,7,6,8
Word Endings 2 Total,77,28,7,6,8
Word Endings 2 Total,78,28,7,6,9
Word Endings 2 Total,79,28,8,7,9
Word Endings 2 Total,80,28,8,7,9
Word Endings 2 Total,81,28,9,7,10
Word Endings 2 Total,82,28,9,8,10
Word Endings 2 Total,83,28,9,8,11
Word Endings 2 Total,84,28,10,9,11
Word Endings 2 Total,85,28,10,9,12
Word Endings 2 Total,86,28,11,10,12
Word Endings 2 Total,87,28,11,10,13
Word Endings 2 Total,88,28,12,11,14
Word Endings 2 Total,89,28,13,11,14
Word Endings 2 Total,90,28,13,12,15
Word Endings 2 Total,91,28,14,13,16
Word Endings 2 Total,92,28,15,14,17
Word Endings 2 Total,93,28,16,15,18
Word Endings 2 Total,94,28,17,16,19
Word Endings 2 Total,95,28,18,17,20
Word Endings 2 Total,96,28,20,18,21
Word Endings 2 Total,97,28,22,20,23
Word Endings 2 Total,98,28,24,22,26
Word Endings 2 Total,99,28,28,26,29
Word Endings 2 Total,0,29,0,0,0
Word Endings 2 Total,1,29,0,0,0
Word Endings 2 Total,2,29,0,0,0
Word Endings 2 Total,3,29,0,0,0
Word Endings 2 Total,4,29,0,0,0
Word Endings 2 Total,5,29,0,0,0
Word Endings 2 Total,6,29,0,0,0
Word Endings 2 Total,7,29,0,0,0
Word Endings 2 Total,8,29,0,0,0
Word Endings 2 Total,9,29,0,0,0
Word Endings 2 Total,10,29,0,0,0
Word Endings 2 Total,11,29,0,0,0
Word Endings 2 Total,12,29,0,0,0
Word Endings 2 Total,13,29,0,0,0
Word Endings 2 Total,14,29,0,0,0
Word Endings 2 Total,15,29,0,0,0
Word Endings 2 Total,16,29,0,0,0
Word Endings 2 Total,17,29,0,0,0
Word Endings 2 Total,18,29,0,0,0
Word Endings 2 Total,19,29,0,0,0
Word Endings 2 Total,20,29,0,0,0
Word Endings 2 Total,21,29,0,0,0
Word Endings 2 Total,22,29,0,0,0
Word Endings 2 Total,23,29,0,0,1
Word Endings 2 Total,24,29,0,0,1
Word Endings 2 Total,25,29,0,0,1
Word Endings 2 Total,26,29,0,0,1
Word Endings 2 Total,27,29,0,0,1
Word Endings 2 Total,28,29,1,0,1
Word Endings 2 Total,29,29,1,0,1
Word Endings 2 Total,30,29,1,0,1
Word Endings 2 Total,31,29,1,0,1
Word Endings 2 Total,32,29,1,1,1
Word Endings 2 Total,33,29,1,1,1
Word Endings 2 Total,34,29,1,1,1
Word Endings 2 Total,35,29,1,1,1
Word Endings 2 Total,36,29,1,1,1
Word Endings 2 Total,37,29,1,1,2
Word Endings 2 Total,38,29,1,1,2
Word Endings 2 Total,39,29,1,1,2
Word Endings 2 Total,40,29,1,1,2
Word Endings 2 Total,41,29,1,1,2
Word Endings 2 Total,42,29,1,1,2
Word Endings 2 Total,43,29,2,1,2
Word Endings 2 Total,44,29,2,1,2
Word Endings 2 Total,45,29,2,1,2
Word Endings 2 Total,46,29,2,1,2
Word Endings 2 Total,47,29,2,2,3
Word Endings 2 Total,48,29,2,2,3
Word Endings 2 Total,49,29,2,2,3
Word Endings 2 Total,50,29,2,2,3
Word Endings 2 Total,51,29,2,2,3
Word Endings 2 Total,52,29,3,2,3
Word Endings 2 Total,53,29,3,2,3
Word Endings 2 Total,54,29,3,2,4
Word Endings 2 Total,55,29,3,3,4
Word Endings 2 Total,56,29,3,3,4
Word Endings 2 Total,57,29,3,3,4
Word Endings 2 Total,58,29,3,3,4
Word Endings 2 Total,59,29,4,3,5
Word Endings 2 Total,60,29,4,3,5
Word Endings 2 Total,61,29,4,3,5
Word Endings 2 Total,62,29,4,4,5
Word Endings 2 Total,63,29,4,4,5
Word Endings 2 Total,64,29,5,4,6
Word Endings 2 Total,65,29,5,4,6
Word Endings 2 Total,66,29,5,4,6
Word Endings 2 Total,67,29,5,5,6
Word Endings 2 Total,68,29,5,5,7
Word Endings 2 Total,69,29,6,5,7
Word Endings 2 Total,70,29,6,5,7
Word Endings 2 Total,71,29,6,6,7
Word Endings 2 Total,72,29,7,6,8
Word Endings 2 Total,73,29,7,6,8
Word Endings 2 Total,74,29,7,6,8
Word Endings 2 Total,75,29,7,7,9
Word Endings 2 Total,76,29,8,7,9
Word Endings 2 Total,77,29,8,7,9
Word Endings 2 Total,78,29,8,8,10
Word Endings 2 Total,79,29,9,8,10
Word Endings 2 Total,80,29,9,8,11
Word Endings 2 Total,81,29,10,9,11
Word Endings 2 Total,82,29,10,9,11
Word Endings 2 Total,83,29,11,10,12
Word Endings 2 Total,84,29,11,10,12
Word Endings 2 Total,85,29,12,11,13
Word Endings 2 Total,86,29,12,11,14
Word Endings 2 Total,87,29,13,12,14
Word Endings 2 Total,88,29,13,13,15
Word Endings 2 Total,89,29,14,13,16
Word Endings 2 Total,90,29,15,14,16
Word Endings 2 Total,91,29,16,15,17
Word Endings 2 Total,92,29,16,16,18
Word Endings 2 Total,93,29,17,17,19
Word Endings 2 Total,94,29,19,18,20
Word Endings 2 Total,95,29,20,19,21
Word Endings 2 Total,96,29,21,21,23
Word Endings 2 Total,97,29,23,23,25
Word Endings 2 Total,98,29,26,25,27
Word Endings 2 Total,99,29,29,29,30
Word Endings 2 Total,0,30,0,0,0
Word Endings 2 Total,1,30,0,0,0
Word Endings 2 Total,2,30,0,0,0
Word Endings 2 Total,3,30,0,0,0
Word Endings 2 Total,4,30,0,0,0
Word Endings 2 Total,5,30,0,0,0
Word Endings 2 Total,6,30,0,0,0
Word Endings 2 Total,7,30,0,0,0
Word Endings 2 Total,8,30,0,0,0
Word Endings 2 Total,9,30,0,0,0
Word Endings 2 Total,10,30,0,0,0
Word Endings 2 Total,11,30,0,0,0
Word Endings 2 Total,12,30,0,0,0
Word Endings 2 Total,13,30,0,0,0
Word Endings 2 Total,14,30,0,0,0
Word Endings 2 Total,15,30,0,0,0
Word Endings 2 Total,16,30,0,0,0
Word Endings 2 Total,17,30,0,0,0
Word Endings 2 Total,18,30,0,0,0
Word Endings 2 Total,19,30,0,0,0
Word Endings 2 Total,20,30,0,0,1
Word Endings 2 Total,21,30,0,0,1
Word Endings 2 Total,22,30,0,0,1
Word Endings 2 Total,23,30,0,0,1
Word Endings 2 Total,24,30,0,0,1
Word Endings 2 Total,25,30,1,0,1
Word Endings 2 Total,26,30,1,0,1
Word Endings 2 Total,27,30,1,0,1
Word Endings 2 Total,28,30,1,1,1
Word Endings 2 Total,29,30,1,1,1
Word Endings 2 Total,30,30,1,1,1
Word Endings 2 Total,31,30,1,1,1
Word Endings 2 Total,32,30,1,1,1
Word Endings 2 Total,33,30,1,1,1
Word Endings 2 Total,34,30,1,1,2
Word Endings 2 Total,35,30,1,1,2
Word Endings 2 Total,36,30,1,1,2
Word Endings 2 Total,37,30,1,1,2
Word Endings 2 Total,38,30,1,1,2
Word Endings 2 Total,39,30,2,1,2
Word Endings 2 Total,40,30,2,1,2
Word Endings 2 Total,41,30,2,1,2
Word Endings 2 Total,42,30,2,1,2
Word Endings 2 Total,43,30,2,2,3
Word Endings 2 Total,44,30,2,2,3
Word Endings 2 Total,45,30,2,2,3
Word Endings 2 Total,46,30,2,2,3
Word Endings 2 Total,47,30,2,2,3
Word Endings 2 Total,48,30,3,2,3
Word Endings 2 Total,49,30,3,2,3
Word Endings 2 Total,50,30,3,2,4
Word Endings 2 Total,51,30,3,3,4
Word Endings 2 Total,52,30,3,3,4
Word Endings 2 Total,53,30,3,3,4
Word Endings 2 Total,54,30,3,3,4
Word Endings 2 Total,55,30,4,3,4
Word Endings 2 Total,56,30,4,3,5
Word Endings 2 Total,57,30,4,3,5
Word Endings 2 Total,58,30,4,4,5
Word Endings 2 Total,59,30,4,4,5
Word Endings 2 Total,60,30,4,4,5
Word Endings 2 Total,61,30,5,4,6
Word Endings 2 Total,62,30,5,4,6
Word Endings 2 Total,63,30,5,5,6
Word Endings 2 Total,64,30,5,5,6
Word Endings 2 Total,65,30,6,5,7
Word Endings 2 Total,66,30,6,5,7
Word Endings 2 Total,67,30,6,6,7
Word Endings 2 Total,68,30,6,6,7
Word Endings 2 Total,69,30,7,6,8
Word Endings 2 Total,70,30,7,6,8
Word Endings 2 Total,71,30,7,7,8
Word Endings 2 Total,72,30,7,7,9
Word Endings 2 Total,73,30,8,7,9
Word Endings 2 Total,74,30,8,8,9
Word Endings 2 Total,75,30,8,8,10
Word Endings 2 Total,76,30,9,8,10
Word Endings 2 Total,77,30,9,9,10
Word Endings 2 Total,78,30,9,9,11
Word Endings 2 Total,79,30,10,10,11
Word Endings 2 Total,80,30,10,10,12
Word Endings 2 Total,81,30,11,10,12
Word Endings 2 Total,82,30,11,11,13
Word Endings 2 Total,83,30,12,12,13
Word Endings 2 Total,84,30,12,12,14
Word Endings 2 Total,85,30,13,13,14
Word Endings 2 Total,86,30,13,13,15
Word Endings 2 Total,87,30,14,14,15
Word Endings 2 Total,88,30,15,15,16
Word Endings 2 Total,89,30,15,15,17
Word Endings 2 Total,90,30,16,16,18
Word Endings 2 Total,91,30,17,17,19
Word Endings 2 Total,92,30,18,18,19
Word Endings 2 Total,93,30,19,19,20
Word Endings 2 Total,94,30,20,20,22
Word Endings 2 Total,95,30,21,22,23
Word Endings 2 Total,96,30,23,23,24
Word Endings 2 Total,97,30,25,25,26
Word Endings 2 Total,98,30,27,28,28
Word Endings 2 Total,99,30,30,31,32
Total Produced,0,16,0,0,0
Total Produced,1,16,0,0,0
Total Produced,2,16,1,1,1
Total Produced,3,16,1,1,2
Total Produced,4,16,2,2,2
Total Produced,5,16,2,2,3
Total Produced,6,16,3,3,4
Total Produced,7,16,4,3,5
Total Produced,8,16,4,4,5
Total Produced,9,16,5,4,6
Total Produced,10,16,5,5,7
Total Produced,11,16,6,6,8
Total Produced,12,16,7,6,9
Total Produced,13,16,8,7,10
Total Produced,14,16,8,8,11
Total Produced,15,16,9,8,12
Total Produced,16,16,10,9,13
Total Produced,17,16,11,10,14
Total Produced,18,16,11,10,15
Total Produced,19,16,12,11,16
Total Produced,20,16,13,12,17
Total Produced,21,16,14,13,18
Total Produced,22,16,15,14,19
Total Produced,23,16,16,14,21
Total Produced,24,16,17,15,22
Total Produced,25,16,18,16,23
Total Produced,26,16,18,17,24
Total Produced,27,16,19,18,25
Total Produced,28,16,20,19,27
Total Produced,29,16,21,20,28
Total Produced,30,16,22,21,29
Total Produced,31,16,23,22,31
Total Produced,32,16,24,23,32
Total Produced,33,16,26,24,33
Total Produced,34,16,27,25,35
Total Produced,35,16,28,26,36
Total Produced,36,16,29,27,38
Total Produced,37,16,30,28,39
Total Produced,38,16,31,29,41
Total Produced,39,16,32,30,42
Total Produced,40,16,33,31,44
Total Produced,41,16,35,32,45
Total Produced,42,16,36,34,47
Total Produced,43,16,37,35,48
Total Produced,44,16,39,36,50
Total Produced,45,16,40,37,52
Total Produced,46,16,41,39,54
Total Produced,47,16,43,40,55
Total Produced,48,16,44,41,57
Total Produced,49,16,45,43,59
Total Produced,50,16,47,44,61
Total Produced,51,16,48,45,63
Total Produced,52,16,50,47,65
Total Produced,53,16,51,48,67
Total Produced,54,16,53,50,69
Total Produced,55,16,55,51,71
Total Produced,56,16,56,53,73
Total Produced,57,16,58,55,75
Total Produced,58,16,60,56,77
Total Produced,59,16,61,58,79
Total Produced,60,16,63,60,82
Total Produced,61,16,65,62,84
Total Produced,62,16,67,63,86
Total Produced,63,16,69,65,89
Total Produced,64,16,71,67,91
Total Produced,65,16,73,69,94
Total Produced,66,16,75,71,97
Total Produced,67,16,77,73,99
Total Produced,68,16,80,76,102
Total Produced,69,16,82,78,105
Total Produced,70,16,84,80,108
Total Produced,71,16,87,82,111
Total Produced,72,16,89,85,114
Total Produced,73,16,92,87,118
Total Produced,74,16,95,90,121
Total Produced,75,16,97,93,125
Total Produced,76,16,100,96,128
Total Produced,77,16,103,99,132
Total Produced,78,16,107,102,136
Total Produced,79,16,110,105,140
Total Produced,80,16,113,108,144
Total Produced,81,16,117,112,149
Total Produced,82,16,121,115,153
Total Produced,83,16,125,119,158
Total Produced,84,16,129,123,163
Total Produced,85,16,133,128,169
Total Produced,86,16,138,132,174
Total Produced,87,16,143,137,181
Total Produced,88,16,148,142,187
Total Produced,89,16,154,148,194
Total Produced,90,16,161,154,202
Total Produced,91,16,167,161,210
Total Produced,92,16,175,168,219
Total Produced,93,16,184,177,229
Total Produced,94,16,193,186,240
Total Produced,95,16,205,197,254
Total Produced,96,16,218,210,269
Total Produced,97,16,235,227,289
Total Produced,98,16,257,249,314
Total Produced,99,16,294,285,355
Total Produced,0,17,0,0,0
Total Produced,1,17,0,0,1
Total Produced,2,17,1,1,2
Total Produced,3,17,2,1,2
Total Produced,4,17,3,2,3
Total Produced,5,17,3,3,4
Total Produced,6,17,4,3,5
Total Produced,7,17,5,4,7
Total Produced,8,17,6,5,8
Total Produced,9,17,7,6,9
Total Produced,10,17,8,6,10
Total Produced,11,17,8,7,11
Total Produced,12,17,9,8,12
Total Produced,13,17,10,9,14
Total Produced,14,17,11,10,15
Total Produced,15,17,12,11,16
Total Produced,16,17,13,12,17
Total Produced,17,17,14,13,19
Total Produced,18,17,16,14,20
Total Produced,19,17,17,15,21
Total Produced,20,17,18,16,23
Total Produced,21,17,19,17,24
Total Produced,22,17,20,18,26
Total Produced,23,17,21,19,27
Total Produced,24,17,22,20,29
Total Produced,25,17,24,21,30
Total Produced,26,17,25,22,32
Total Produced,27,17,26,23,33
Total Produced,28,17,27,24,35
Total Produced,29,17,29,25,37
Total Produced,30,17,30,27,38
Total Produced,31,17,31,28,40
Total Produced,32,17,33,29,41
Total Produced,33,17,34,30,43
Total Produced,34,17,35,31,45
Total Produced,35,17,37,33,47
Total Produced,36,17,38,34,49
Total Produced,37,17,40,35,50
Total Produced,38,17,41,37,52
Total Produced,39,17,43,38,54
Total Produced,40,17,44,40,56
Total Produced,41,17,46,41,58
Total Produced,42,17,47,42,60
Total Produced,43,17,49,44,62
Total Produced,44,17,51,45,64
Total Produced,45,17,52,47,66
Total Produced,46,17,54,49,68
Total Produced,47,17,56,50,70
Total Produced,48,17,58,52,72
Total Produced,49,17,59,54,75
Total Produced,50,17,61,55,77
Total Produced,51,17,63,57,79
Total Produced,52,17,65,59,82
Total Produced,53,17,67,61,84
Total Produced,54,17,69,62,86
Total Produced,55,17,71,64,89
Total Produced,56,17,73,66,92
Total Produced,57,17,75,68,94
Total Produced,58,17,77,70,97
Total Produced,59,17,80,72,99
Total Produced,60,17,82,74,102
Total Produced,61,17,84,77,105
Total Produced,62,17,87,79,108
Total Produced,63,17,89,81,111
Total Produced,64,17,92,83,114
Total Produced,65,17,94,86,117
Total Produced,66,17,97,88,120
Total Produced,67,17,99,91,123
Total Produced,68,17,102,93,127
Total Produced,69,17,105,96,130
Total Produced,70,17,108,99,134
Total Produced,71,17,111,102,137
Total Produced,72,17,114,105,141
Total Produced,73,17,117,108,145
Total Produced,74,17,121,111,149
Total Produced,75,17,124,114,153
Total Produced,76,17,128,117,157
Total Produced,77,17,131,121,162
Total Produced,78,17,135,124,166
Total Produced,79,17,139,128,171
Total Produced,80,17,144,132,176
Total Produced,81,17,148,136,181
Total Produced,82,17,152,141,186
Total Produced,83,17,157,145,192
Total Produced,84,17,162,150,198
Total Produced,85,17,168,155,204
Total Produced,86,17,173,160,211
Total Produced,87,17,179,166,217
Total Produced,88,17,186,172,225
Total Produced,89,17,193,179,233
Total Produced,90,17,200,186,241
Total Produced,91,17,208,194,251
Total Produced,92,17,217,202,261
Total Produced,93,17,227,212,272
Total Produced,94,17,238,222,284
Total Produced,95,17,251,235,299
Total Produced,96,17,267,250,316
Total Produced,97,17,286,268,337
Total Produced,98,17,311,293,364
Total Produced,99,17,351,332,406
Total Produced,0,18,0,0,0
Total Produced,1,18,1,1,1
Total Produced,2,18,2,1,2
Total Produced,3,18,3,2,3
Total Produced,4,18,4,3,5
Total Produced,5,18,5,4,6
Total Produced,6,18,6,5,8
Total Produced,7,18,7,6,9
Total Produced,8,18,8,7,10
Total Produced,9,18,9,8,12
Total Produced,10,18,10,9,14
Total Produced,11,18,12,10,15
Total Produced,12,18,13,11,17
Total Produced,13,18,14,12,18
Total Produced,14,18,16,13,20
Total Produced,15,18,17,14,22
Total Produced,16,18,18,15,23
Total Produced,17,18,20,16,25
Total Produced,18,18,21,18,27
Total Produced,19,18,22,19,28
Total Produced,20,18,24,20,30
Total Produced,21,18,25,21,32
Total Produced,22,18,27,23,34
Total Produced,23,18,28,24,36
Total Produced,24,18,30,25,38
Total Produced,25,18,31,27,39
Total Produced,26,18,33,28,41
Total Produced,27,18,35,29,43
Total Produced,28,18,36,31,45
Total Produced,29,18,38,32,47
Total Produced,30,18,40,34,49
Total Produced,31,18,41,35,51
Total Produced,32,18,43,37,54
Total Produced,33,18,45,38,56
Total Produced,34,18,47,40,58
Total Produced,35,18,48,42,60
Total Produced,36,18,50,43,62
Total Produced,37,18,52,45,64
Total Produced,38,18,54,47,67
Total Produced,39,18,56,48,69
Total Produced,40,18,58,50,71
Total Produced,41,18,60,52,74
Total Produced,42,18,62,54,76
Total Produced,43,18,64,55,79
Total Produced,44,18,66,57,81
Total Produced,45,18,68,59,84
Total Produced,46,18,70,61,86
Total Produced,47,18,73,63,89
Total Produced,48,18,75,65,91
Total Produced,49,18,77,67,94
Total Produced,50,18,79,69,97
Total Produced,51,18,82,71,100
Total Produced,52,18,84,73,102
Total Produced,53,18,87,76,105
Total Produced,54,18,89,78,108
Total Produced,55,18,92,80,111
Total Produced,56,18,94,82,114
Total Produced,57,18,97,85,117
Total Produced,58,18,100,87,121
Total Produced,59,18,102,90,124
Total Produced,60,18,105,92,127
Total Produced,61,18,108,95,130
Total Produced,62,18,111,98,134
Total Produced,63,18,114,100,137
Total Produced,64,18,117,103,141
Total Produced,65,18,120,106,145
Total Produced,66,18,124,109,148
Total Produced,67,18,127,112,152
Total Produced,68,18,130,115,156
Total Produced,69,18,134,118,160
Total Produced,70,18,137,121,164
Total Produced,71,18,141,125,168
Total Produced,72,18,145,128,173
Total Produced,73,18,149,132,177
Total Produced,74,18,153,135,182
Total Produced,75,18,157,139,186
Total Produced,76,18,161,143,191
Total Produced,77,18,166,147,196
Total Produced,78,18,170,152,202
Total Produced,79,18,175,156,207
Total Produced,80,18,180,161,213
Total Produced,81,18,185,165,218
Total Produced,82,18,191,170,225
Total Produced,83,18,196,176,231
Total Produced,84,18,202,181,237
Total Produced,85,18,209,187,244
Total Produced,86,18,215,193,252
Total Produced,87,18,222,200,260
Total Produced,88,18,230,207,268
Total Produced,89,18,238,214,276
Total Produced,90,18,246,222,286
Total Produced,91,18,256,231,296
Total Produced,92,18,266,241,307
Total Produced,93,18,277,251,319
Total Produced,94,18,290,263,333
Total Produced,95,18,304,277,348
Total Produced,96,18,321,294,366
Total Produced,97,18,342,314,388
Total Produced,98,18,370,341,416
Total Produced,99,18,412,382,458
Total Produced,0,19,0,0,0
Total Produced,1,19,1,1,2
Total Produced,2,19,2,2,3
Total Produced,3,19,4,3,5
Total Produced,4,19,5,4,7
Total Produced,5,19,7,5,9
Total Produced,6,19,8,6,10
Total Produced,7,19,10,8,12
Total Produced,8,19,11,9,14
Total Produced,9,19,13,10,16
Total Produced,10,19,14,11,18
Total Produced,11,19,16,13,20
Total Produced,12,19,18,14,22
Total Produced,13,19,20,16,24
Total Produced,14,19,21,17,27
Total Produced,15,19,23,18,29
Total Produced,16,19,25,20,31
Total Produced,17,19,27,21,33
Total Produced,18,19,28,23,35
Total Produced,19,19,30,24,37
Total Produced,20,19,32,26,40
Total Produced,21,19,34,28,42
Total Produced,22,19,36,29,44
Total Produced,23,19,38,31,46
Total Produced,24,19,40,33,49
Total Produced,25,19,42,34,51
Total Produced,26,19,44,36,54
Total Produced,27,19,46,38,56
Total Produced,28,19,48,40,58
Total Produced,29,19,50,41,61
Total Produced,30,19,53,43,63
Total Produced,31,19,55,45,66
Total Produced,32,19,57,47,69
Total Produced,33,19,59,49,71
Total Produced,34,19,61,51,74
Total Produced,35,19,64,53,76
Total Produced,36,19,66,55,79
Total Produced,37,19,68,57,82
Total Produced,38,19,71,59,85
Total Produced,39,19,73,61,87
Total Produced,40,19,76,63,90
Total Produced,41,19,78,65,93
Total Produced,42,19,81,67,96
Total Produced,43,19,83,70,99
Total Produced,44,19,86,72,102
Total Produced,45,19,89,74,105
Total Produced,46,19,91,76,108
Total Produced,47,19,94,79,111
Total Produced,48,19,97,81,114
Total Produced,49,19,100,84,118
Total Produced,50,19,102,86,121
Total Produced,51,19,105,89,124
Total Produced,52,19,108,91,128
Total Produced,53,19,111,94,131
Total Produced,54,19,114,97,134
Total Produced,55,19,118,99,138
Total Produced,56,19,121,102,142
Total Produced,57,19,124,105,145
Total Produced,58,19,127,108,149
Total Produced,59,19,131,111,153
Total Produced,60,19,134,114,156
Total Produced,61,19,137,117,160
Total Produced,62,19,141,120,164
Total Produced,63,19,145,123,168
Total Produced,64,19,148,127,173
Total Produced,65,19,152,130,177
Total Produced,66,19,156,133,181
Total Produced,67,19,160,137,185
Total Produced,68,19,164,141,190
Total Produced,69,19,168,144,195
Total Produced,70,19,173,148,199
Total Produced,71,19,177,152,204
Total Produced,72,19,181,156,209
Total Produced,73,19,186,160,214
Total Produced,74,19,191,165,219
Total Produced,75,19,196,169,225
Total Produced,76,19,201,174,230
Total Produced,77,19,206,178,236
Total Produced,78,19,211,183,242
Total Produced,79,19,217,188,248
Total Produced,80,19,223,194,254
Total Produced,81,19,229,199,261
Total Produced,82,19,235,205,267
Total Produced,83,19,242,211,274
Total Produced,84,19,248,217,282
Total Produced,85,19,256,224,289
Total Produced,86,19,263,231,297
Total Produced,87,19,271,238,306
Total Produced,88,19,279,246,315
Total Produced,89,19,288,254,324
Total Produced,90,19,298,263,334
Total Produced,91,19,308,273,345
Total Produced,92,19,320,284,356
Total Produced,93,19,332,295,369
Total Produced,94,19,346,309,383
Total Produced,95,19,361,324,399
Total Produced,96,19,379,341,418
Total Produced,97,19,401,362,439
Total Produced,98,19,430,390,467
Total Produced,99,19,471,433,507
Total Produced,0,20,0,0,0
Total Produced,1,20,2,1,2
Total Produced,2,20,4,3,5
Total Produced,3,20,6,4,7
Total Produced,4,20,7,5,10
Total Produced,5,20,10,7,12
Total Produced,6,20,12,9,14
Total Produced,7,20,14,10,17
Total Produced,8,20,16,12,19
Total Produced,9,20,18,13,22
Total Produced,10,20,20,15,25
Total Produced,11,20,22,17,27
Total Produced,12,20,24,19,30
Total Produced,13,20,27,20,32
Total Produced,14,20,29,22,35
Total Produced,15,20,31,24,38
Total Produced,16,20,34,26,40
Total Produced,17,20,36,28,43
Total Produced,18,20,38,30,46
Total Produced,19,20,41,32,49
Total Produced,20,20,43,34,52
Total Produced,21,20,46,36,54
Total Produced,22,20,48,38,57
Total Produced,23,20,51,40,60
Total Produced,24,20,53,42,63
Total Produced,25,20,56,44,66
Total Produced,26,20,58,46,69
Total Produced,27,20,61,48,72
Total Produced,28,20,64,50,75
Total Produced,29,20,66,53,78
Total Produced,30,20,69,55,81
Total Produced,31,20,72,57,84
Total Produced,32,20,74,59,87
Total Produced,33,20,77,62,90
Total Produced,34,20,80,64,93
Total Produced,35,20,83,67,97
Total Produced,36,20,86,69,100
Total Produced,37,20,89,71,103
Total Produced,38,20,92,74,106
Total Produced,39,20,95,76,110
Total Produced,40,20,98,79,113
Total Produced,41,20,101,82,117
Total Produced,42,20,104,84,120
Total Produced,43,20,107,87,123
Total Produced,44,20,110,90,127
Total Produced,45,20,114,92,131
Total Produced,46,20,117,95,134
Total Produced,47,20,120,98,138
Total Produced,48,20,124,101,142
Total Produced,49,20,127,104,145
Total Produced,50,20,130,107,149
Total Produced,51,20,134,110,153
Total Produced,52,20,138,113,157
Total Produced,53,20,141,116,161
Total Produced,54,20,145,119,165
Total Produced,55,20,149,122,169
Total Produced,56,20,152,126,173
Total Produced,57,20,156,129,177
Total Produced,58,20,160,132,182
Total Produced,59,20,164,136,186
Total Produced,60,20,168,139,190
Total Produced,61,20,172,143,195
Total Produced,62,20,177,147,199
Total Produced,63,20,181,150,204
Total Produced,64,20,185,154,209
Total Produced,65,20,190,158,213
Total Produced,66,20,194,162,218
Total Produced,67,20,199,166,223
Total Produced,68,20,204,171,228
Total Produced,69,20,208,175,233
Total Produced,70,20,213,179,239
Total Produced,71,20,218,184,244
Total Produced,72,20,224,188,249
Total Produced,73,20,229,193,255
Total Produced,74,20,234,198,261
Total Produced,75,20,240,203,267
Total Produced,76,20,246,208,273
Total Produced,77,20,252,214,279
Total Produced,78,20,258,219,285
Total Produced,79,20,264,225,292
Total Produced,80,20,271,231,299
Total Produced,81,20,277,237,306
Total Produced,82,20,284,244,313
Total Produced,83,20,291,250,321
Total Produced,84,20,299,257,328
Total Produced,85,20,307,265,337
Total Produced,86,20,315,272,345
Total Produced,87,20,324,280,354
Total Produced,88,20,333,289,363
Total Produced,89,20,343,298,373
Total Produced,90,20,353,308,384
Total Produced,91,20,364,318,395
Total Produced,92,20,376,330,407
Total Produced,93,20,389,342,420
Total Produced,94,20,403,356,434
Total Produced,95,20,419,372,449
Total Produced,96,20,437,390,467
Total Produced,97,20,459,412,488
Total Produced,98,20,486,440,515
Total Produced,99,20,526,482,551
Total Produced,0,21,0,0,0
Total Produced,1,21,3,2,3
Total Produced,2,21,5,4,7
Total Produced,3,21,8,6,10
Total Produced,4,21,11,8,13
Total Produced,5,21,14,10,17
Total Produced,6,21,16,12,20
Total Produced,7,21,19,14,23
Total Produced,8,21,22,16,26
Total Produced,9,21,25,18,30
Total Produced,10,21,28,20,33
Total Produced,11,21,31,22,36
Total Produced,12,21,33,25,39
Total Produced,13,21,36,27,43
Total Produced,14,21,39,29,46
Total Produced,15,21,42,32,49
Total Produced,16,21,45,34,53
Total Produced,17,21,48,36,56
Total Produced,18,21,51,39,60
Total Produced,19,21,54,41,63
Total Produced,20,21,57,44,66
Total Produced,21,21,60,46,70
Total Produced,22,21,64,49,73
Total Produced,23,21,67,51,77
Total Produced,24,21,70,54,80
Total Produced,25,21,73,56,84
Total Produced,26,21,76,59,87
Total Produced,27,21,80,61,91
Total Produced,28,21,83,64,95
Total Produced,29,21,86,67,98
Total Produced,30,21,89,70,102
Total Produced,31,21,93,72,105
Total Produced,32,21,96,75,109
Total Produced,33,21,100,78,113
Total Produced,34,21,103,81,117
Total Produced,35,21,107,84,120
Total Produced,36,21,110,87,124
Total Produced,37,21,114,89,128
Total Produced,38,21,117,92,132
Total Produced,39,21,121,95,136
Total Produced,40,21,124,99,140
Total Produced,41,21,128,102,144
Total Produced,42,21,132,105,148
Total Produced,43,21,136,108,152
Total Produced,44,21,139,111,156
Total Produced,45,21,143,114,160
Total Produced,46,21,147,118,164
Total Produced,47,21,151,121,168
Total Produced,48,21,155,124,173
Total Produced,49,21,159,128,177
Total Produced,50,21,163,131,181
Total Produced,51,21,167,135,186
Total Produced,52,21,172,138,190
Total Produced,53,21,176,142,195
Total Produced,54,21,180,146,199
Total Produced,55,21,184,150,204
Total Produced,56,21,189,153,208
Total Produced,57,21,193,157,213
Total Produced,58,21,198,161,218
Total Produced,59,21,202,165,223
Total Produced,60,21,207,169,228
Total Produced,61,21,212,173,233
Total Produced,62,21,217,178,238
Total Produced,63,21,222,182,243
Total Produced,64,21,226,186,248
Total Produced,65,21,232,191,253
Total Produced,66,21,237,195,259
Total Produced,67,21,242,200,264
Total Produced,68,21,247,205,270
Total Produced,69,21,253,210,275
Total Produced,70,21,258,215,281
Total Produced,71,21,264,220,287
Total Produced,72,21,270,225,293
Total Produced,73,21,275,230,299
Total Produced,74,21,282,236,305
Total Produced,75,21,288,241,311
Total Produced,76,21,294,247,318
Total Produced,77,21,300,253,324
Total Produced,78,21,307,259,331
Total Produced,79,21,314,265,338
Total Produced,80,21,321,272,345
Total Produced,81,21,328,279,353
Total Produced,82,21,336,286,360
Total Produced,83,21,343,293,368
Total Produced,84,21,351,301,376
Total Produced,85,21,360,308,384
Total Produced,86,21,368,317,393
Total Produced,87,21,378,325,402
Total Produced,88,21,387,334,412
Total Produced,89,21,397,344,421
Total Produced,90,21,408,354,432
Total Produced,91,21,419,365,443
Total Produced,92,21,431,377,455
Total Produced,93,21,444,390,467
Total Produced,94,21,458,405,481
Total Produced,95,21,473,421,496
Total Produced,96,21,491,439,513
Total Produced,97,21,511,461,532
Total Produced,98,21,536,488,556
Total Produced,99,21,571,527,588
Total Produced,0,22,0,0,0
Total Produced,1,22,4,3,5
Total Produced,2,22,8,5,10
Total Produced,3,22,12,8,14
Total Produced,4,22,15,11,19
Total Produced,5,22,19,13,23
Total Produced,6,22,23,16,27
Total Produced,7,22,27,19,31
Total Produced,8,22,30,21,35
Total Produced,9,22,34,24,40
Total Produced,10,22,38,27,44
Total Produced,11,22,41,30,48
Total Produced,12,22,45,33,52
Total Produced,13,22,49,36,56
Total Produced,14,22,52,38,60
Total Produced,15,22,56,41,64
Total Produced,16,22,60,44,68
Total Produced,17,22,64,47,72
Total Produced,18,22,67,50,76
Total Produced,19,22,71,53,81
Total Produced,20,22,75,56,85
Total Produced,21,22,79,59,89
Total Produced,22,22,83,62,93
Total Produced,23,22,86,65,97
Total Produced,24,22,90,68,101
Total Produced,25,22,94,71,105
Total Produced,26,22,98,75,110
Total Produced,27,22,102,78,114
Total Produced,28,22,106,81,118
Total Produced,29,22,110,84,122
Total Produced,30,22,114,87,127
Total Produced,31,22,118,91,131
Total Produced,32,22,122,94,135
Total Produced,33,22,126,97,139
Total Produced,34,22,130,101,144
Total Produced,35,22,134,104,148
Total Produced,36,22,138,108,153
Total Produced,37,22,143,111,157
Total Produced,38,22,147,115,161
Total Produced,39,22,151,118,166
Total Produced,40,22,155,122,170
Total Produced,41,22,160,125,175
Total Produced,42,22,164,129,179
Total Produced,43,22,168,133,184
Total Produced,44,22,173,136,189
Total Produced,45,22,177,140,193
Total Produced,46,22,182,144,198
Total Produced,47,22,186,148,203
Total Produced,48,22,191,152,207
Total Produced,49,22,195,156,212
Total Produced,50,22,200,160,217
Total Produced,51,22,205,164,222
Total Produced,52,22,209,168,227
Total Produced,53,22,214,172,232
Total Produced,54,22,219,176,237
Total Produced,55,22,224,181,242
Total Produced,56,22,229,185,247
Total Produced,57,22,234,189,252
Total Produced,58,22,239,194,257
Total Produced,59,22,244,198,263
Total Produced,60,22,249,203,268
Total Produced,61,22,255,208,273
Total Produced,62,22,260,212,279
Total Produced,63,22,265,217,284
Total Produced,64,22,271,222,290
Total Produced,65,22,276,227,295
Total Produced,66,22,282,232,301
Total Produced,67,22,287,237,307
Total Produced,68,22,293,242,313
Total Produced,69,22,299,248,319
Total Produced,70,22,305,253,325
Total Produced,71,22,311,259,331
Total Produced,72,22,317,264,337
Total Produced,73,22,324,270,343
Total Produced,74,22,330,276,350
Total Produced,75,22,337,282,356
Total Produced,76,22,343,289,363
Total Produced,77,22,350,295,370
Total Produced,78,22,357,302,377
Total Produced,79,22,364,308,384
Total Produced,80,22,371,315,391
Total Produced,81,22,379,322,399
Total Produced,82,22,387,330,406
Total Produced,83,22,395,338,414
Total Produced,84,22,403,345,422
Total Produced,85,22,411,354,431
Total Produced,86,22,420,362,439
Total Produced,87,22,429,371,448
Total Produced,88,22,438,381,457
Total Produced,89,22,448,391,467
Total Produced,90,22,458,401,477
Total Produced,91,22,469,412,487
Total Produced,92,22,481,424,498
Total Produced,93,22,493,437,510
Total Produced,94,22,506,451,523
Total Produced,95,22,521,467,537
Total Produced,96,22,537,485,552
Total Produced,97,22,555,505,569
Total Produced,98,22,577,531,590
Total Produced,99,22,606,566,616
Total Produced,0,23,0,0,0
Total Produced,1,23,6,4,8
Total Produced,2,23,12,8,14
Total Produced,3,23,17,11,20
Total Produced,4,23,22,15,26
Total Produced,5,23,27,18,31
Total Produced,6,23,31,22,37
Total Produced,7,23,36,25,42
Total Produced,8,23,41,29,47
Total Produced,9,23,46,32,52
Total Produced,10,23,50,36,57
Total Produced,11,23,55,39,62
Total Produced,12,23,59,43,67
Total Produced,13,23,64,46,72
Total Produced,14,23,69,50,77
Total Produced,15,23,73,53,82
Total Produced,16,23,78,57,87
Total Produced,17,23,82,60,92
Total Produced,18,23,87,64,97
Total Produced,19,23,91,68,102
Total Produced,20,23,96,71,107
Total Produced,21,23,101,75,111
Total Produced,22,23,105,79,116
Total Produced,23,23,110,82,121
Total Produced,24,23,114,86,126
Total Produced,25,23,119,90,131
Total Produced,26,23,123,93,136
Total Produced,27,23,128,97,140
Total Produced,28,23,133,101,145
Total Produced,29,23,137,105,150
Total Produced,30,23,142,109,155
Total Produced,31,23,147,112,160
Total Produced,32,23,151,116,165
Total Produced,33,23,156,120,170
Total Produced,34,23,161,124,174
Total Produced,35,23,165,128,179
Total Produced,36,23,170,132,184
Total Produced,37,23,175,136,189
Total Produced,38,23,180,140,194
Total Produced,39,23,185,144,199
Total Produced,40,23,189,148,204
Total Produced,41,23,194,153,209
Total Produced,42,23,199,157,214
Total Produced,43,23,204,161,219
Total Produced,44,23,209,165,224
Total Produced,45,23,214,169,229
Total Produced,46,23,219,174,235
Total Produced,47,23,224,178,240
Total Produced,48,23,229,183,245
Total Produced,49,23,234,187,250
Total Produced,50,23,239,192,255
Total Produced,51,23,244,196,261
Total Produced,52,23,250,201,266
Total Produced,53,23,255,205,271
Total Produced,54,23,260,210,277
Total Produced,55,23,265,215,282
Total Produced,56,23,271,220,287
Total Produced,57,23,276,224,293
Total Produced,58,23,282,229,298
Total Produced,59,23,287,234,304
Total Produced,60,23,293,239,309
Total Produced,61,23,298,244,315
Total Produced,62,23,304,250,321
Total Produced,63,23,310,255,327
Total Produced,64,23,315,260,332
Total Produced,65,23,321,266,338
Total Produced,66,23,327,271,344
Total Produced,67,23,333,277,350
Total Produced,68,23,339,282,356
Total Produced,69,23,345,288,362
Total Produced,70,23,352,294,368
Total Produced,71,23,358,300,375
Total Produced,72,23,364,306,381
Total Produced,73,23,371,312,387
Total Produced,74,23,377,318,394
Total Produced,75,23,384,325,400
Total Produced,76,23,391,331,407
Total Produced,77,23,398,338,414
Total Produced,78,23,405,345,421
Total Produced,79,23,412,352,428
Total Produced,80,23,419,359,435
Total Produced,81,23,427,367,442
Total Produced,82,23,434,374,450
Total Produced,83,23,442,382,457
Total Produced,84,23,450,390,465
Total Produced,85,23,458,399,473
Total Produced,86,23,467,407,481
Total Produced,87,23,475,416,490
Total Produced,88,23,484,426,498
Total Produced,89,23,494,436,507
Total Produced,90,23,503,446,517
Total Produced,91,23,513,457,527
Total Produced,92,23,524,468,537
Total Produced,93,23,535,481,547
Total Produced,94,23,547,494,559
Total Produced,95,23,560,509,571
Total Produced,96,23,574,525,584
Total Produced,97,23,590,544,599
Total Produced,98,23,608,567,616
Total Produced,99,23,631,597,637
Total Produced,0,24,0,0,0
Total Produced,1,24,9,6,11
Total Produced,2,24,17,11,20
Total Produced,3,24,23,15,28
Total Produced,4,24,30,20,35
Total Produced,5,24,36,24,42
Total Produced,6,24,42,29,49
Total Produced,7,24,48,33,55
Total Produced,8,24,54,38,62
Total Produced,9,24,60,42,68
Total Produced,10,24,66,46,74
Total Produced,11,24,71,51,80
Total Produced,12,24,77,55,86
Total Produced,13,24,82,59,92
Total Produced,14,24,88,63,98
Total Produced,15,24,93,68,104
Total Produced,16,24,99,72,109
Total Produced,17,24,104,76,115
Total Produced,18,24,109,81,121
Total Produced,19,24,115,85,126
Total Produced,20,24,120,89,132
Total Produced,21,24,125,93,137
Total Produced,22,24,131,98,143
Total Produced,23,24,136,102,149
Total Produced,24,24,141,106,154
Total Produced,25,24,146,111,159
Total Produced,26,24,152,115,165
Total Produced,27,24,157,119,170
Total Produced,28,24,162,124,176
Total Produced,29,24,167,128,181
Total Produced,30,24,173,133,187
Total Produced,31,24,178,137,192
Total Produced,32,24,183,141,197
Total Produced,33,24,188,146,203
Total Produced,34,24,194,150,208
Total Produced,35,24,199,155,214
Total Produced,36,24,204,159,219
Total Produced,37,24,209,164,224
Total Produced,38,24,215,168,230
Total Produced,39,24,220,173,235
Total Produced,40,24,225,178,241
Total Produced,41,24,231,182,246
Total Produced,42,24,236,187,251
Total Produced,43,24,241,192,257
Total Produced,44,24,247,196,262
Total Produced,45,24,252,201,268
Total Produced,46,24,257,206,273
Total Produced,47,24,263,211,279
Total Produced,48,24,268,216,284
Total Produced,49,24,274,221,290
Total Produced,50,24,279,226,295
Total Produced,51,24,285,231,301
Total Produced,52,24,290,236,306
Total Produced,53,24,296,241,312
Total Produced,54,24,301,246,317
Total Produced,55,24,307,251,323
Total Produced,56,24,313,256,328
Total Produced,57,24,318,261,334
Total Produced,58,24,324,267,340
Total Produced,59,24,330,272,345
Total Produced,60,24,336,277,351
Total Produced,61,24,341,283,357
Total Produced,62,24,347,288,363
Total Produced,63,24,353,294,369
Total Produced,64,24,359,300,374
Total Produced,65,24,365,305,380
Total Produced,66,24,371,311,386
Total Produced,67,24,377,317,392
Total Produced,68,24,383,323,398
Total Produced,69,24,389,329,404
Total Produced,70,24,396,335,411
Total Produced,71,24,402,341,417
Total Produced,72,24,408,347,423
Total Produced,73,24,415,354,429
Total Produced,74,24,421,360,436
Total Produced,75,24,428,367,442
Total Produced,76,24,434,374,449
Total Produced,77,24,441,380,455
Total Produced,78,24,448,387,462
Total Produced,79,24,455,395,469
Total Produced,80,24,462,402,475
Total Produced,81,24,469,409,482
Total Produced,82,24,476,417,489
Total Produced,83,24,484,425,497
Total Produced,84,24,491,433,504
Total Produced,85,24,499,441,511
Total Produced,86,24,507,450,519
Total Produced,87,24,515,458,527
Total Produced,88,24,523,468,535
Total Produced,89,24,532,477,543
Total Produced,90,24,541,487,551
Total Produced,91,24,550,497,560
Total Produced,92,24,559,508,569
Total Produced,93,24,569,520,578
Total Produced,94,24,580,532,588
Total Produced,95,24,591,546,598
Total Produced,96,24,603,560,610
Total Produced,97,24,616,577,622
Total Produced,98,24,630,597,635
Total Produced,99,24,648,622,651
Total Produced,0,25,0,0,0
Total Produced,1,25,13,8,17
Total Produced,2,25,23,15,28
Total Produced,3,25,32,21,38
Total Produced,4,25,40,26,47
Total Produced,5,25,48,32,56
Total Produced,6,25,56,38,64
Total Produced,7,25,63,43,72
Total Produced,8,25,70,48,80
Total Produced,9,25,77,54,87
Total Produced,10,25,84,59,94
Total Produced,11,25,90,64,101
Total Produced,12,25,97,69,108
Total Produced,13,25,103,74,115
Total Produced,14,25,110,79,122
Total Produced,15,25,116,84,129
Total Produced,16,25,122,89,135
Total Produced,17,25,128,94,142
Total Produced,18,25,135,99,148
Total Produced,19,25,141,104,154
Total Produced,20,25,147,109,161
Total Produced,21,25,153,114,167
Total Produced,22,25,159,119,173
Total Produced,23,25,165,124,179
Total Produced,24,25,170,129,185
Total Produced,25,25,176,134,191
Total Produced,26,25,182,139,197
Total Produced,27,25,188,144,203
Total Produced,28,25,194,149,209
Total Produced,29,25,200,154,215
Total Produced,30,25,205,159,221
Total Produced,31,25,211,164,227
Total Produced,32,25,217,169,233
Total Produced,33,25,223,174,238
Total Produced,34,25,228,179,244
Total Produced,35,25,234,184,250
Total Produced,36,25,240,189,256
Total Produced,37,25,245,194,261
Total Produced,38,25,251,199,267
Total Produced,39,25,257,204,273
Total Produced,40,25,262,209,278
Total Produced,41,25,268,214,284
Total Produced,42,25,274,219,290
Total Produced,43,25,279,225,295
Total Produced,44,25,285,230,301
Total Produced,45,25,291,235,307
Total Produced,46,25,296,240,312
Total Produced,47,25,302,245,318
Total Produced,48,25,308,251,324
Total Produced,49,25,313,256,329
Total Produced,50,25,319,261,335
Total Produced,51,25,325,266,341
Total Produced,52,25,330,272,346
Total Produced,53,25,336,277,352
Total Produced,54,25,342,283,358
Total Produced,55,25,348,288,363
Total Produced,56,25,353,294,369
Total Produced,57,25,359,299,375
Total Produced,58,25,365,305,380
Total Produced,59,25,371,310,386
Total Produced,60,25,377,316,392
Total Produced,61,25,382,322,398
Total Produced,62,25,388,328,403
Total Produced,63,25,394,333,409
Total Produced,64,25,400,339,415
Total Produced,65,25,406,345,421
Total Produced,66,25,412,351,426
Total Produced,67,25,418,357,432
Total Produced,68,25,424,363,438
Total Produced,69,25,430,369,444
Total Produced,70,25,436,375,450
Total Produced,71,25,442,382,456
Total Produced,72,25,448,388,462
Total Produced,73,25,455,395,468
Total Produced,74,25,461,401,474
Total Produced,75,25,467,408,480
Total Produced,76,25,474,414,486
Total Produced,77,25,480,421,493
Total Produced,78,25,487,428,499
Total Produced,79,25,493,435,505
Total Produced,80,25,500,442,511
Total Produced,81,25,506,450,518
Total Produced,82,25,513,457,524
Total Produced,83,25,520,465,531
Total Produced,84,25,527,472,538
Total Produced,85,25,534,480,544
Total Produced,86,25,541,489,551
Total Produced,87,25,549,497,558
Total Produced,88,25,556,505,565
Total Produced,89,25,564,514,572
Total Produced,90,25,571,524,580
Total Produced,91,25,579,533,587
Total Produced,92,25,588,543,595
Total Produced,93,25,596,554,603
Total Produced,94,25,605,565,611
Total Produced,95,25,614,577,620
Total Produced,96,25,624,590,629
Total Produced,97,25,634,604,639
Total Produced,98,25,646,620,649
Total Produced,99,25,659,640,662
Total Produced,0,26,0,0,0
Total Produced,1,26,19,11,24
Total Produced,2,26,32,20,38
Total Produced,3,26,43,27,51
Total Produced,4,26,53,35,62
Total Produced,5,26,62,41,73
Total Produced,6,26,72,48,82
Total Produced,7,26,80,55,92
Total Produced,8,26,89,61,101
Total Produced,9,26,97,67,109
Total Produced,10,26,104,74,118
Total Produced,11,26,112,80,126
Total Produced,12,26,120,86,134
Total Produced,13,26,127,92,142
Total Produced,14,26,134,98,149
Total Produced,15,26,142,104,157
Total Produced,16,26,149,109,164
Total Produced,17,26,156,115,171
Total Produced,18,26,162,121,178
Total Produced,19,26,169,127,185
Total Produced,20,26,176,132,192
Total Produced,21,26,182,138,199
Total Produced,22,26,189,143,205
Total Produced,23,26,196,149,212
Total Produced,24,26,202,155,219
Total Produced,25,26,208,160,225
Total Produced,26,26,215,166,232
Total Produced,27,26,221,171,238
Total Produced,28,26,227,177,244
Total Produced,29,26,233,182,251
Total Produced,30,26,240,188,257
Total Produced,31,26,246,193,263
Total Produced,32,26,252,199,269
Total Produced,33,26,258,204,275
Total Produced,34,26,264,210,281
Total Produced,35,26,270,215,287
Total Produced,36,26,276,221,293
Total Produced,37,26,282,226,299
Total Produced,38,26,288,232,305
Total Produced,39,26,294,237,311
Total Produced,40,26,300,243,317
Total Produced,41,26,306,248,323
Total Produced,42,26,311,254,329
Total Produced,43,26,317,259,334
Total Produced,44,26,323,265,340
Total Produced,45,26,329,270,346
Total Produced,46,26,335,276,352
Total Produced,47,26,341,281,357
Total Produced,48,26,346,287,363
Total Produced,49,26,352,292,369
Total Produced,50,26,358,298,374
Total Produced,51,26,364,303,380
Total Produced,52,26,369,309,386
Total Produced,53,26,375,315,391
Total Produced,54,26,381,320,397
Total Produced,55,26,387,326,402
Total Produced,56,26,392,332,408
Total Produced,57,26,398,338,414
Total Produced,58,26,404,343,419
Total Produced,59,26,410,349,425
Total Produced,60,26,415,355,430
Total Produced,61,26,421,361,436
Total Produced,62,26,427,367,441
Total Produced,63,26,433,372,447
Total Produced,64,26,438,378,453
Total Produced,65,26,444,384,458
Total Produced,66,26,450,390,464
Total Produced,67,26,456,396,469
Total Produced,68,26,461,403,475
Total Produced,69,26,467,409,481
Total Produced,70,26,473,415,486
Total Produced,71,26,479,421,492
Total Produced,72,26,485,427,497
Total Produced,73,26,491,434,503
Total Produced,74,26,497,440,509
Total Produced,75,26,503,447,514
Total Produced,76,26,508,453,520
Total Produced,77,26,514,460,526
Total Produced,78,26,520,467,531
Total Produced,79,26,526,473,537
Total Produced,80,26,533,480,543
Total Produced,81,26,539,487,549
Total Produced,82,26,545,494,555
Total Produced,83,26,551,501,560
Total Produced,84,26,557,509,566
Total Produced,85,26,564,516,572
Total Produced,86,26,570,524,578
Total Produced,87,26,577,531,584
Total Produced,88,26,583,539,591
Total Produced,89,26,590,548,597
Total Produced,90,26,596,556,603
Total Produced,91,26,603,564,610
Total Produced,92,26,610,573,616
Total Produced,93,26,617,583,623
Total Produced,94,26,625,592,629
Total Produced,95,26,632,602,636
Total Produced,96,26,640,613,644
Total Produced,97,26,648,625,651
Total Produced,98,26,657,638,659
Total Produced,99,26,667,654,668
Total Produced,0,27,0,0,0
Total Produced,1,27,27,15,33
Total Produced,2,27,43,26,51
Total Produced,3,27,56,35,66
Total Produced,4,27,68,44,80
Total Produced,5,27,80,53,92
Total Produced,6,27,90,61,103
Total Produced,7,27,100,69,114
Total Produced,8,27,110,76,125
Total Produced,9,27,119,84,134
Total Produced,10,27,128,91,144
Total Produced,11,27,137,98,153
Total Produced,12,27,146,105,162
Total Produced,13,27,154,112,170
Total Produced,14,27,162,119,179
Total Produced,15,27,170,125,187
Total Produced,16,27,178,132,195
Total Produced,17,27,185,138,203
Total Produced,18,27,193,145,210
Total Produced,19,27,200,151,218
Total Produced,20,27,207,158,225
Total Produced,21,27,215,164,233
Total Produced,22,27,222,170,240
Total Produced,23,27,229,176,247
Total Produced,24,27,236,182,254
Total Produced,25,27,242,189,261
Total Produced,26,27,249,195,267
Total Produced,27,27,256,201,274
Total Produced,28,27,262,207,281
Total Produced,29,27,269,213,287
Total Produced,30,27,275,219,294
Total Produced,31,27,282,225,300
Total Produced,32,27,288,231,306
Total Produced,33,27,294,237,313
Total Produced,34,27,301,243,319
Total Produced,35,27,307,248,325
Total Produced,36,27,313,254,331
Total Produced,37,27,319,260,337
Total Produced,38,27,325,266,343
Total Produced,39,27,331,272,349
Total Produced,40,27,337,278,355
Total Produced,41,27,343,283,361
Total Produced,42,27,349,289,367
Total Produced,43,27,355,295,373
Total Produced,44,27,361,301,378
Total Produced,45,27,367,307,384
Total Produced,46,27,373,312,390
Total Produced,47,27,379,318,395
Total Produced,48,27,384,324,401
Total Produced,49,27,390,330,407
Total Produced,50,27,396,336,412
Total Produced,51,27,402,341,418
Total Produced,52,27,407,347,423
Total Produced,53,27,413,353,429
Total Produced,54,27,419,359,434
Total Produced,55,27,424,364,440
Total Produced,56,27,430,370,445
Total Produced,57,27,435,376,450
Total Produced,58,27,441,382,456
Total Produced,59,27,447,388,461
Total Produced,60,27,452,394,466
Total Produced,61,27,458,399,472
Total Produced,62,27,463,405,477
Total Produced,63,27,469,411,482
Total Produced,64,27,474,417,488
Total Produced,65,27,480,423,493
Total Produced,66,27,485,429,498
Total Produced,67,27,490,435,503
Total Produced,68,27,496,441,508
Total Produced,69,27,501,447,514
Total Produced,70,27,507,453,519
Total Produced,71,27,512,459,524
Total Produced,72,27,518,465,529
Total Produced,73,27,523,471,534
Total Produced,74,27,529,477,539
Total Produced,75,27,534,484,545
Total Produced,76,27,539,490,550
Total Produced,77,27,545,496,555
Total Produced,78,27,550,503,560
Total Produced,79,27,556,509,565
Total Produced,80,27,561,515,570
Total Produced,81,27,567,522,575
Total Produced,82,27,572,528,581
Total Produced,83,27,578,535,586
Total Produced,84,27,583,542,591
Total Produced,85,27,589,548,596
Total Produced,86,27,594,555,601
Total Produced,87,27,600,562,606
Total Produced,88,27,605,569,612
Total Produced,89,27,611,577,617
Total Produced,90,27,617,584,622
Total Produced,91,27,622,591,627
Total Produced,92,27,628,599,633
Total Produced,93,27,634,607,638
Total Produced,94,27,640,615,644
Total Produced,95,27,646,624,649
Total Produced,96,27,652,632,655
Total Produced,97,27,658,642,661
Total Produced,98,27,665,652,666
Total Produced,99,27,672,663,673
Total Produced,0,28,0,0,0
Total Produced,1,28,36,20,44
Total Produced,2,28,56,34,66
Total Produced,3,28,72,45,84
Total Produced,4,28,87,56,100
Total Produced,5,28,100,66,114
Total Produced,6,28,112,76,127
Total Produced,7,28,124,85,139
Total Produced,8,28,135,94,150
Total Produced,9,28,145,102,161
Total Produced,10,28,155,111,172
Total Produced,11,28,165,119,182
Total Produced,12,28,174,127,191
Total Produced,13,28,183,134,201
Total Produced,14,28,192,142,210
Total Produced,15,28,201,150,219
Total Produced,16,28,209,157,227
Total Produced,17,28,217,164,236
Total Produced,18,28,226,171,244
Total Produced,19,28,233,179,252
Total Produced,20,28,241,186,260
Total Produced,21,28,249,193,267
Total Produced,22,28,256,199,275
Total Produced,23,28,264,206,282
Total Produced,24,28,271,213,289
Total Produced,25,28,278,220,296
Total Produced,26,28,285,226,304
Total Produced,27,28,292,233,310
Total Produced,28,28,299,239,317
Total Produced,29,28,306,246,324
Total Produced,30,28,312,252,331
Total Produced,31,28,319,259,337
Total Produced,32,28,325,265,344
Total Produced,33,28,332,271,350
Total Produced,34,28,338,277,356
Total Produced,35,28,345,284,362
Total Produced,36,28,351,290,369
Total Produced,37,28,357,296,375
Total Produced,38,28,363,302,381
Total Produced,39,28,369,308,387
Total Produced,40,28,375,314,392
Total Produced,41,28,381,320,398
Total Produced,42,28,387,326,404
Total Produced,43,28,393,332,410
Total Produced,44,28,399,338,415
Total Produced,45,28,405,344,421
Total Produced,46,28,410,350,427
Total Produced,47,28,416,356,432
Total Produced,48,28,422,362,438
Total Produced,49,28,427,368,443
Total Produced,50,28,433,374,448
Total Produced,51,28,439,380,454
Total Produced,52,28,444,386,459
Total Produced,53,28,450,391,464
Total Produced,54,28,455,397,469
Total Produced,55,28,460,403,475
Total Produced,56,28,466,409,480
Total Produced,57,28,471,415,485
Total Produced,58,28,476,420,490
Total Produced,59,28,482,426,495
Total Produced,60,28,487,432,500
Total Produced,61,28,492,438,505
Total Produced,62,28,497,443,510
Total Produced,63,28,502,449,515
Total Produced,64,28,507,455,520
Total Produced,65,28,513,461,525
Total Produced,66,28,518,466,529
Total Produced,67,28,523,472,534
Total Produced,68,28,528,478,539
Total Produced,69,28,533,484,544
Total Produced,70,28,538,490,548
Total Produced,71,28,543,495,553
Total Produced,72,28,548,501,558
Total Produced,73,28,553,507,562
Total Produced,74,28,557,513,567
Total Produced,75,28,562,518,572
Total Produced,76,28,567,524,576
Total Produced,77,28,572,530,581
Total Produced,78,28,577,536,585
Total Produced,79,28,582,542,590
Total Produced,80,28,586,548,594
Total Produced,81,28,591,554,599
Total Produced,82,28,596,559,603
Total Produced,83,28,601,565,607
Total Produced,84,28,605,571,612
Total Produced,85,28,610,577,616
Total Produced,86,28,615,583,621
Total Produced,87,28,619,589,625
Total Produced,88,28,624,596,629
Total Produced,89,28,629,602,633
Total Produced,90,28,633,608,638
Total Produced,91,28,638,614,642
Total Produced,92,28,643,621,646
Total Produced,93,28,647,627,651
Total Produced,94,28,652,634,655
Total Produced,95,28,657,641,659
Total Produced,96,28,661,647,663
Total Produced,97,28,666,655,667
Total Produced,98,28,670,662,672
Total Produced,99,28,675,670,676
Total Produced,0,29,0,0,0
Total Produced,1,29,47,26,56
Total Produced,2,29,71,43,82
Total Produced,3,29,91,57,103
Total Produced,4,29,107,70,121
Total Produced,5,29,123,82,137
Total Produced,6,29,136,93,152
Total Produced,7,29,149,103,165
Total Produced,8,29,162,114,178
Total Produced,9,29,173,123,190
Total Produced,10,29,184,133,201
Total Produced,11,29,195,142,212
Total Produced,12,29,205,151,222
Total Produced,13,29,215,160,232
Total Produced,14,29,224,168,242
Total Produced,15,29,234,177,251
Total Produced,16,29,243,185,261
Total Produced,17,29,251,193,269
Total Produced,18,29,260,201,278
Total Produced,19,29,268,208,286
Total Produced,20,29,276,216,294
Total Produced,21,29,284,224,302
Total Produced,22,29,292,231,310
Total Produced,23,29,300,238,318
Total Produced,24,29,307,246,325
Total Produced,25,29,315,253,333
Total Produced,26,29,322,260,340
Total Produced,27,29,329,267,347
Total Produced,28,29,336,274,354
Total Produced,29,29,343,281,360
Total Produced,30,29,350,288,367
Total Produced,31,29,357,294,374
Total Produced,32,29,363,301,380
Total Produced,33,29,370,307,387
Total Produced,34,29,376,314,393
Total Produced,35,29,382,321,399
Total Produced,36,29,389,327,405
Total Produced,37,29,395,333,411
Total Produced,38,29,401,340,417
Total Produced,39,29,407,346,423
Total Produced,40,29,413,352,429
Total Produced,41,29,419,358,434
Total Produced,42,29,425,365,440
Total Produced,43,29,430,371,446
Total Produced,44,29,436,377,451
Total Produced,45,29,442,383,456
Total Produced,46,29,447,389,462
Total Produced,47,29,453,395,467
Total Produced,48,29,458,401,472
Total Produced,49,29,464,407,478
Total Produced,50,29,469,412,483
Total Produced,51,29,474,418,488
Total Produced,52,29,479,424,493
Total Produced,53,29,485,430,498
Total Produced,54,29,490,436,503
Total Produced,55,29,495,441,507
Total Produced,56,29,500,447,512
Total Produced,57,29,505,453,517
Total Produced,58,29,510,458,522
Total Produced,59,29,515,464,526
Total Produced,60,29,520,469,531
Total Produced,61,29,524,475,536
Total Produced,62,29,529,481,540
Total Produced,63,29,534,486,545
Total Produced,64,29,539,492,549
Total Produced,65,29,543,497,554
Total Produced,66,29,548,502,558
Total Produced,67,29,552,508,562
Total Produced,68,29,557,513,567
Total Produced,69,29,562,519,571
Total Produced,70,29,566,524,575
Total Produced,71,29,570,529,579
Total Produced,72,29,575,535,583
Total Produced,73,29,579,540,587
Total Produced,74,29,583,545,591
Total Produced,75,29,588,551,595
Total Produced,76,29,592,556,599
Total Produced,77,29,596,561,603
Total Produced,78,29,600,566,607
Total Produced,79,29,604,572,611
Total Produced,80,29,608,577,615
Total Produced,81,29,613,582,618
Total Produced,82,29,617,587,622
Total Produced,83,29,621,592,626
Total Produced,84,29,624,598,630
Total Produced,85,29,628,603,633
Total Produced,86,29,632,608,637
Total Produced,87,29,636,613,640
Total Produced,88,29,640,618,644
Total Produced,89,29,643,623,647
Total Produced,90,29,647,628,650
Total Produced,91,29,651,633,654
Total Produced,92,29,654,639,657
Total Produced,93,29,658,644,660
Total Produced,94,29,661,649,663
Total Produced,95,29,665,654,666
Total Produced,96,29,668,659,669
Total Produced,97,29,671,664,672
Total Produced,98,29,674,669,675
Total Produced,99,29,677,675,678
Total Produced,0,30,0,0,0
Total Produced,1,30,60,34,70
Total Produced,2,30,89,54,100
Total Produced,3,30,111,71,124
Total Produced,4,30,130,86,144
Total Produced,5,30,147,99,162
Total Produced,6,30,163,112,178
Total Produced,7,30,177,124,193
Total Produced,8,30,190,136,207
Total Produced,9,30,203,147,219
Total Produced,10,30,215,157,232
Total Produced,11,30,226,168,243
Total Produced,12,30,237,178,254
Total Produced,13,30,248,187,265
Total Produced,14,30,258,197,275
Total Produced,15,30,268,206,285
Total Produced,16,30,277,215,294
Total Produced,17,30,286,223,303
Total Produced,18,30,295,232,312
Total Produced,19,30,304,240,321
Total Produced,20,30,312,249,329
Total Produced,21,30,321,257,338
Total Produced,22,30,329,265,345
Total Produced,23,30,337,273,353
Total Produced,24,30,344,280,361
Total Produced,25,30,352,288,368
Total Produced,26,30,359,295,375
Total Produced,27,30,366,303,382
Total Produced,28,30,373,310,389
Total Produced,29,30,380,317,396
Total Produced,30,30,387,324,403
Total Produced,31,30,394,331,409
Total Produced,32,30,400,338,416
Total Produced,33,30,407,345,422
Total Produced,34,30,413,352,428
Total Produced,35,30,420,358,434
Total Produced,36,30,426,365,440
Total Produced,37,30,432,372,446
Total Produced,38,30,438,378,452
Total Produced,39,30,444,384,458
Total Produced,40,30,449,391,463
Total Produced,41,30,455,397,469
Total Produced,42,30,461,403,474
Total Produced,43,30,466,409,479
Total Produced,44,30,472,415,485
Total Produced,45,30,477,421,490
Total Produced,46,30,482,427,495
Total Produced,47,30,488,433,500
Total Produced,48,30,493,439,505
Total Produced,49,30,498,445,510
Total Produced,50,30,503,451,515
Total Produced,51,30,508,456,519
Total Produced,52,30,513,462,524
Total Produced,53,30,518,468,529
Total Produced,54,30,522,473,533
Total Produced,55,30,527,479,538
Total Produced,56,30,532,484,542
Total Produced,57,30,536,490,547
Total Produced,58,30,541,495,551
Total Produced,59,30,545,500,555
Total Produced,60,30,550,506,559
Total Produced,61,30,554,511,563
Total Produced,62,30,559,516,568
Total Produced,63,30,563,521,572
Total Produced,64,30,567,526,576
Total Produced,65,30,571,531,579
Total Produced,66,30,575,536,583
Total Produced,67,30,579,541,587
Total Produced,68,30,583,546,591
Total Produced,69,30,587,551,595
Total Produced,70,30,591,556,598
Total Produced,71,30,595,561,602
Total Produced,72,30,599,566,605
Total Produced,73,30,603,570,609
Total Produced,74,30,606,575,612
Total Produced,75,30,610,580,616
Total Produced,76,30,614,584,619
Total Produced,77,30,617,589,622
Total Produced,78,30,621,594,626
Total Produced,79,30,624,598,629
Total Produced,80,30,627,603,632
Total Produced,81,30,631,607,635
Total Produced,82,30,634,611,638
Total Produced,83,30,637,616,641
Total Produced,84,30,640,620,644
Total Produced,85,30,643,624,647
Total Produced,86,30,646,628,650
Total Produced,87,30,649,633,652
Total Produced,88,30,652,637,655
Total Produced,89,30,655,641,658
Total Produced,90,30,658,645,660
Total Produced,91,30,661,649,663
Total Produced,92,30,663,653,665
Total Produced,93,30,666,656,667
Total Produced,94,30,668,660,670
Total Produced,95,30,671,664,672
Total Produced,96,30,673,667,674
Total Produced,97,30,675,671,676
Total Produced,98,30,677,674,677
Total Produced,99,30,679,677,679
Complexity,0,16,0,0,0
Complexity,1,16,0,0,0
Complexity,2,16,0,0,0
Complexity,3,16,0,0,0
Complexity,4,16,0,0,0
Complexity,5,16,0,0,0
Complexity,6,16,0,0,0
Complexity,7,16,0,0,0
Complexity,8,16,0,0,0
Complexity,9,16,0,0,0
Complexity,10,16,0,0,0
Complexity,11,16,0,0,0
Complexity,12,16,0,0,0
Complexity,13,16,0,0,0
Complexity,14,16,0,0,0
Complexity,15,16,0,0,0
Complexity,16,16,0,0,0
Complexity,17,16,0,0,0
Complexity,18,16,0,0,0
Complexity,19,16,0,0,0
Complexity,20,16,0,0,0
Complexity,21,16,0,0,0
Complexity,22,16,0,0,0
Complexity,23,16,0,0,0
Complexity,24,16,0,0,0
Complexity,25,16,0,0,0
Complexity,26,16,0,0,0
Complexity,27,16,0,0,0
Complexity,28,16,0,0,0
Complexity,29,16,0,0,0
Complexity,30,16,0,0,0
Complexity,31,16,0,0,0
Complexity,32,16,0,0,0
Complexity,33,16,0,0,0
Complexity,34,16,0,0,0
Complexity,35,16,0,0,0
Complexity,36,16,0,0,0
Complexity,37,16,0,0,0
Complexity,38,16,0,0,0
Complexity,39,16,0,0,0
Complexity,40,16,0,0,0
Complexity,41,16,0,0,0
Complexity,42,16,0,0,0
Complexity,43,16,0,0,0
Complexity,44,16,0,0,0
Complexity,45,16,0,0,0
Complexity,46,16,0,0,0
Complexity,47,16,0,0,0
Complexity,48,16,0,0,0
Complexity,49,16,0,0,0
Complexity,50,16,0,0,0
Complexity,51,16,0,0,0
Complexity,52,16,0,0,0
Complexity,53,16,0,0,0
Complexity,54,16,0,0,0
Complexity,55,16,0,0,0
Complexity,56,16,0,0,0
Complexity,57,16,0,0,0
Complexity,58,16,0,0,0
Complexity,59,16,1,0,1
Complexity,60,16,1,1,1
Complexity,61,16,1,1,1
Complexity,62,16,1,1,1
Complexity,63,16,1,1,1
Complexity,64,16,1,1,1
Complexity,65,16,1,1,1
Complexity,66,16,1,1,1
Complexity,67,16,1,1,1
Complexity,68,16,1,1,1
Complexity,69,16,1,1,1
Complexity,70,16,1,1,1
Complexity,71,16,1,1,1
Complexity,72,16,1,1,1
Complexity,73,16,2,2,2
Complexity,74,16,2,2,2
Complexity,75,16,2,2,2
Complexity,76,16,2,2,2
Complexity,77,16,2,2,2
Complexity,78,16,2,2,2
Complexity,79,16,2,2,2
Complexity,80,16,3,3,2
Complexity,81,16,3,3,3
Complexity,82,16,3,3,3
Complexity,83,16,3,3,3
Complexity,84,16,3,4,3
Complexity,85,16,4,4,4
Complexity,86,16,4,4,4
Complexity,87,16,4,5,4
Complexity,88,16,5,5,5
Complexity,89,16,5,5,5
Complexity,90,16,6,6,5
Complexity,91,16,6,6,6
Complexity,92,16,7,7,6
Complexity,93,16,7,8,7
Complexity,94,16,8,9,8
Complexity,95,16,9,10,8
Complexity,96,16,10,11,9
Complexity,97,16,12,12,11
Complexity,98,16,13,14,13
Complexity,99,16,17,18,16
Complexity,0,17,0,0,0
Complexity,1,17,0,0,0
Complexity,2,17,0,0,0
Complexity,3,17,0,0,0
Complexity,4,17,0,0,0
Complexity,5,17,0,0,0
Complexity,6,17,0,0,0
Complexity,7,17,0,0,0
Complexity,8,17,0,0,0
Complexity,9,17,0,0,0
Complexity,10,17,0,0,0
Complexity,11,17,0,0,0
Complexity,12,17,0,0,0
Complexity,13,17,0,0,0
Complexity,14,17,0,0,0
Complexity,15,17,0,0,0
Complexity,16,17,0,0,0
Complexity,17,17,0,0,0
Complexity,18,17,0,0,0
Complexity,19,17,0,0,0
Complexity,20,17,0,0,0
Complexity,21,17,0,0,0
Complexity,22,17,0,0,0
Complexity,23,17,0,0,0
Complexity,24,17,0,0,0
Complexity,25,17,0,0,0
Complexity,26,17,0,0,0
Complexity,27,17,0,0,0
Complexity,28,17,0,0,0
Complexity,29,17,0,0,0
Complexity,30,17,0,0,0
Complexity,31,17,0,0,0
Complexity,32,17,0,0,0
Complexity,33,17,0,0,0
Complexity,34,17,0,0,0
Complexity,35,17,0,0,0
Complexity,36,17,0,0,0
Complexity,37,17,0,0,0
Complexity,38,17,0,0,0
Complexity,39,17,0,0,0
Complexity,40,17,0,0,0
Complexity,41,17,0,0,0
Complexity,42,17,0,0,0
Complexity,43,17,0,0,0
Complexity,44,17,0,0,0
Complexity,45,17,0,0,0
Complexity,46,17,0,0,0
Complexity,47,17,0,0,0
Complexity,48,17,0,0,0
Complexity,49,17,0,0,0
Complexity,50,17,0,0,0
Complexity,51,17,0,0,0
Complexity,52,17,0,0,0
Complexity,53,17,0,0,0
Complexity,54,17,0,0,1
Complexity,55,17,1,0,1
Complexity,56,17,1,1,1
Complexity,57,17,1,1,1
Complexity,58,17,1,1,1
Complexity,59,17,1,1,1
Complexity,60,17,1,1,1
Complexity,61,17,1,1,1
Complexity,62,17,1,1,1
Complexity,63,17,1,1,1
Complexity,64,17,1,1,1
Complexity,65,17,1,1,1
Complexity,66,17,1,1,1
Complexity,67,17,1,1,1
Complexity,68,17,1,1,1
Complexity,69,17,2,1,2
Complexity,70,17,2,2,2
Complexity,71,17,2,2,2
Complexity,72,17,2,2,2
Complexity,73,17,2,2,2
Complexity,74,17,2,2,2
Complexity,75,17,2,2,2
Complexity,76,17,3,2,3
Complexity,77,17,3,3,3
Complexity,78,17,3,3,3
Complexity,79,17,3,3,3
Complexity,80,17,3,3,3
Complexity,81,17,4,4,4
Complexity,82,17,4,4,4
Complexity,83,17,4,4,4
Complexity,84,17,4,4,4
Complexity,85,17,5,5,5
Complexity,86,17,5,5,5
Complexity,87,17,6,6,5
Complexity,88,17,6,6,6
Complexity,89,17,6,7,6
Complexity,90,17,7,7,7
Complexity,91,17,8,8,7
Complexity,92,17,8,8,8
Complexity,93,17,9,9,9
Complexity,94,17,10,10,9
Complexity,95,17,11,11,10
Complexity,96,17,12,12,12
Complexity,97,17,14,14,13
Complexity,98,17,16,16,15
Complexity,99,17,19,20,18
Complexity,0,18,0,0,0
Complexity,1,18,0,0,0
Complexity,2,18,0,0,0
Complexity,3,18,0,0,0
Complexity,4,18,0,0,0
Complexity,5,18,0,0,0
Complexity,6,18,0,0,0
Complexity,7,18,0,0,0
Complexity,8,18,0,0,0
Complexity,9,18,0,0,0
Complexity,10,18,0,0,0
Complexity,11,18,0,0,0
Complexity,12,18,0,0,0
Complexity,13,18,0,0,0
Complexity,14,18,0,0,0
Complexity,15,18,0,0,0
Complexity,16,18,0,0,0
Complexity,17,18,0,0,0
Complexity,18,18,0,0,0
Complexity,19,18,0,0,0
Complexity,20,18,0,0,0
Complexity,21,18,0,0,0
Complexity,22,18,0,0,0
Complexity,23,18,0,0,0
Complexity,24,18,0,0,0
Complexity,25,18,0,0,0
Complexity,26,18,0,0,0
Complexity,27,18,0,0,0
Complexity,28,18,0,0,0
Complexity,29,18,0,0,0
Complexity,30,18,0,0,0
Complexity,31,18,0,0,0
Complexity,32,18,0,0,0
Complexity,33,18,0,0,0
Complexity,34,18,0,0,0
Complexity,35,18,0,0,0
Complexity,36,18,0,0,0
Complexity,37,18,0,0,0
Complexity,38,18,0,0,0
Complexity,39,18,0,0,0
Complexity,40,18,0,0,0
Complexity,41,18,0,0,0
Complexity,42,18,0,0,0
Complexity,43,18,0,0,0
Complexity,44,18,0,0,0
Complexity,45,18,0,0,0
Complexity,46,18,0,0,0
Complexity,47,18,0,0,0
Complexity,48,18,0,0,0
Complexity,49,18,0,0,1
Complexity,50,18,1,0,1
Complexity,51,18,1,0,1
Complexity,52,18,1,1,1
Complexity,53,18,1,1,1
Complexity,54,18,1,1,1
Complexity,55,18,1,1,1
Complexity,56,18,1,1,1
Complexity,57,18,1,1,1
Complexity,58,18,1,1,1
Complexity,59,18,1,1,1
Complexity,60,18,1,1,1
Complexity,61,18,1,1,1
Complexity,62,18,1,1,1
Complexity,63,18,1,1,2
Complexity,64,18,1,1,2
Complexity,65,18,2,1,2
Complexity,66,18,2,2,2
Complexity,67,18,2,2,2
Complexity,68,18,2,2,2
Complexity,69,18,2,2,2
Complexity,70,18,2,2,2
Complexity,71,18,2,2,3
Complexity,72,18,3,2,3
Complexity,73,18,3,3,3
Complexity,74,18,3,3,3
Complexity,75,18,3,3,3
Complexity,76,18,3,3,3
Complexity,77,18,4,3,4
Complexity,78,18,4,4,4
Complexity,79,18,4,4,4
Complexity,80,18,4,4,4
Complexity,81,18,5,4,5
Complexity,82,18,5,5,5
Complexity,83,18,5,5,5
Complexity,84,18,6,5,6
Complexity,85,18,6,6,6
Complexity,86,18,6,6,7
Complexity,87,18,7,7,7
Complexity,88,18,7,7,7
Complexity,89,18,8,8,8
Complexity,90,18,9,8,9
Complexity,91,18,9,9,9
Complexity,92,18,10,10,10
Complexity,93,18,11,11,11
Complexity,94,18,12,12,12
Complexity,95,18,13,13,13
Complexity,96,18,14,14,14
Complexity,97,18,16,16,16
Complexity,98,18,18,18,18
Complexity,99,18,22,22,21
Complexity,0,19,0,0,0
Complexity,1,19,0,0,0
Complexity,2,19,0,0,0
Complexity,3,19,0,0,0
Complexity,4,19,0,0,0
Complexity,5,19,0,0,0
Complexity,6,19,0,0,0
Complexity,7,19,0,0,0
Complexity,8,19,0,0,0
Complexity,9,19,0,0,0
Complexity,10,19,0,0,0
Complexity,11,19,0,0,0
Complexity,12,19,0,0,0
Complexity,13,19,0,0,0
Complexity,14,19,0,0,0
Complexity,15,19,0,0,0
Complexity,16,19,0,0,0
Complexity,17,19,0,0,0
Complexity,18,19,0,0,0
Complexity,19,19,0,0,0
Complexity,20,19,0,0,0
Complexity,21,19,0,0,0
Complexity,22,19,0,0,0
Complexity,23,19,0,0,0
Complexity,24,19,0,0,0
Complexity,25,19,0,0,0
Complexity,26,19,0,0,0
Complexity,27,19,0,0,0
Complexity,28,19,0,0,0
Complexity,29,19,0,0,0
Complexity,30,19,0,0,0
Complexity,31,19,0,0,0
Complexity,32,19,0,0,0
Complexity,33,19,0,0,0
Complexity,34,19,0,0,0
Complexity,35,19,0,0,0
Complexity,36,19,0,0,0
Complexity,37,19,0,0,0
Complexity,38,19,0,0,0
Complexity,39,19,0,0,0
Complexity,40,19,0,0,0
Complexity,41,19,0,0,0
Complexity,42,19,0,0,0
Complexity,43,19,0,0,1
Complexity,44,19,0,0,1
Complexity,45,19,0,0,1
Complexity,46,19,1,0,1
Complexity,47,19,1,0,1
Complexity,48,19,1,1,1
Complexity,49,19,1,1,1
Complexity,50,19,1,1,1
Complexity,51,19,1,1,1
Complexity,52,19,1,1,1
Complexity,53,19,1,1,1
Complexity,54,19,1,1,1
Complexity,55,19,1,1,1
Complexity,56,19,1,1,1
Complexity,57,19,1,1,1
Complexity,58,19,1,1,2
Complexity,59,19,1,1,2
Complexity,60,19,2,1,2
Complexity,61,19,2,1,2
Complexity,62,19,2,2,2
Complexity,63,19,2,2,2
Complexity,64,19,2,2,2
Complexity,65,19,2,2,2
Complexity,66,19,2,2,3
Complexity,67,19,3,2,3
Complexity,68,19,3,2,3
Complexity,69,19,3,3,3
Complexity,70,19,3,3,3
Complexity,71,19,3,3,4
Complexity,72,19,3,3,4
Complexity,73,19,4,3,4
Complexity,74,19,4,4,4
Complexity,75,19,4,4,4
Complexity,76,19,4,4,5
Complexity,77,19,5,4,5
Complexity,78,19,5,5,5
Complexity,79,19,5,5,6
Complexity,80,19,6,5,6
Complexity,81,19,6,6,6
Complexity,82,19,6,6,7
Complexity,83,19,7,6,7
Complexity,84,19,7,7,7
Complexity,85,19,8,7,8
Complexity,86,19,8,8,8
Complexity,87,19,9,8,9
Complexity,88,19,9,9,10
Complexity,89,19,10,9,10
Complexity,90,19,11,10,11
Complexity,91,19,11,11,12
Complexity,92,19,12,12,12
Complexity,93,19,13,13,13
Complexity,94,19,14,14,14
Complexity,95,19,15,15,15
Complexity,96,19,17,16,17
Complexity,97,19,19,18,19
Complexity,98,19,21,20,21
Complexity,99,19,24,24,24
Complexity,0,20,0,0,0
Complexity,1,20,0,0,0
Complexity,2,20,0,0,0
Complexity,3,20,0,0,0
Complexity,4,20,0,0,0
Complexity,5,20,0,0,0
Complexity,6,20,0,0,0
Complexity,7,20,0,0,0
Complexity,8,20,0,0,0
Complexity,9,20,0,0,0
Complexity,10,20,0,0,0
Complexity,11,20,0,0,0
Complexity,12,20,0,0,0
Complexity,13,20,0,0,0
Complexity,14,20,0,0,0
Complexity,15,20,0,0,0
Complexity,16,20,0,0,0
Complexity,17,20,0,0,0
Complexity,18,20,0,0,0
Complexity,19,20,0,0,0
Complexity,20,20,0,0,0
Complexity,21,20,0,0,0
Complexity,22,20,0,0,0
Complexity,23,20,0,0,0
Complexity,24,20,0,0,0
Complexity,25,20,0,0,0
Complexity,26,20,0,0,0
Complexity,27,20,0,0,0
Complexity,28,20,0,0,0
Complexity,29,20,0,0,0
Complexity,30,20,0,0,0
Complexity,31,20,0,0,0
Complexity,32,20,0,0,0
Complexity,33,20,0,0,0
Complexity,34,20,0,0,0
Complexity,35,20,0,0,0
Complexity,36,20,0,0,0
Complexity,37,20,0,0,0
Complexity,38,20,0,0,1
Complexity,39,20,0,0,1
Complexity,40,20,0,0,1
Complexity,41,20,1,0,1
Complexity,42,20,1,0,1
Complexity,43,20,1,1,1
Complexity,44,20,1,1,1
Complexity,45,20,1,1,1
Complexity,46,20,1,1,1
Complexity,47,20,1,1,1
Complexity,48,20,1,1,1
Complexity,49,20,1,1,1
Complexity,50,20,1,1,1
Complexity,51,20,1,1,1
Complexity,52,20,1,1,2
Complexity,53,20,1,1,2
Complexity,54,20,1,1,2
Complexity,55,20,2,1,2
Complexity,56,20,2,1,2
Complexity,57,20,2,2,2
Complexity,58,20,2,2,2
Complexity,59,20,2,2,2
Complexity,60,20,2,2,3
Complexity,61,20,2,2,3
Complexity,62,20,3,2,3
Complexity,63,20,3,2,3
Complexity,64,20,3,2,3
Complexity,65,20,3,3,3
Complexity,66,20,3,3,4
Complexity,67,20,3,3,4
Complexity,68,20,4,3,4
Complexity,69,20,4,3,4
Complexity,70,20,4,4,5
Complexity,71,20,4,4,5
Complexity,72,20,5,4,5
Complexity,73,20,5,4,5
Complexity,74,20,5,5,6
Complexity,75,20,5,5,6
Complexity,76,20,6,5,6
Complexity,77,20,6,5,7
Complexity,78,20,6,6,7
Complexity,79,20,7,6,7
Complexity,80,20,7,6,8
Complexity,81,20,8,7,8
Complexity,82,20,8,7,9
Complexity,83,20,8,8,9
Complexity,84,20,9,8,10
Complexity,85,20,9,9,10
Complexity,86,20,10,9,11
Complexity,87,20,11,10,11
Complexity,88,20,11,10,12
Complexity,89,20,12,11,13
Complexity,90,20,13,12,13
Complexity,91,20,14,13,14
Complexity,92,20,15,14,15
Complexity,93,20,16,15,16
Complexity,94,20,17,16,17
Complexity,95,20,18,17,18
Complexity,96,20,20,19,20
Complexity,97,20,21,20,22
Complexity,98,20,24,23,24
Complexity,99,20,27,26,27
Complexity,0,21,0,0,0
Complexity,1,21,0,0,0
Complexity,2,21,0,0,0
Complexity,3,21,0,0,0
Complexity,4,21,0,0,0
Complexity,5,21,0,0,0
Complexity,6,21,0,0,0
Complexity,7,21,0,0,0
Complexity,8,21,0,0,0
Complexity,9,21,0,0,0
Complexity,10,21,0,0,0
Complexity,11,21,0,0,0
Complexity,12,21,0,0,0
Complexity,13,21,0,0,0
Complexity,14,21,0,0,0
Complexity,15,21,0,0,0
Complexity,16,21,0,0,0
Complexity,17,21,0,0,0
Complexity,18,21,0,0,0
Complexity,19,21,0,0,0
Complexity,20,21,0,0,0
Complexity,21,21,0,0,0
Complexity,22,21,0,0,0
Complexity,23,21,0,0,0
Complexity,24,21,0,0,0
Complexity,25,21,0,0,0
Complexity,26,21,0,0,0
Complexity,27,21,0,0,0
Complexity,28,21,0,0,0
Complexity,29,21,0,0,0
Complexity,30,21,0,0,0
Complexity,31,21,0,0,0
Complexity,32,21,0,0,1
Complexity,33,21,0,0,1
Complexity,34,21,0,0,1
Complexity,35,21,0,0,1
Complexity,36,21,1,0,1
Complexity,37,21,1,0,1
Complexity,38,21,1,0,1
Complexity,39,21,1,1,1
Complexity,40,21,1,1,1
Complexity,41,21,1,1,1
Complexity,42,21,1,1,1
Complexity,43,21,1,1,1
Complexity,44,21,1,1,1
Complexity,45,21,1,1,1
Complexity,46,21,1,1,2
Complexity,47,21,1,1,2
Complexity,48,21,1,1,2
Complexity,49,21,2,1,2
Complexity,50,21,2,1,2
Complexity,51,21,2,1,2
Complexity,52,21,2,1,2
Complexity,53,21,2,2,2
Complexity,54,21,2,2,3
Complexity,55,21,2,2,3
Complexity,56,21,2,2,3
Complexity,57,21,3,2,3
Complexity,58,21,3,2,3
Complexity,59,21,3,2,3
Complexity,60,21,3,3,4
Complexity,61,21,3,3,4
Complexity,62,21,3,3,4
Complexity,63,21,4,3,4
Complexity,64,21,4,3,5
Complexity,65,21,4,3,5
Complexity,66,21,4,4,5
Complexity,67,21,5,4,5
Complexity,68,21,5,4,6
Complexity,69,21,5,4,6
Complexity,70,21,5,5,6
Complexity,71,21,6,5,6
Complexity,72,21,6,5,7
Complexity,73,21,6,5,7
Complexity,74,21,7,6,7
Complexity,75,21,7,6,8
Complexity,76,21,7,6,8
Complexity,77,21,8,7,9
Complexity,78,21,8,7,9
Complexity,79,21,9,8,10
Complexity,80,21,9,8,10
Complexity,81,21,10,8,10
Complexity,82,21,10,9,11
Complexity,83,21,11,9,12
Complexity,84,21,11,10,12
Complexity,85,21,12,10,13
Complexity,86,21,12,11,13
Complexity,87,21,13,12,14
Complexity,88,21,14,12,15
Complexity,89,21,15,13,15
Complexity,90,21,15,14,16
Complexity,91,21,16,15,17
Complexity,92,21,17,16,18
Complexity,93,21,18,17,19
Complexity,94,21,19,18,20
Complexity,95,21,21,19,22
Complexity,96,21,22,21,23
Complexity,97,21,24,23,25
Complexity,98,21,26,25,27
Complexity,99,21,29,28,30
Complexity,0,22,0,0,0
Complexity,1,22,0,0,0
Complexity,2,22,0,0,0
Complexity,3,22,0,0,0
Complexity,4,22,0,0,0
Complexity,5,22,0,0,0
Complexity,6,22,0,0,0
Complexity,7,22,0,0,0
Complexity,8,22,0,0,0
Complexity,9,22,0,0,0
Complexity,10,22,0,0,0
Complexity,11,22,0,0,0
Complexity,12,22,0,0,0
Complexity,13,22,0,0,0
Complexity,14,22,0,0,0
Complexity,15,22,0,0,0
Complexity,16,22,0,0,0
Complexity,17,22,0,0,0
Complexity,18,22,0,0,0
Complexity,19,22,0,0,0
Complexity,20,22,0,0,0
Complexity,21,22,0,0,0
Complexity,22,22,0,0,0
Complexity,23,22,0,0,0
Complexity,24,22,0,0,0
Complexity,25,22,0,0,0
Complexity,26,22,0,0,0
Complexity,27,22,0,0,1
Complexity,28,22,0,0,1
Complexity,29,22,0,0,1
Complexity,30,22,0,0,1
Complexity,31,22,1,0,1
Complexity,32,22,1,0,1
Complexity,33,22,1,0,1
Complexity,34,22,1,1,1
Complexity,35,22,1,1,1
Complexity,36,22,1,1,1
Complexity,37,22,1,1,1
Complexity,38,22,1,1,1
Complexity,39,22,1,1,1
Complexity,40,22,1,1,2
Complexity,41,22,1,1,2
Complexity,42,22,1,1,2
Complexity,43,22,1,1,2
Complexity,44,22,2,1,2
Complexity,45,22,2,1,2
Complexity,46,22,2,1,2
Complexity,47,22,2,1,2
Complexity,48,22,2,2,3
Complexity,49,22,2,2,3
Complexity,50,22,2,2,3
Complexity,51,22,2,2,3
Complexity,52,22,3,2,3
Complexity,53,22,3,2,4
Complexity,54,22,3,2,4
Complexity,55,22,3,3,4
Complexity,56,22,3,3,4
Complexity,57,22,4,3,4
Complexity,58,22,4,3,5
Complexity,59,22,4,3,5
Complexity,60,22,4,3,5
Complexity,61,22,4,4,5
Complexity,62,22,5,4,6
Complexity,63,22,5,4,6
Complexity,64,22,5,4,6
Complexity,65,22,5,4,6
Complexity,66,22,6,5,7
Complexity,67,22,6,5,7
Complexity,68,22,6,5,7
Complexity,69,22,7,6,8
Complexity,70,22,7,6,8
Complexity,71,22,7,6,9
Complexity,72,22,8,7,9
Complexity,73,22,8,7,9
Complexity,74,22,9,7,10
Complexity,75,22,9,8,10
Complexity,76,22,9,8,11
Complexity,77,22,10,8,11
Complexity,78,22,10,9,12
Complexity,79,22,11,9,12
Complexity,80,22,11,10,13
Complexity,81,22,12,10,13
Complexity,82,22,12,11,14
Complexity,83,22,13,11,14
Complexity,84,22,14,12,15
Complexity,85,22,14,13,16
Complexity,86,22,15,13,16
Complexity,87,22,16,14,17
Complexity,88,22,16,15,18
Complexity,89,22,17,15,19
Complexity,90,22,18,16,20
Complexity,91,22,19,17,20
Complexity,92,22,20,18,21
Complexity,93,22,21,19,23
Complexity,94,22,22,21,24
Complexity,95,22,24,22,25
Complexity,96,22,25,23,26
Complexity,97,22,27,25,28
Complexity,98,22,29,27,30
Complexity,99,22,32,30,32
Complexity,0,23,0,0,0
Complexity,1,23,0,0,0
Complexity,2,23,0,0,0
Complexity,3,23,0,0,0
Complexity,4,23,0,0,0
Complexity,5,23,0,0,0
Complexity,6,23,0,0,0
Complexity,7,23,0,0,0
Complexity,8,23,0,0,0
Complexity,9,23,0,0,0
Complexity,10,23,0,0,0
Complexity,11,23,0,0,0
Complexity,12,23,0,0,0
Complexity,13,23,0,0,0
Complexity,14,23,0,0,0
Complexity,15,23,0,0,0
Complexity,16,23,0,0,0
Complexity,17,23,0,0,0
Complexity,18,23,0,0,0
Complexity,19,23,0,0,0
Complexity,20,23,0,0,0
Complexity,21,23,0,0,0
Complexity,22,23,0,0,1
Complexity,23,23,0,0,1
Complexity,24,23,0,0,1
Complexity,25,23,0,0,1
Complexity,26,23,0,0,1
Complexity,27,23,1,0,1
Complexity,28,23,1,0,1
Complexity,29,23,1,0,1
Complexity,30,23,1,1,1
Complexity,31,23,1,1,1
Complexity,32,23,1,1,1
Complexity,33,23,1,1,1
Complexity,34,23,1,1,2
Complexity,35,23,1,1,2
Complexity,36,23,1,1,2
Complexity,37,23,1,1,2
Complexity,38,23,1,1,2
Complexity,39,23,2,1,2
Complexity,40,23,2,1,2
Complexity,41,23,2,1,3
Complexity,42,23,2,1,3
Complexity,43,23,2,2,3
Complexity,44,23,2,2,3
Complexity,45,23,2,2,3
Complexity,46,23,3,2,3
Complexity,47,23,3,2,4
Complexity,48,23,3,2,4
Complexity,49,23,3,2,4
Complexity,50,23,3,3,4
Complexity,51,23,3,3,4
Complexity,52,23,4,3,5
Complexity,53,23,4,3,5
Complexity,54,23,4,3,5
Complexity,55,23,4,3,6
Complexity,56,23,5,4,6
Complexity,57,23,5,4,6
Complexity,58,23,5,4,6
Complexity,59,23,5,4,7
Complexity,60,23,6,4,7
Complexity,61,23,6,5,7
Complexity,62,23,6,5,8
Complexity,63,23,7,5,8
Complexity,64,23,7,6,8
Complexity,65,23,7,6,9
Complexity,66,23,8,6,9
Complexity,67,23,8,6,9
Complexity,68,23,8,7,10
Complexity,69,23,9,7,10
Complexity,70,23,9,7,11
Complexity,71,23,9,8,11
Complexity,72,23,10,8,12
Complexity,73,23,10,9,12
Complexity,74,23,11,9,12
Complexity,75,23,11,9,13
Complexity,76,23,12,10,14
Complexity,77,23,12,10,14
Complexity,78,23,13,11,15
Complexity,79,23,13,11,15
Complexity,80,23,14,12,16
Complexity,81,23,15,12,16
Complexity,82,23,15,13,17
Complexity,83,23,16,14,18
Complexity,84,23,16,14,18
Complexity,85,23,17,15,19
Complexity,86,23,18,16,20
Complexity,87,23,19,16,20
Complexity,88,23,19,17,21
Complexity,89,23,20,18,22
Complexity,90,23,21,19,23
Complexity,91,23,22,20,24
Complexity,92,23,23,21,25
Complexity,93,23,24,22,26
Complexity,94,23,25,23,27
Complexity,95,23,27,24,28
Complexity,96,23,28,26,29
Complexity,97,23,30,27,31
Complexity,98,23,31,29,32
Complexity,99,23,33,32,34
Complexity,0,24,0,0,0
Complexity,1,24,0,0,0
Complexity,2,24,0,0,0
Complexity,3,24,0,0,0
Complexity,4,24,0,0,0
Complexity,5,24,0,0,0
Complexity,6,24,0,0,0
Complexity,7,24,0,0,0
Complexity,8,24,0,0,0
Complexity,9,24,0,0,0
Complexity,10,24,0,0,0
Complexity,11,24,0,0,0
Complexity,12,24,0,0,0
Complexity,13,24,0,0,0
Complexity,14,24,0,0,0
Complexity,15,24,0,0,0
Complexity,16,24,0,0,0
Complexity,17,24,0,0,0
Complexity,18,24,0,0,1
Complexity,19,24,0,0,1
Complexity,20,24,0,0,1
Complexity,21,24,0,0,1
Complexity,22,24,1,0,1
Complexity,23,24,1,0,1
Complexity,24,24,1,0,1
Complexity,25,24,1,0,1
Complexity,26,24,1,1,1
Complexity,27,24,1,1,1
Complexity,28,24,1,1,1
Complexity,29,24,1,1,2
Complexity,30,24,1,1,2
Complexity,31,24,1,1,2
Complexity,32,24,1,1,2
Complexity,33,24,1,1,2
Complexity,34,24,2,1,2
Complexity,35,24,2,1,3
Complexity,36,24,2,1,3
Complexity,37,24,2,1,3
Complexity,38,24,2,2,3
Complexity,39,24,2,2,3
Complexity,40,24,2,2,3
Complexity,41,24,3,2,4
Complexity,42,24,3,2,4
Complexity,43,24,3,2,4
Complexity,44,24,3,2,4
Complexity,45,24,3,3,5
Complexity,46,24,4,3,5
Complexity,47,24,4,3,5
Complexity,48,24,4,3,5
Complexity,49,24,4,3,6
Complexity,50,24,5,3,6
Complexity,51,24,5,4,6
Complexity,52,24,5,4,7
Complexity,53,24,5,4,7
Complexity,54,24,6,4,7
Complexity,55,24,6,5,8
Complexity,56,24,6,5,8
Complexity,57,24,6,5,8
Complexity,58,24,7,5,9
Complexity,59,24,7,6,9
Complexity,60,24,7,6,9
Complexity,61,24,8,6,10
Complexity,62,24,8,6,10
Complexity,63,24,9,7,10
Complexity,64,24,9,7,11
Complexity,65,24,9,7,11
Complexity,66,24,10,8,12
Complexity,67,24,10,8,12
Complexity,68,24,11,9,13
Complexity,69,24,11,9,13
Complexity,70,24,11,9,14
Complexity,71,24,12,10,14
Complexity,72,24,12,10,15
Complexity,73,24,13,11,15
Complexity,74,24,13,11,16
Complexity,75,24,14,12,16
Complexity,76,24,14,12,17
Complexity,77,24,15,13,17
Complexity,78,24,16,13,18
Complexity,79,24,16,14,19
Complexity,80,24,17,14,19
Complexity,81,24,18,15,20
Complexity,82,24,18,15,20
Complexity,83,24,19,16,21
Complexity,84,24,20,17,22
Complexity,85,24,20,18,22
Complexity,86,24,21,18,23
Complexity,87,24,22,19,24
Complexity,88,24,23,20,25
Complexity,89,24,23,21,25
Complexity,90,24,24,22,26
Complexity,91,24,25,23,27
Complexity,92,24,26,24,28
Complexity,93,24,27,25,29
Complexity,94,24,28,26,30
Complexity,95,24,29,27,31
Complexity,96,24,31,28,32
Complexity,97,24,32,30,33
Complexity,98,24,33,31,34
Complexity,99,24,35,33,35
Complexity,0,25,0,0,0
Complexity,1,25,0,0,0
Complexity,2,25,0,0,0
Complexity,3,25,0,0,0
Complexity,4,25,0,0,0
Complexity,5,25,0,0,0
Complexity,6,25,0,0,0
Complexity,7,25,0,0,0
Complexity,8,25,0,0,0
Complexity,9,25,0,0,0
Complexity,10,25,0,0,0
Complexity,11,25,0,0,0
Complexity,12,25,0,0,0
Complexity,13,25,0,0,0
Complexity,14,25,0,0,1
Complexity,15,25,0,0,1
Complexity,16,25,0,0,1
Complexity,17,25,0,0,1
Complexity,18,25,0,0,1
Complexity,19,25,1,0,1
Complexity,20,25,1,0,1
Complexity,21,25,1,0,1
Complexity,22,25,1,1,1
Complexity,23,25,1,1,2
Complexity,24,25,1,1,2
Complexity,25,25,1,1,2
Complexity,26,25,1,1,2
Complexity,27,25,1,1,2
Complexity,28,25,1,1,2
Complexity,29,25,2,1,2
Complexity,30,25,2,1,3
Complexity,31,25,2,1,3
Complexity,32,25,2,1,3
Complexity,33,25,2,2,3
Complexity,34,25,2,2,4
Complexity,35,25,3,2,4
Complexity,36,25,3,2,4
Complexity,37,25,3,2,4
Complexity,38,25,3,2,4
Complexity,39,25,3,2,5
Complexity,40,25,4,3,5
Complexity,41,25,4,3,5
Complexity,42,25,4,3,6
Complexity,43,25,4,3,6
Complexity,44,25,4,3,6
Complexity,45,25,5,3,6
Complexity,46,25,5,4,7
Complexity,47,25,5,4,7
Complexity,48,25,6,4,7
Complexity,49,25,6,4,8
Complexity,50,25,6,5,8
Complexity,51,25,6,5,9
Complexity,52,25,7,5,9
Complexity,53,25,7,5,9
Complexity,54,25,7,6,10
Complexity,55,25,8,6,10
Complexity,56,25,8,6,10
Complexity,57,25,9,7,11
Complexity,58,25,9,7,11
Complexity,59,25,9,7,12
Complexity,60,25,10,8,12
Complexity,61,25,10,8,13
Complexity,62,25,11,8,13
Complexity,63,25,11,9,14
Complexity,64,25,11,9,14
Complexity,65,25,12,9,14
Complexity,66,25,12,10,15
Complexity,67,25,13,10,15
Complexity,68,25,13,11,16
Complexity,69,25,14,11,16
Complexity,70,25,14,12,17
Complexity,71,25,15,12,18
Complexity,72,25,15,13,18
Complexity,73,25,16,13,19
Complexity,74,25,16,14,19
Complexity,75,25,17,14,20
Complexity,76,25,18,15,20
Complexity,77,25,18,15,21
Complexity,78,25,19,16,22
Complexity,79,25,19,16,22
Complexity,80,25,20,17,23
Complexity,81,25,21,18,23
Complexity,82,25,21,18,24
Complexity,83,25,22,19,25
Complexity,84,25,23,20,25
Complexity,85,25,23,20,26
Complexity,86,25,24,21,27
Complexity,87,25,25,22,27
Complexity,88,25,26,23,28
Complexity,89,25,27,24,29
Complexity,90,25,27,24,29
Complexity,91,25,28,25,30
Complexity,92,25,29,26,31
Complexity,93,25,30,27,32
Complexity,94,25,31,28,32
Complexity,95,25,32,29,33
Complexity,96,25,33,31,34
Complexity,97,25,34,32,35
Complexity,98,25,35,33,35
Complexity,99,25,36,35,36
Complexity,0,26,0,0,0
Complexity,1,26,0,0,0
Complexity,2,26,0,0,0
Complexity,3,26,0,0,0
Complexity,4,26,0,0,0
Complexity,5,26,0,0,0
Complexity,6,26,0,0,0
Complexity,7,26,0,0,0
Complexity,8,26,0,0,0
Complexity,9,26,0,0,0
Complexity,10,26,0,0,0
Complexity,11,26,0,0,1
Complexity,12,26,0,0,1
Complexity,13,26,0,0,1
Complexity,14,26,0,0,1
Complexity,15,26,1,0,1
Complexity,16,26,1,0,1
Complexity,17,26,1,0,1
Complexity,18,26,1,0,1
Complexity,19,26,1,1,2
Complexity,20,26,1,1,2
Complexity,21,26,1,1,2
Complexity,22,26,1,1,2
Complexity,23,26,1,1,2
Complexity,24,26,2,1,3
Complexity,25,26,2,1,3
Complexity,26,26,2,1,3
Complexity,27,26,2,1,3
Complexity,28,26,2,1,3
Complexity,29,26,2,2,4
Complexity,30,26,3,2,4
Complexity,31,26,3,2,4
Complexity,32,26,3,2,5
Complexity,33,26,3,2,5
Complexity,34,26,3,2,5
Complexity,35,26,4,3,5
Complexity,36,26,4,3,6
Complexity,37,26,4,3,6
Complexity,38,26,4,3,6
Complexity,39,26,5,3,7
Complexity,40,26,5,4,7
Complexity,41,26,5,4,7
Complexity,42,26,6,4,8
Complexity,43,26,6,4,8
Complexity,44,26,6,4,8
Complexity,45,26,6,5,9
Complexity,46,26,7,5,9
Complexity,47,26,7,5,10
Complexity,48,26,7,6,10
Complexity,49,26,8,6,10
Complexity,50,26,8,6,11
Complexity,51,26,9,6,11
Complexity,52,26,9,7,12
Complexity,53,26,9,7,12
Complexity,54,26,10,7,13
Complexity,55,26,10,8,13
Complexity,56,26,11,8,14
Complexity,57,26,11,8,14
Complexity,58,26,11,9,15
Complexity,59,26,12,9,15
Complexity,60,26,12,10,15
Complexity,61,26,13,10,16
Complexity,62,26,13,10,16
Complexity,63,26,14,11,17
Complexity,64,26,14,11,17
Complexity,65,26,15,12,18
Complexity,66,26,15,12,19
Complexity,67,26,16,13,19
Complexity,68,26,16,13,20
Complexity,69,26,17,14,20
Complexity,70,26,17,14,21
Complexity,71,26,18,15,21
Complexity,72,26,19,15,22
Complexity,73,26,19,16,22
Complexity,74,26,20,16,23
Complexity,75,26,20,17,23
Complexity,76,26,21,17,24
Complexity,77,26,22,18,25
Complexity,78,26,22,19,25
Complexity,79,26,23,19,26
Complexity,80,26,23,20,26
Complexity,81,26,24,21,27
Complexity,82,26,25,21,27
Complexity,83,26,25,22,28
Complexity,84,26,26,23,29
Complexity,85,26,27,23,29
Complexity,86,26,27,24,30
Complexity,87,26,28,25,30
Complexity,88,26,29,26,31
Complexity,89,26,29,26,31
Complexity,90,26,30,27,32
Complexity,91,26,31,28,33
Complexity,92,26,32,29,33
Complexity,93,26,32,30,34
Complexity,94,26,33,31,34
Complexity,95,26,34,32,35
Complexity,96,26,34,33,35
Complexity,97,26,35,34,36
Complexity,98,26,36,35,36
Complexity,99,26,36,36,37
Complexity,0,27,0,0,0
Complexity,1,27,0,0,0
Complexity,2,27,0,0,0
Complexity,3,27,0,0,0
Complexity,4,27,0,0,0
Complexity,5,27,0,0,0
Complexity,6,27,0,0,0
Complexity,7,27,0,0,0
Complexity,8,27,0,0,0
Complexity,9,27,0,0,1
Complexity,10,27,0,0,1
Complexity,11,27,0,0,1
Complexity,12,27,1,0,1
Complexity,13,27,1,0,1
Complexity,14,27,1,0,1
Complexity,15,27,1,0,2
Complexity,16,27,1,1,2
Complexity,17,27,1,1,2
Complexity,18,27,1,1,2
Complexity,19,27,1,1,2
Complexity,20,27,2,1,3
Complexity,21,27,2,1,3
Complexity,22,27,2,1,3
Complexity,23,27,2,1,4
Complexity,24,27,2,1,4
Complexity,25,27,2,2,4
Complexity,26,27,3,2,4
Complexity,27,27,3,2,5
Complexity,28,27,3,2,5
Complexity,29,27,3,2,5
Complexity,30,27,4,2,6
Complexity,31,27,4,3,6
Complexity,32,27,4,3,6
Complexity,33,27,4,3,7
Complexity,34,27,5,3,7
Complexity,35,27,5,4,8
Complexity,36,27,5,4,8
Complexity,37,27,6,4,8
Complexity,38,27,6,4,9
Complexity,39,27,6,4,9
Complexity,40,27,7,5,10
Complexity,41,27,7,5,10
Complexity,42,27,7,5,10
Complexity,43,27,8,6,11
Complexity,44,27,8,6,11
Complexity,45,27,9,6,12
Complexity,46,27,9,7,12
Complexity,47,27,9,7,13
Complexity,48,27,10,7,13
Complexity,49,27,10,8,14
Complexity,50,27,11,8,14
Complexity,51,27,11,8,15
Complexity,52,27,12,9,15
Complexity,53,27,12,9,16
Complexity,54,27,12,9,16
Complexity,55,27,13,10,17
Complexity,56,27,13,10,17
Complexity,57,27,14,11,18
Complexity,58,27,14,11,18
Complexity,59,27,15,12,19
Complexity,60,27,15,12,19
Complexity,61,27,16,13,20
Complexity,62,27,16,13,20
Complexity,63,27,17,13,21
Complexity,64,27,18,14,21
Complexity,65,27,18,14,22
Complexity,66,27,19,15,22
Complexity,67,27,19,16,23
Complexity,68,27,20,16,23
Complexity,69,27,20,17,24
Complexity,70,27,21,17,24
Complexity,71,27,21,18,25
Complexity,72,27,22,18,25
Complexity,73,27,23,19,26
Complexity,74,27,23,19,26
Complexity,75,27,24,20,27
Complexity,76,27,24,21,28
Complexity,77,27,25,21,28
Complexity,78,27,25,22,29
Complexity,79,27,26,22,29
Complexity,80,27,27,23,30
Complexity,81,27,27,24,30
Complexity,82,27,28,24,31
Complexity,83,27,28,25,31
Complexity,84,27,29,26,31
Complexity,85,27,30,26,32
Complexity,86,27,30,27,32
Complexity,87,27,31,28,33
Complexity,88,27,31,28,33
Complexity,89,27,32,29,34
Complexity,90,27,32,30,34
Complexity,91,27,33,31,34
Complexity,92,27,34,31,35
Complexity,93,27,34,32,35
Complexity,94,27,35,33,36
Complexity,95,27,35,33,36
Complexity,96,27,36,34,36
Complexity,97,27,36,35,36
Complexity,98,27,36,36,37
Complexity,99,27,37,36,37
Complexity,0,28,0,0,0
Complexity,1,28,0,0,0
Complexity,2,28,0,0,0
Complexity,3,28,0,0,0
Complexity,4,28,0,0,0
Complexity,5,28,0,0,0
Complexity,6,28,0,0,0
Complexity,7,28,0,0,1
Complexity,8,28,0,0,1
Complexity,9,28,0,0,1
Complexity,10,28,1,0,1
Complexity,11,28,1,0,1
Complexity,12,28,1,0,2
Complexity,13,28,1,1,2
Complexity,14,28,1,1,2
Complexity,15,28,1,1,2
Complexity,16,28,1,1,3
Complexity,17,28,2,1,3
Complexity,18,28,2,1,3
Complexity,19,28,2,1,4
Complexity,20,28,2,1,4
Complexity,21,28,3,2,4
Complexity,22,28,3,2,5
Complexity,23,28,3,2,5
Complexity,24,28,3,2,5
Complexity,25,28,4,2,6
Complexity,26,28,4,2,6
Complexity,27,28,4,3,7
Complexity,28,28,4,3,7
Complexity,29,28,5,3,8
Complexity,30,28,5,3,8
Complexity,31,28,5,4,8
Complexity,32,28,6,4,9
Complexity,33,28,6,4,9
Complexity,34,28,7,4,10
Complexity,35,28,7,5,10
Complexity,36,28,7,5,11
Complexity,37,28,8,5,11
Complexity,38,28,8,6,12
Complexity,39,28,9,6,12
Complexity,40,28,9,6,13
Complexity,41,28,9,7,13
Complexity,42,28,10,7,14
Complexity,43,28,10,7,14
Complexity,44,28,11,8,15
Complexity,45,28,11,8,15
Complexity,46,28,12,9,16
Complexity,47,28,12,9,16
Complexity,48,28,13,9,17
Complexity,49,28,13,10,17
Complexity,50,28,14,10,18
Complexity,51,28,14,11,18
Complexity,52,28,15,11,19
Complexity,53,28,15,12,19
Complexity,54,28,16,12,20
Complexity,55,28,16,12,20
Complexity,56,28,17,13,21
Complexity,57,28,17,13,21
Complexity,58,28,18,14,22
Complexity,59,28,18,14,22
Complexity,60,28,19,15,23
Complexity,61,28,19,15,24
Complexity,62,28,20,16,24
Complexity,63,28,21,16,25
Complexity,64,28,21,17,25
Complexity,65,28,22,18,26
Complexity,66,28,22,18,26
Complexity,67,28,23,19,27
Complexity,68,28,23,19,27
Complexity,69,28,24,20,27
Complexity,70,28,24,20,28
Complexity,71,28,25,21,28
Complexity,72,28,25,22,29
Complexity,73,28,26,22,29
Complexity,74,28,27,23,30
Complexity,75,28,27,23,30
Complexity,76,28,28,24,31
Complexity,77,28,28,24,31
Complexity,78,28,29,25,31
Complexity,79,28,29,26,32
Complexity,80,28,30,26,32
Complexity,81,28,30,27,33
Complexity,82,28,31,27,33
Complexity,83,28,31,28,33
Complexity,84,28,32,29,34
Complexity,85,28,32,29,34
Complexity,86,28,33,30,34
Complexity,87,28,33,30,35
Complexity,88,28,33,31,35
Complexity,89,28,34,32,35
Complexity,90,28,34,32,35
Complexity,91,28,35,33,36
Complexity,92,28,35,33,36
Complexity,93,28,35,34,36
Complexity,94,28,36,34,36
Complexity,95,28,36,35,37
Complexity,96,28,36,35,37
Complexity,97,28,37,36,37
Complexity,98,28,37,36,37
Complexity,99,28,37,37,37
Complexity,0,29,0,0,0
Complexity,1,29,0,0,0
Complexity,2,29,0,0,0
Complexity,3,29,0,0,0
Complexity,4,29,0,0,0
Complexity,5,29,0,0,1
Complexity,6,29,0,0,1
Complexity,7,29,0,0,1
Complexity,8,29,1,0,1
Complexity,9,29,1,0,2
Complexity,10,29,1,0,2
Complexity,11,29,1,1,2
Complexity,12,29,1,1,3
Complexity,13,29,1,1,3
Complexity,14,29,2,1,3
Complexity,15,29,2,1,4
Complexity,16,29,2,1,4
Complexity,17,29,2,1,4
Complexity,18,29,3,2,5
Complexity,19,29,3,2,5
Complexity,20,29,3,2,6
Complexity,21,29,4,2,6
Complexity,22,29,4,2,7
Complexity,23,29,4,3,7
Complexity,24,29,5,3,8
Complexity,25,29,5,3,8
Complexity,26,29,5,3,9
Complexity,27,29,6,4,9
Complexity,28,29,6,4,10
Complexity,29,29,7,4,10
Complexity,30,29,7,5,11
Complexity,31,29,7,5,11
Complexity,32,29,8,5,12
Complexity,33,29,8,6,12
Complexity,34,29,9,6,13
Complexity,35,29,9,6,13
Complexity,36,29,10,7,14
Complexity,37,29,10,7,15
Complexity,38,29,11,7,15
Complexity,39,29,11,8,16
Complexity,40,29,12,8,16
Complexity,41,29,12,9,17
Complexity,42,29,13,9,17
Complexity,43,29,13,10,18
Complexity,44,29,14,10,18
Complexity,45,29,14,10,19
Complexity,46,29,15,11,20
Complexity,47,29,15,11,20
Complexity,48,29,16,12,21
Complexity,49,29,16,12,21
Complexity,50,29,17,13,22
Complexity,51,29,18,13,22
Complexity,52,29,18,14,23
Complexity,53,29,19,14,23
Complexity,54,29,19,15,24
Complexity,55,29,20,15,24
Complexity,56,29,20,16,25
Complexity,57,29,21,17,25
Complexity,58,29,21,17,26
Complexity,59,29,22,18,26
Complexity,60,29,23,18,27
Complexity,61,29,23,19,27
Complexity,62,29,24,19,28
Complexity,63,29,24,20,28
Complexity,64,29,25,20,29
Complexity,65,29,25,21,29
Complexity,66,29,26,22,29
Complexity,67,29,26,22,30
Complexity,68,29,27,23,30
Complexity,69,29,27,23,31
Complexity,70,29,28,24,31
Complexity,71,29,28,24,31
Complexity,72,29,29,25,32
Complexity,73,29,29,25,32
Complexity,74,29,30,26,33
Complexity,75,29,30,27,33
Complexity,76,29,31,27,33
Complexity,77,29,31,28,33
Complexity,78,29,31,28,34
Complexity,79,29,32,29,34
Complexity,80,29,32,29,34
Complexity,81,29,33,30,35
Complexity,82,29,33,30,35
Complexity,83,29,33,31,35
Complexity,84,29,34,31,35
Complexity,85,29,34,32,36
Complexity,86,29,34,32,36
Complexity,87,29,35,33,36
Complexity,88,29,35,33,36
Complexity,89,29,35,34,36
Complexity,90,29,36,34,36
Complexity,91,29,36,35,36
Complexity,92,29,36,35,37
Complexity,93,29,36,35,37
Complexity,94,29,36,36,37
Complexity,95,29,37,36,37
Complexity,96,29,37,36,37
Complexity,97,29,37,37,37
Complexity,98,29,37,37,37
Complexity,99,29,37,37,37
Complexity,0,30,0,0,0
Complexity,1,30,0,0,0
Complexity,2,30,0,0,0
Complexity,3,30,0,0,0
Complexity,4,30,0,0,1
Complexity,5,30,0,0,1
Complexity,6,30,1,0,1
Complexity,7,30,1,0,2
Complexity,8,30,1,0,2
Complexity,9,30,1,1,2
Complexity,10,30,1,1,3
Complexity,11,30,2,1,3
Complexity,12,30,2,1,4
Complexity,13,30,2,1,4
Complexity,14,30,2,1,5
Complexity,15,30,3,2,5
Complexity,16,30,3,2,6
Complexity,17,30,3,2,6
Complexity,18,30,4,2,7
Complexity,19,30,4,2,7
Complexity,20,30,5,3,8
Complexity,21,30,5,3,8
Complexity,22,30,5,3,9
Complexity,23,30,6,4,10
Complexity,24,30,6,4,10
Complexity,25,30,7,4,11
Complexity,26,30,7,5,11
Complexity,27,30,8,5,12
Complexity,28,30,8,5,13
Complexity,29,30,9,6,13
Complexity,30,30,9,6,14
Complexity,31,30,10,7,15
Complexity,32,30,10,7,15
Complexity,33,30,11,7,16
Complexity,34,30,11,8,16
Complexity,35,30,12,8,17
Complexity,36,30,13,9,18
Complexity,37,30,13,9,18
Complexity,38,30,14,10,19
Complexity,39,30,14,10,19
Complexity,40,30,15,11,20
Complexity,41,30,15,11,21
Complexity,42,30,16,12,21
Complexity,43,30,17,12,22
Complexity,44,30,17,13,22
Complexity,45,30,18,13,23
Complexity,46,30,18,14,23
Complexity,47,30,19,14,24
Complexity,48,30,20,15,25
Complexity,49,30,20,15,25
Complexity,50,30,21,16,26
Complexity,51,30,21,17,26
Complexity,52,30,22,17,27
Complexity,53,30,22,18,27
Complexity,54,30,23,18,28
Complexity,55,30,24,19,28
Complexity,56,30,24,19,29
Complexity,57,30,25,20,29
Complexity,58,30,25,21,29
Complexity,59,30,26,21,30
Complexity,60,30,26,22,30
Complexity,61,30,27,22,31
Complexity,62,30,27,23,31
Complexity,63,30,28,23,31
Complexity,64,30,28,24,32
Complexity,65,30,29,25,32
Complexity,66,30,29,25,32
Complexity,67,30,30,26,33
Complexity,68,30,30,26,33
Complexity,69,30,30,27,33
Complexity,70,30,31,27,34
Complexity,71,30,31,28,34
Complexity,72,30,32,28,34
Complexity,73,30,32,29,34
Complexity,74,30,32,29,35
Complexity,75,30,33,30,35
Complexity,76,30,33,30,35
Complexity,77,30,33,31,35
Complexity,78,30,34,31,35
Complexity,79,30,34,32,36
Complexity,80,30,34,32,36
Complexity,81,30,35,32,36
Complexity,82,30,35,33,36
Complexity,83,30,35,33,36
Complexity,84,30,35,34,36
Complexity,85,30,36,34,36
Complexity,86,30,36,34,36
Complexity,87,30,36,35,37
Complexity,88,30,36,35,37
Complexity,89,30,36,35,37
Complexity,90,30,36,36,37
Complexity,91,30,37,36,37
Complexity,92,30,37,36,37
Complexity,93,30,37,36,37
Complexity,94,30,37,36,37
Complexity,95,30,37,37,37
Complexity,96,30,37,37,37
Complexity,97,30,37,37,37
Complexity,98,30,37,37,37
Complexity,99,30,37,37,37
Combining,999,16,0,22,35
Combining,999,17,0,33,50
Combining,999,18,0,44,66
Combining,999,19,0,54,78
Combining,999,20,0,68,70
Combining,999,21,0,73,73
Combining,999,22,0,73,86
Combining,999,23,0,96,85
Combining,999,24,0,86,86
Combining,999,25,0,88,98
Combining,999,26,0,89,96
Combining,999,27,0,92,96
Combining,999,28,0,95,98
Combining,999,29,0,100,97
Combining,999,30,0,100,100