title,percentile,age,raw_score,raw_score_boy,raw_score_girl
Primeras frases,0,8,9999,0,0
Palabras que dice,0,8,0,0,0
Palabras que dice,1,8,0,0,0
Palabras que dice,2,8,0,0,0
Palabras que dice,3,8,0,0,0
Palabras que dice,4,8,0,0,0
Palabras que dice,5,8,0,0,0
Palabras que dice,6,8,0,0,0
Palabras que dice,7,8,0,0,0
Palabras que dice,8,8,0,0,0
Palabras que dice,9,8,0,0,0
Palabras que dice,10,8,0,0,0
Palabras que dice,11,8,0,0,0
Palabras que dice,12,8,0,0,0
Palabras que dice,13,8,0,0,0
Palabras que dice,14,8,0,0,0
Palabras que dice,15,8,0,0,0
Palabras que dice,16,8,0,0,0
Palabras que dice,17,8,0,0,0
Palabras que dice,18,8,0,0,0
Palabras que dice,19,8,0,0,0
Palabras que dice,20,8,0,0,0
Palabras que dice,21,8,0,0,0
Palabras que dice,22,8,0,0,0
Palabras que dice,23,8,0,0,0
Palabras que dice,24,8,0,0,0
Palabras que dice,25,8,0,0,1
Palabras que dice,26,8,1,1,1
Palabras que dice,27,8,1,1,1
Palabras que dice,28,8,1,1,1
Palabras que dice,29,8,1,1,1
Palabras que dice,30,8,1,1,1
Palabras que dice,31,8,1,1,1
Palabras que dice,32,8,1,1,1
Palabras que dice,33,8,1,1,1
Palabras que dice,34,8,1,1,1
Palabras que dice,35,8,1,1,1
Palabras que dice,36,8,1,1,1
Palabras que dice,37,8,1,1,1
Palabras que dice,38,8,1,1,1
Palabras que dice,39,8,1,1,1
Palabras que dice,40,8,1,1,1
Palabras que dice,41,8,1,1,1
Palabras que dice,42,8,1,1,1
Palabras que dice,43,8,1,1,1
Palabras que dice,44,8,1,1,1
Palabras que dice,45,8,1,1,2
Palabras que dice,46,8,1,1,2
Palabras que dice,47,8,1,1,2
Palabras que dice,48,8,1,1,2
Palabras que dice,49,8,2,1,2
Palabras que dice,50,8,2,1,2
Palabras que dice,51,8,2,1,2
Palabras que dice,52,8,2,1,2
Palabras que dice,53,8,2,2,2
Palabras que dice,54,8,2,2,2
Palabras que dice,55,8,2,2,2
Palabras que dice,56,8,2,2,2
Palabras que dice,57,8,2,2,2
Palabras que dice,58,8,2,2,3
Palabras que dice,59,8,2,2,3
Palabras que dice,60,8,2,2,3
Palabras que dice,61,8,2,2,3
Palabras que dice,62,8,2,2,3
Palabras que dice,63,8,3,2,3
Palabras que dice,64,8,3,2,3
Palabras que dice,65,8,3,2,3
Palabras que dice,66,8,3,2,3
Palabras que dice,67,8,3,2,4
Palabras que dice,68,8,3,2,4
Palabras que dice,69,8,3,3,4
Palabras que dice,70,8,3,3,4
Palabras que dice,71,8,3,3,4
Palabras que dice,72,8,4,3,4
Palabras que dice,73,8,4,3,4
Palabras que dice,74,8,4,3,5
Palabras que dice,75,8,4,3,5
Palabras que dice,76,8,4,3,5
Palabras que dice,77,8,4,3,5
Palabras que dice,78,8,4,3,5
Palabras que dice,79,8,5,4,6
Palabras que dice,80,8,5,4,6
Palabras que dice,81,8,5,4,6
Palabras que dice,82,8,5,4,6
Palabras que dice,83,8,5,4,7
Palabras que dice,84,8,6,4,7
Palabras que dice,85,8,6,4,7
Palabras que dice,86,8,6,5,8
Palabras que dice,87,8,6,5,8
Palabras que dice,88,8,7,5,8
Palabras que dice,89,8,7,5,9
Palabras que dice,90,8,7,5,9
Palabras que dice,91,8,8,6,10
Palabras que dice,92,8,8,6,10
Palabras que dice,93,8,9,6,11
Palabras que dice,94,8,9,7,12
Palabras que dice,95,8,10,7,13
Palabras que dice,96,8,11,8,14
Palabras que dice,97,8,12,9,15
Palabras que dice,98,8,13,10,18
Palabras que dice,99,8,16,12,21
Palabras que dice,0,9,0,0,0
Palabras que dice,1,9,0,0,0
Palabras que dice,2,9,0,0,0
Palabras que dice,3,9,0,0,0
Palabras que dice,4,9,0,0,0
Palabras que dice,5,9,0,0,0
Palabras que dice,6,9,0,0,0
Palabras que dice,7,9,0,0,0
Palabras que dice,8,9,0,0,0
Palabras que dice,9,9,0,0,0
Palabras que dice,10,9,0,0,0
Palabras que dice,11,9,0,0,0
Palabras que dice,12,9,0,0,0
Palabras que dice,13,9,0,0,0
Palabras que dice,14,9,0,0,0
Palabras que dice,15,9,0,0,0
Palabras que dice,16,9,0,0,0
Palabras que dice,17,9,0,0,0
Palabras que dice,18,9,0,0,0
Palabras que dice,19,9,0,0,0
Palabras que dice,20,9,0,0,0
Palabras que dice,21,9,0,0,1
Palabras que dice,22,9,1,1,1
Palabras que dice,23,9,1,1,1
Palabras que dice,24,9,1,1,1
Palabras que dice,25,9,1,1,1
Palabras que dice,26,9,1,1,1
Palabras que dice,27,9,1,1,1
Palabras que dice,28,9,1,1,1
Palabras que dice,29,9,1,1,1
Palabras que dice,30,9,1,1,1
Palabras que dice,31,9,1,1,1
Palabras que dice,32,9,1,1,1
Palabras que dice,33,9,1,1,1
Palabras que dice,34,9,1,1,1
Palabras que dice,35,9,1,1,1
Palabras que dice,36,9,1,1,1
Palabras que dice,37,9,1,1,1
Palabras que dice,38,9,1,1,1
Palabras que dice,39,9,1,1,2
Palabras que dice,40,9,1,1,2
Palabras que dice,41,9,2,1,2
Palabras que dice,42,9,2,1,2
Palabras que dice,43,9,2,1,2
Palabras que dice,44,9,2,2,2
Palabras que dice,45,9,2,2,2
Palabras que dice,46,9,2,2,2
Palabras que dice,47,9,2,2,2
Palabras que dice,48,9,2,2,2
Palabras que dice,49,9,2,2,2
Palabras que dice,50,9,2,2,3
Palabras que dice,51,9,2,2,3
Palabras que dice,52,9,2,2,3
Palabras que dice,53,9,3,2,3
Palabras que dice,54,9,3,2,3
Palabras que dice,55,9,3,2,3
Palabras que dice,56,9,3,2,3
Palabras que dice,57,9,3,2,3
Palabras que dice,58,9,3,3,4
Palabras que dice,59,9,3,3,4
Palabras que dice,60,9,3,3,4
Palabras que dice,61,9,3,3,4
Palabras que dice,62,9,3,3,4
Palabras que dice,63,9,4,3,4
Palabras que dice,64,9,4,3,4
Palabras que dice,65,9,4,3,5
Palabras que dice,66,9,4,3,5
Palabras que dice,67,9,4,3,5
Palabras que dice,68,9,4,4,5
Palabras que dice,69,9,4,4,5
Palabras que dice,70,9,5,4,5
Palabras que dice,71,9,5,4,6
Palabras que dice,72,9,5,4,6
Palabras que dice,73,9,5,4,6
Palabras que dice,74,9,5,4,6
Palabras que dice,75,9,5,4,7
Palabras que dice,76,9,6,5,7
Palabras que dice,77,9,6,5,7
Palabras que dice,78,9,6,5,7
Palabras que dice,79,9,6,5,8
Palabras que dice,80,9,7,5,8
Palabras que dice,81,9,7,5,8
Palabras que dice,82,9,7,6,9
Palabras que dice,83,9,7,6,9
Palabras que dice,84,9,8,6,9
Palabras que dice,85,9,8,6,10
Palabras que dice,86,9,8,7,10
Palabras que dice,87,9,9,7,11
Palabras que dice,88,9,9,7,11
Palabras que dice,89,9,10,8,12
Palabras que dice,90,9,10,8,13
Palabras que dice,91,9,11,8,13
Palabras que dice,92,9,11,9,14
Palabras que dice,93,9,12,9,15
Palabras que dice,94,9,13,10,16
Palabras que dice,95,9,14,11,17
Palabras que dice,96,9,15,12,19
Palabras que dice,97,9,17,13,21
Palabras que dice,98,9,19,14,24
Palabras que dice,99,9,23,17,29
Palabras que dice,0,10,0,0,0
Palabras que dice,1,10,0,0,0
Palabras que dice,2,10,0,0,0
Palabras que dice,3,10,0,0,0
Palabras que dice,4,10,0,0,0
Palabras que dice,5,10,0,0,0
Palabras que dice,6,10,0,0,0
Palabras que dice,7,10,0,0,0
Palabras que dice,8,10,0,0,0
Palabras que dice,9,10,0,0,0
Palabras que dice,10,10,0,0,0
Palabras que dice,11,10,0,0,0
Palabras que dice,12,10,0,0,0
Palabras que dice,13,10,0,0,0
Palabras que dice,14,10,0,0,0
Palabras que dice,15,10,0,0,0
Palabras que dice,16,10,0,0,0
Palabras que dice,17,10,0,0,1
Palabras que dice,18,10,1,1,1
Palabras que dice,19,10,1,1,1
Palabras que dice,20,10,1,1,1
Palabras que dice,21,10,1,1,1
Palabras que dice,22,10,1,1,1
Palabras que dice,23,10,1,1,1
Palabras que dice,24,10,1,1,1
Palabras que dice,25,10,1,1,1
Palabras que dice,26,10,1,1,1
Palabras que dice,27,10,1,1,1
Palabras que dice,28,10,1,1,1
Palabras que dice,29,10,1,1,1
Palabras que dice,30,10,1,1,1
Palabras que dice,31,10,1,1,1
Palabras que dice,32,10,1,1,2
Palabras que dice,33,10,1,1,2
Palabras que dice,34,10,2,1,2
Palabras que dice,35,10,2,1,2
Palabras que dice,36,10,2,2,2
Palabras que dice,37,10,2,2,2
Palabras que dice,38,10,2,2,2
Palabras que dice,39,10,2,2,2
Palabras que dice,40,10,2,2,2
Palabras que dice,41,10,2,2,2
Palabras que dice,42,10,2,2,3
Palabras que dice,43,10,2,2,3
Palabras que dice,44,10,2,2,3
Palabras que dice,45,10,3,2,3
Palabras que dice,46,10,3,2,3
Palabras que dice,47,10,3,2,3
Palabras que dice,48,10,3,2,3
Palabras que dice,49,10,3,3,3
Palabras que dice,50,10,3,3,4
Palabras que dice,51,10,3,3,4
Palabras que dice,52,10,3,3,4
Palabras que dice,53,10,3,3,4
Palabras que dice,54,10,4,3,4
Palabras que dice,55,10,4,3,4
Palabras que dice,56,10,4,3,4
Palabras que dice,57,10,4,3,5
Palabras que dice,58,10,4,4,5
Palabras que dice,59,10,4,4,5
Palabras que dice,60,10,4,4,5
Palabras que dice,61,10,5,4,5
Palabras que dice,62,10,5,4,6
Palabras que dice,63,10,5,4,6
Palabras que dice,64,10,5,4,6
Palabras que dice,65,10,5,5,6
Palabras que dice,66,10,6,5,6
Palabras que dice,67,10,6,5,7
Palabras que dice,68,10,6,5,7
Palabras que dice,69,10,6,5,7
Palabras que dice,70,10,6,5,7
Palabras que dice,71,10,7,6,8
Palabras que dice,72,10,7,6,8
Palabras que dice,73,10,7,6,8
Palabras que dice,74,10,7,6,9
Palabras que dice,75,10,8,6,9
Palabras que dice,76,10,8,7,9
Palabras que dice,77,10,8,7,10
Palabras que dice,78,10,9,7,10
Palabras que dice,79,10,9,7,10
Palabras que dice,80,10,9,8,11
Palabras que dice,81,10,10,8,11
Palabras que dice,82,10,10,8,12
Palabras que dice,83,10,10,9,12
Palabras que dice,84,10,11,9,13
Palabras que dice,85,10,11,9,13
Palabras que dice,86,10,12,10,14
Palabras que dice,87,10,12,10,15
Palabras que dice,88,10,13,11,15
Palabras que dice,89,10,14,11,16
Palabras que dice,90,10,14,12,17
Palabras que dice,91,10,15,12,18
Palabras que dice,92,10,16,13,19
Palabras que dice,93,10,17,14,20
Palabras que dice,94,10,18,15,22
Palabras que dice,95,10,20,16,23
Palabras que dice,96,10,21,17,25
Palabras que dice,97,10,23,19,28
Palabras que dice,98,10,27,21,32
Palabras que dice,99,10,32,25,38
Palabras que dice,0,11,0,0,0
Palabras que dice,1,11,0,0,0
Palabras que dice,2,11,0,0,0
Palabras que dice,3,11,0,0,0
Palabras que dice,4,11,0,0,0
Palabras que dice,5,11,0,0,0
Palabras que dice,6,11,0,0,0
Palabras que dice,7,11,0,0,0
Palabras que dice,8,11,0,0,0
Palabras que dice,9,11,0,0,0
Palabras que dice,10,11,0,0,0
Palabras que dice,11,11,0,0,0
Palabras que dice,12,11,0,0,0
Palabras que dice,13,11,0,0,0
Palabras que dice,14,11,0,0,1
Palabras que dice,15,11,1,0,1
Palabras que dice,16,11,1,1,1
Palabras que dice,17,11,1,1,1
Palabras que dice,18,11,1,1,1
Palabras que dice,19,11,1,1,1
Palabras que dice,20,11,1,1,1
Palabras que dice,21,11,1,1,1
Palabras que dice,22,11,1,1,1
Palabras que dice,23,11,1,1,1
Palabras que dice,24,11,1,1,1
Palabras que dice,25,11,1,1,1
Palabras que dice,26,11,1,1,1
Palabras que dice,27,11,1,1,2
Palabras que dice,28,11,1,1,2
Palabras que dice,29,11,2,1,2
Palabras que dice,30,11,2,2,2
Palabras que dice,31,11,2,2,2
Palabras que dice,32,11,2,2,2
Palabras que dice,33,11,2,2,2
Palabras que dice,34,11,2,2,2
Palabras que dice,35,11,2,2,2
Palabras que dice,36,11,2,2,3
Palabras que dice,37,11,2,2,3
Palabras que dice,38,11,3,2,3
Palabras que dice,39,11,3,2,3
Palabras que dice,40,11,3,2,3
Palabras que dice,41,11,3,3,3
Palabras que dice,42,11,3,3,3
Palabras que dice,43,11,3,3,4
Palabras que dice,44,11,3,3,4
Palabras que dice,45,11,4,3,4
Palabras que dice,46,11,4,3,4
Palabras que dice,47,11,4,3,4
Palabras que dice,48,11,4,3,4
Palabras que dice,49,11,4,4,5
Palabras que dice,50,11,4,4,5
Palabras que dice,51,11,4,4,5
Palabras que dice,52,11,5,4,5
Palabras que dice,53,11,5,4,5
Palabras que dice,54,11,5,4,6
Palabras que dice,55,11,5,4,6
Palabras que dice,56,11,5,5,6
Palabras que dice,57,11,6,5,6
Palabras que dice,58,11,6,5,7
Palabras que dice,59,11,6,5,7
Palabras que dice,60,11,6,5,7
Palabras que dice,61,11,6,6,7
Palabras que dice,62,11,7,6,8
Palabras que dice,63,11,7,6,8
Palabras que dice,64,11,7,6,8
Palabras que dice,65,11,7,6,9
Palabras que dice,66,11,8,7,9
Palabras que dice,67,11,8,7,9
Palabras que dice,68,11,8,7,10
Palabras que dice,69,11,9,7,10
Palabras que dice,70,11,9,8,10
Palabras que dice,71,11,9,8,11
Palabras que dice,72,11,10,8,11
Palabras que dice,73,11,10,8,11
Palabras que dice,74,11,10,9,12
Palabras que dice,75,11,11,9,12
Palabras que dice,76,11,11,9,13
Palabras que dice,77,11,12,10,13
Palabras que dice,78,11,12,10,14
Palabras que dice,79,11,12,11,14
Palabras que dice,80,11,13,11,15
Palabras que dice,81,11,13,11,15
Palabras que dice,82,11,14,12,16
Palabras que dice,83,11,15,12,17
Palabras que dice,84,11,15,13,17
Palabras que dice,85,11,16,13,18
Palabras que dice,86,11,17,14,19
Palabras que dice,87,11,17,15,20
Palabras que dice,88,11,18,15,21
Palabras que dice,89,11,19,16,22
Palabras que dice,90,11,20,17,23
Palabras que dice,91,11,21,18,24
Palabras que dice,92,11,22,19,26
Palabras que dice,93,11,24,20,27
Palabras que dice,94,11,25,21,29
Palabras que dice,95,11,27,23,31
Palabras que dice,96,11,30,25,34
Palabras que dice,97,11,33,27,38
Palabras que dice,98,11,37,31,42
Palabras que dice,99,11,44,37,51
Palabras que dice,0,12,0,0,0
Palabras que dice,1,12,0,0,0
Palabras que dice,2,12,0,0,0
Palabras que dice,3,12,0,0,0
Palabras que dice,4,12,0,0,0
Palabras que dice,5,12,0,0,0
Palabras que dice,6,12,0,0,0
Palabras que dice,7,12,0,0,0
Palabras que dice,8,12,0,0,0
Palabras que dice,9,12,0,0,0
Palabras que dice,10,12,0,0,0
Palabras que dice,11,12,0,0,1
Palabras que dice,12,12,1,0,1
Palabras que dice,13,12,1,1,1
Palabras que dice,14,12,1,1,1
Palabras que dice,15,12,1,1,1
Palabras que dice,16,12,1,1,1
Palabras que dice,17,12,1,1,1
Palabras que dice,18,12,1,1,1
Palabras que dice,19,12,1,1,1
Palabras que dice,20,12,1,1,1
Palabras que dice,21,12,1,1,1
Palabras que dice,22,12,1,1,2
Palabras que dice,23,12,1,1,2
Palabras que dice,24,12,2,1,2
Palabras que dice,25,12,2,1,2
Palabras que dice,26,12,2,2,2
Palabras que dice,27,12,2,2,2
Palabras que dice,28,12,2,2,2
Palabras que dice,29,12,2,2,3
Palabras que dice,30,12,2,2,3
Palabras que dice,31,12,2,2,3
Palabras que dice,32,12,3,2,3
Palabras que dice,33,12,3,2,3
Palabras que dice,34,12,3,3,3
Palabras que dice,35,12,3,3,3
Palabras que dice,36,12,3,3,4
Palabras que dice,37,12,3,3,4
Palabras que dice,38,12,4,3,4
Palabras que dice,39,12,4,3,4
Palabras que dice,40,12,4,3,4
Palabras que dice,41,12,4,4,5
Palabras que dice,42,12,4,4,5
Palabras que dice,43,12,4,4,5
Palabras que dice,44,12,5,4,5
Palabras que dice,45,12,5,4,5
Palabras que dice,46,12,5,4,6
Palabras que dice,47,12,5,5,6
Palabras que dice,48,12,6,5,6
Palabras que dice,49,12,6,5,6
Palabras que dice,50,12,6,5,7
Palabras que dice,51,12,6,5,7
Palabras que dice,52,12,6,6,7
Palabras que dice,53,12,7,6,8
Palabras que dice,54,12,7,6,8
Palabras que dice,55,12,7,6,8
Palabras que dice,56,12,7,7,8
Palabras que dice,57,12,8,7,9
Palabras que dice,58,12,8,7,9
Palabras que dice,59,12,8,7,9
Palabras que dice,60,12,9,8,10
Palabras que dice,61,12,9,8,10
Palabras que dice,62,12,9,8,10
Palabras que dice,63,12,10,8,11
Palabras que dice,64,12,10,9,11
Palabras que dice,65,12,10,9,12
Palabras que dice,66,12,11,9,12
Palabras que dice,67,12,11,10,13
Palabras que dice,68,12,12,10,13
Palabras que dice,69,12,12,10,13
Palabras que dice,70,12,12,11,14
Palabras que dice,71,12,13,11,14
Palabras que dice,72,12,13,12,15
Palabras que dice,73,12,14,12,15
Palabras que dice,74,12,14,12,16
Palabras que dice,75,12,15,13,17
Palabras que dice,76,12,15,13,17
Palabras que dice,77,12,16,14,18
Palabras que dice,78,12,17,14,19
Palabras que dice,79,12,17,15,19
Palabras que dice,80,12,18,16,20
Palabras que dice,81,12,19,16,21
Palabras que dice,82,12,19,17,22
Palabras que dice,83,12,20,18,23
Palabras que dice,84,12,21,18,23
Palabras que dice,85,12,22,19,24
Palabras que dice,86,12,23,20,26
Palabras que dice,87,12,24,21,27
Palabras que dice,88,12,25,22,28
Palabras que dice,89,12,26,23,29
Palabras que dice,90,12,28,24,31
Palabras que dice,91,12,29,25,33
Palabras que dice,92,12,31,27,34
Palabras que dice,93,12,33,29,37
Palabras que dice,94,12,35,31,39
Palabras que dice,95,12,38,33,42
Palabras que dice,96,12,41,36,45
Palabras que dice,97,12,45,39,50
Palabras que dice,98,12,51,44,56
Palabras que dice,99,12,61,53,67
Palabras que dice,0,13,0,0,0
Palabras que dice,1,13,0,0,0
Palabras que dice,2,13,0,0,0
Palabras que dice,3,13,0,0,0
Palabras que dice,4,13,0,0,0
Palabras que dice,5,13,0,0,0
Palabras que dice,6,13,0,0,0
Palabras que dice,7,13,0,0,0
Palabras que dice,8,13,0,0,0
Palabras que dice,9,13,0,0,1
Palabras que dice,10,13,1,0,1
Palabras que dice,11,13,1,0,1
Palabras que dice,12,13,1,1,1
Palabras que dice,13,13,1,1,1
Palabras que dice,14,13,1,1,1
Palabras que dice,15,13,1,1,1
Palabras que dice,16,13,1,1,1
Palabras que dice,17,13,1,1,1
Palabras que dice,18,13,1,1,2
Palabras que dice,19,13,1,1,2
Palabras que dice,20,13,2,1,2
Palabras que dice,21,13,2,1,2
Palabras que dice,22,13,2,2,2
Palabras que dice,23,13,2,2,2
Palabras que dice,24,13,2,2,3
Palabras que dice,25,13,2,2,3
Palabras que dice,26,13,3,2,3
Palabras que dice,27,13,3,2,3
Palabras que dice,28,13,3,2,3
Palabras que dice,29,13,3,3,4
Palabras que dice,30,13,3,3,4
Palabras que dice,31,13,3,3,4
Palabras que dice,32,13,4,3,4
Palabras que dice,33,13,4,3,4
Palabras que dice,34,13,4,3,5
Palabras que dice,35,13,4,4,5
Palabras que dice,36,13,4,4,5
Palabras que dice,37,13,5,4,5
Palabras que dice,38,13,5,4,6
Palabras que dice,39,13,5,4,6
Palabras que dice,40,13,5,5,6
Palabras que dice,41,13,6,5,6
Palabras que dice,42,13,6,5,7
Palabras que dice,43,13,6,5,7
Palabras que dice,44,13,6,6,7
Palabras que dice,45,13,7,6,8
Palabras que dice,46,13,7,6,8
Palabras que dice,47,13,7,6,8
Palabras que dice,48,13,8,7,9
Palabras que dice,49,13,8,7,9
Palabras que dice,50,13,8,7,9
Palabras que dice,51,13,9,8,10
Palabras que dice,52,13,9,8,10
Palabras que dice,53,13,9,8,10
Palabras que dice,54,13,10,8,11
Palabras que dice,55,13,10,9,11
Palabras que dice,56,13,10,9,12
Palabras que dice,57,13,11,10,12
Palabras que dice,58,13,11,10,12
Palabras que dice,59,13,12,10,13
Palabras que dice,60,13,12,11,13
Palabras que dice,61,13,12,11,14
Palabras que dice,62,13,13,11,14
Palabras que dice,63,13,13,12,15
Palabras que dice,64,13,14,12,15
Palabras que dice,65,13,14,13,16
Palabras que dice,66,13,15,13,16
Palabras que dice,67,13,15,14,17
Palabras que dice,68,13,16,14,18
Palabras que dice,69,13,17,15,18
Palabras que dice,70,13,17,15,19
Palabras que dice,71,13,18,16,20
Palabras que dice,72,13,19,16,20
Palabras que dice,73,13,19,17,21
Palabras que dice,74,13,20,18,22
Palabras que dice,75,13,21,18,23
Palabras que dice,76,13,21,19,23
Palabras que dice,77,13,22,20,24
Palabras que dice,78,13,23,21,25
Palabras que dice,79,13,24,21,26
Palabras que dice,80,13,25,22,27
Palabras que dice,81,13,26,23,28
Palabras que dice,82,13,27,24,29
Palabras que dice,83,13,28,25,30
Palabras que dice,84,13,29,26,32
Palabras que dice,85,13,30,27,33
Palabras que dice,86,13,32,29,34
Palabras que dice,87,13,33,30,36
Palabras que dice,88,13,35,31,37
Palabras que dice,89,13,36,33,39
Palabras que dice,90,13,38,35,41
Palabras que dice,91,13,40,36,43
Palabras que dice,92,13,43,39,46
Palabras que dice,93,13,45,41,49
Palabras que dice,94,13,48,44,52
Palabras que dice,95,13,52,47,55
Palabras que dice,96,13,56,51,60
Palabras que dice,97,13,62,56,66
Palabras que dice,98,13,70,63,74
Palabras que dice,99,13,83,76,87
Palabras que dice,0,14,0,0,0
Palabras que dice,1,14,0,0,0
Palabras que dice,2,14,0,0,0
Palabras que dice,3,14,0,0,0
Palabras que dice,4,14,0,0,0
Palabras que dice,5,14,0,0,0
Palabras que dice,6,14,0,0,0
Palabras que dice,7,14,0,0,1
Palabras que dice,8,14,0,0,1
Palabras que dice,9,14,1,0,1
Palabras que dice,10,14,1,1,1
Palabras que dice,11,14,1,1,1
Palabras que dice,12,14,1,1,1
Palabras que dice,13,14,1,1,1
Palabras que dice,14,14,1,1,2
Palabras que dice,15,14,1,1,2
Palabras que dice,16,14,2,1,2
Palabras que dice,17,14,2,1,2
Palabras que dice,18,14,2,2,2
Palabras que dice,19,14,2,2,3
Palabras que dice,20,14,2,2,3
Palabras que dice,21,14,2,2,3
Palabras que dice,22,14,3,2,3
Palabras que dice,23,14,3,2,3
Palabras que dice,24,14,3,3,4
Palabras que dice,25,14,3,3,4
Palabras que dice,26,14,4,3,4
Palabras que dice,27,14,4,3,4
Palabras que dice,28,14,4,3,5
Palabras que dice,29,14,4,4,5
Palabras que dice,30,14,4,4,5
Palabras que dice,31,14,5,4,6
Palabras que dice,32,14,5,4,6
Palabras que dice,33,14,5,5,6
Palabras que dice,34,14,6,5,7
Palabras que dice,35,14,6,5,7
Palabras que dice,36,14,6,5,7
Palabras que dice,37,14,7,6,8
Palabras que dice,38,14,7,6,8
Palabras que dice,39,14,7,6,8
Palabras que dice,40,14,8,7,9
Palabras que dice,41,14,8,7,9
Palabras que dice,42,14,8,7,9
Palabras que dice,43,14,9,8,10
Palabras que dice,44,14,9,8,10
Palabras que dice,45,14,9,8,11
Palabras que dice,46,14,10,9,11
Palabras que dice,47,14,10,9,11
Palabras que dice,48,14,11,9,12
Palabras que dice,49,14,11,10,12
Palabras que dice,50,14,11,10,13
Palabras que dice,51,14,12,11,13
Palabras que dice,52,14,12,11,14
Palabras que dice,53,14,13,11,14
Palabras que dice,54,14,13,12,15
Palabras que dice,55,14,14,12,15
Palabras que dice,56,14,14,13,16
Palabras que dice,57,14,15,13,17
Palabras que dice,58,14,16,14,17
Palabras que dice,59,14,16,14,18
Palabras que dice,60,14,17,15,18
Palabras que dice,61,14,17,16,19
Palabras que dice,62,14,18,16,20
Palabras que dice,63,14,19,17,20
Palabras que dice,64,14,19,17,21
Palabras que dice,65,14,20,18,22
Palabras que dice,66,14,21,19,22
Palabras que dice,67,14,21,19,23
Palabras que dice,68,14,22,20,24
Palabras que dice,69,14,23,21,25
Palabras que dice,70,14,24,22,26
Palabras que dice,71,14,25,23,27
Palabras que dice,72,14,26,23,27
Palabras que dice,73,14,26,24,28
Palabras que dice,74,14,27,25,29
Palabras que dice,75,14,28,26,30
Palabras que dice,76,14,29,27,31
Palabras que dice,77,14,31,28,33
Palabras que dice,78,14,32,29,34
Palabras que dice,79,14,33,30,35
Palabras que dice,80,14,34,32,36
Palabras que dice,81,14,36,33,38
Palabras que dice,82,14,37,34,39
Palabras que dice,83,14,38,36,41
Palabras que dice,84,14,40,37,42
Palabras que dice,85,14,42,39,44
Palabras que dice,86,14,44,41,46
Palabras que dice,87,14,45,42,48
Palabras que dice,88,14,48,44,50
Palabras que dice,89,14,50,47,52
Palabras que dice,90,14,52,49,55
Palabras que dice,91,14,55,52,57
Palabras que dice,92,14,58,55,61
Palabras que dice,93,14,62,58,64
Palabras que dice,94,14,66,62,68
Palabras que dice,95,14,70,67,73
Palabras que dice,96,14,76,72,79
Palabras que dice,97,14,83,79,86
Palabras que dice,98,14,94,89,96
Palabras que dice,99,14,110,106,113
Palabras que dice,0,15,0,0,0
Palabras que dice,1,15,0,0,0
Palabras que dice,2,15,0,0,0
Palabras que dice,3,15,0,0,0
Palabras que dice,4,15,0,0,0
Palabras que dice,5,15,0,0,1
Palabras que dice,6,15,0,0,1
Palabras que dice,7,15,1,0,1
Palabras que dice,8,15,1,0,1
Palabras que dice,9,15,1,1,1
Palabras que dice,10,15,1,1,1
Palabras que dice,11,15,1,1,2
Palabras que dice,12,15,1,1,2
Palabras que dice,13,15,2,1,2
Palabras que dice,14,15,2,1,2
Palabras que dice,15,15,2,2,3
Palabras que dice,16,15,2,2,3
Palabras que dice,17,15,2,2,3
Palabras que dice,18,15,3,2,3
Palabras que dice,19,15,3,2,4
Palabras que dice,20,15,3,3,4
Palabras que dice,21,15,3,3,4
Palabras que dice,22,15,4,3,5
Palabras que dice,23,15,4,3,5
Palabras que dice,24,15,4,4,5
Palabras que dice,25,15,5,4,6
Palabras que dice,26,15,5,4,6
Palabras que dice,27,15,5,4,6
Palabras que dice,28,15,6,5,7
Palabras que dice,29,15,6,5,7
Palabras que dice,30,15,6,5,8
Palabras que dice,31,15,7,6,8
Palabras que dice,32,15,7,6,8
Palabras que dice,33,15,7,6,9
Palabras que dice,34,15,8,7,9
Palabras que dice,35,15,8,7,10
Palabras que dice,36,15,9,7,10
Palabras que dice,37,15,9,8,11
Palabras que dice,38,15,10,8,11
Palabras que dice,39,15,10,9,12
Palabras que dice,40,15,10,9,12
Palabras que dice,41,15,11,10,13
Palabras que dice,42,15,11,10,13
Palabras que dice,43,15,12,11,14
Palabras que dice,44,15,12,11,14
Palabras que dice,45,15,13,12,15
Palabras que dice,46,15,14,12,15
Palabras que dice,47,15,14,13,16
Palabras que dice,48,15,15,13,16
Palabras que dice,49,15,15,14,17
Palabras que dice,50,15,16,14,18
Palabras que dice,51,15,17,15,18
Palabras que dice,52,15,17,15,19
Palabras que dice,53,15,18,16,20
Palabras que dice,54,15,19,17,20
Palabras que dice,55,15,19,17,21
Palabras que dice,56,15,20,18,22
Palabras que dice,57,15,21,19,23
Palabras que dice,58,15,21,20,23
Palabras que dice,59,15,22,20,24
Palabras que dice,60,15,23,21,25
Palabras que dice,61,15,24,22,26
Palabras que dice,62,15,25,23,27
Palabras que dice,63,15,26,24,28
Palabras que dice,64,15,27,25,29
Palabras que dice,65,15,27,26,29
Palabras que dice,66,15,28,26,30
Palabras que dice,67,15,29,27,31
Palabras que dice,68,15,30,28,32
Palabras que dice,69,15,32,30,34
Palabras que dice,70,15,33,31,35
Palabras que dice,71,15,34,32,36
Palabras que dice,72,15,35,33,37
Palabras que dice,73,15,36,34,38
Palabras que dice,74,15,38,36,40
Palabras que dice,75,15,39,37,41
Palabras que dice,76,15,40,38,42
Palabras que dice,77,15,42,40,44
Palabras que dice,78,15,43,41,45
Palabras que dice,79,15,45,43,47
Palabras que dice,80,15,47,45,49
Palabras que dice,81,15,49,46,50
Palabras que dice,82,15,50,48,52
Palabras que dice,83,15,52,50,54
Palabras que dice,84,15,54,52,56
Palabras que dice,85,15,57,55,58
Palabras que dice,86,15,59,57,61
Palabras que dice,87,15,62,60,63
Palabras que dice,88,15,65,62,66
Palabras que dice,89,15,68,66,69
Palabras que dice,90,15,71,69,72
Palabras que dice,91,15,74,73,76
Palabras que dice,92,15,78,77,80
Palabras que dice,93,15,83,81,84
Palabras que dice,94,15,88,87,89
Palabras que dice,95,15,94,93,95
Palabras que dice,96,15,102,100,102
Palabras que dice,97,15,111,110,111
Palabras que dice,98,15,124,123,123
Palabras que dice,99,15,145,144,144
Palabras que dice,0,16,0,0,0
Palabras que dice,1,16,0,0,0
Palabras que dice,2,16,0,0,0
Palabras que dice,3,16,0,0,0
Palabras que dice,4,16,0,0,1
Palabras que dice,5,16,0,0,1
Palabras que dice,6,16,1,0,1
Palabras que dice,7,16,1,1,1
Palabras que dice,8,16,1,1,2
Palabras que dice,9,16,1,1,2
Palabras que dice,10,16,1,1,2
Palabras que dice,11,16,2,1,2
Palabras que dice,12,16,2,1,3
Palabras que dice,13,16,2,2,3
Palabras que dice,14,16,2,2,3
Palabras que dice,15,16,3,2,4
Palabras que dice,16,16,3,2,4
Palabras que dice,17,16,3,3,5
Palabras que dice,18,16,4,3,5
Palabras que dice,19,16,4,3,5
Palabras que dice,20,16,4,3,6
Palabras que dice,21,16,5,4,6
Palabras que dice,22,16,5,4,7
Palabras que dice,23,16,6,5,7
Palabras que dice,24,16,6,5,8
Palabras que dice,25,16,6,5,8
Palabras que dice,26,16,7,6,9
Palabras que dice,27,16,7,6,9
Palabras que dice,28,16,8,6,10
Palabras que dice,29,16,8,7,10
Palabras que dice,30,16,9,7,11
Palabras que dice,31,16,9,8,11
Palabras que dice,32,16,10,8,12
Palabras que dice,33,16,10,9,12
Palabras que dice,34,16,11,9,13
Palabras que dice,35,16,11,10,13
Palabras que dice,36,16,12,10,14
Palabras que dice,37,16,13,11,15
Palabras que dice,38,16,13,12,15
Palabras que dice,39,16,14,12,16
Palabras que dice,40,16,15,13,17
Palabras que dice,41,16,15,13,17
Palabras que dice,42,16,16,14,18
Palabras que dice,43,16,17,15,19
Palabras que dice,44,16,17,16,20
Palabras que dice,45,16,18,16,20
Palabras que dice,46,16,19,17,21
Palabras que dice,47,16,20,18,22
Palabras que dice,48,16,20,18,23
Palabras que dice,49,16,21,19,24
Palabras que dice,50,16,22,20,24
Palabras que dice,51,16,23,21,25
Palabras que dice,52,16,24,22,26
Palabras que dice,53,16,25,23,27
Palabras que dice,54,16,26,24,28
Palabras que dice,55,16,27,25,29
Palabras que dice,56,16,28,26,30
Palabras que dice,57,16,29,27,31
Palabras que dice,58,16,30,28,32
Palabras que dice,59,16,31,29,33
Palabras que dice,60,16,32,30,34
Palabras que dice,61,16,33,31,35
Palabras que dice,62,16,34,32,36
Palabras que dice,63,16,35,33,37
Palabras que dice,64,16,36,35,39
Palabras que dice,65,16,38,36,40
Palabras que dice,66,16,39,37,41
Palabras que dice,67,16,40,39,42
Palabras que dice,68,16,42,40,44
Palabras que dice,69,16,43,42,45
Palabras que dice,70,16,45,43,47
Palabras que dice,71,16,46,45,48
Palabras que dice,72,16,48,46,50
Palabras que dice,73,16,50,48,51
Palabras que dice,74,16,51,50,53
Palabras que dice,75,16,53,52,55
Palabras que dice,76,16,55,54,57
Palabras que dice,77,16,57,56,58
Palabras que dice,78,16,59,58,60
Palabras que dice,79,16,61,60,62
Palabras que dice,80,16,63,63,65
Palabras que dice,81,16,66,65,67
Palabras que dice,82,16,68,68,69
Palabras que dice,83,16,71,70,72
Palabras que dice,84,16,74,73,74
Palabras que dice,85,16,77,76,77
Palabras que dice,86,16,80,80,80
Palabras que dice,87,16,83,83,83
Palabras que dice,88,16,87,87,87
Palabras que dice,89,16,91,91,90
Palabras que dice,90,16,95,96,94
Palabras que dice,91,16,99,101,99
Palabras que dice,92,16,105,106,103
Palabras que dice,93,16,110,112,109
Palabras que dice,94,16,117,119,115
Palabras que dice,95,16,125,127,122
Palabras que dice,96,16,134,137,131
Palabras que dice,97,16,145,149,142
Palabras que dice,98,16,161,166,156
Palabras que dice,99,16,186,192,180
Palabras que dice,0,17,0,0,0
Palabras que dice,1,17,0,0,0
Palabras que dice,2,17,0,0,0
Palabras que dice,3,17,0,0,1
Palabras que dice,4,17,0,0,1
Palabras que dice,5,17,1,0,1
Palabras que dice,6,17,1,1,2
Palabras que dice,7,17,1,1,2
Palabras que dice,8,17,1,1,2
Palabras que dice,9,17,2,1,3
Palabras que dice,10,17,2,1,3
Palabras que dice,11,17,2,2,4
Palabras que dice,12,17,3,2,4
Palabras que dice,13,17,3,2,4
Palabras que dice,14,17,4,3,5
Palabras que dice,15,17,4,3,5
Palabras que dice,16,17,4,3,6
Palabras que dice,17,17,5,4,7
Palabras que dice,18,17,5,4,7
Palabras que dice,19,17,6,4,8
Palabras que dice,20,17,6,5,8
Palabras que dice,21,17,7,5,9
Palabras que dice,22,17,7,6,9
Palabras que dice,23,17,8,6,10
Palabras que dice,24,17,8,7,11
Palabras que dice,25,17,9,7,11
Palabras que dice,26,17,10,8,12
Palabras que dice,27,17,10,9,13
Palabras que dice,28,17,11,9,13
Palabras que dice,29,17,12,10,14
Palabras que dice,30,17,12,10,15
Palabras que dice,31,17,13,11,16
Palabras que dice,32,17,14,12,16
Palabras que dice,33,17,14,12,17
Palabras que dice,34,17,15,13,18
Palabras que dice,35,17,16,14,19
Palabras que dice,36,17,17,15,20
Palabras que dice,37,17,18,16,21
Palabras que dice,38,17,18,16,21
Palabras que dice,39,17,19,17,22
Palabras que dice,40,17,20,18,23
Palabras que dice,41,17,21,19,24
Palabras que dice,42,17,22,20,25
Palabras que dice,43,17,23,21,26
Palabras que dice,44,17,24,22,27
Palabras que dice,45,17,25,23,28
Palabras que dice,46,17,26,24,29
Palabras que dice,47,17,27,25,30
Palabras que dice,48,17,28,26,31
Palabras que dice,49,17,29,27,32
Palabras que dice,50,17,30,28,33
Palabras que dice,51,17,32,30,34
Palabras que dice,52,17,33,31,36
Palabras que dice,53,17,34,32,37
Palabras que dice,54,17,35,33,38
Palabras que dice,55,17,37,35,39
Palabras que dice,56,17,38,36,41
Palabras que dice,57,17,39,38,42
Palabras que dice,58,17,41,39,43
Palabras que dice,59,17,42,41,45
Palabras que dice,60,17,44,42,46
Palabras que dice,61,17,45,44,48
Palabras que dice,62,17,47,45,49
Palabras que dice,63,17,48,47,51
Palabras que dice,64,17,50,49,52
Palabras que dice,65,17,52,51,54
Palabras que dice,66,17,53,53,55
Palabras que dice,67,17,55,55,57
Palabras que dice,68,17,57,56,59
Palabras que dice,69,17,59,59,61
Palabras que dice,70,17,61,61,63
Palabras que dice,71,17,63,63,64
Palabras que dice,72,17,65,65,66
Palabras que dice,73,17,67,68,68
Palabras que dice,74,17,70,70,71
Palabras que dice,75,17,72,73,73
Palabras que dice,76,17,74,75,75
Palabras que dice,77,17,77,78,77
Palabras que dice,78,17,80,81,80
Palabras que dice,79,17,82,84,83
Palabras que dice,80,17,85,87,85
Palabras que dice,81,17,88,91,88
Palabras que dice,82,17,92,94,91
Palabras que dice,83,17,95,98,94
Palabras que dice,84,17,99,102,97
Palabras que dice,85,17,102,106,101
Palabras que dice,86,17,106,110,105
Palabras que dice,87,17,111,115,108
Palabras que dice,88,17,115,120,113
Palabras que dice,89,17,120,125,117
Palabras que dice,90,17,125,131,122
Palabras que dice,91,17,131,137,127
Palabras que dice,92,17,138,144,133
Palabras que dice,93,17,145,152,140
Palabras que dice,94,17,153,161,147
Palabras que dice,95,17,162,171,156
Palabras que dice,96,17,173,183,166
Palabras que dice,97,17,187,198,178
Palabras que dice,98,17,205,217,195
Palabras que dice,99,17,233,248,222
Palabras que dice,0,18,0,0,0
Palabras que dice,1,18,0,0,0
Palabras que dice,2,18,0,0,1
Palabras que dice,3,18,0,0,1
Palabras que dice,4,18,1,0,1
Palabras que dice,5,18,1,1,2
Palabras que dice,6,18,1,1,2
Palabras que dice,7,18,2,1,3
Palabras que dice,8,18,2,1,3
Palabras que dice,9,18,2,2,4
Palabras que dice,10,18,3,2,5
Palabras que dice,11,18,3,2,5
Palabras que dice,12,18,4,3,6
Palabras que dice,13,18,4,3,6
Palabras que dice,14,18,5,4,7
Palabras que dice,15,18,6,4,8
Palabras que dice,16,18,6,5,9
Palabras que dice,17,18,7,5,9
Palabras que dice,18,18,7,6,10
Palabras que dice,19,18,8,6,11
Palabras que dice,20,18,9,7,12
Palabras que dice,21,18,10,8,13
Palabras que dice,22,18,10,8,13
Palabras que dice,23,18,11,9,14
Palabras que dice,24,18,12,10,15
Palabras que dice,25,18,13,10,16
Palabras que dice,26,18,14,11,17
Palabras que dice,27,18,14,12,18
Palabras que dice,28,18,15,13,19
Palabras que dice,29,18,16,14,20
Palabras que dice,30,18,17,15,21
Palabras que dice,31,18,18,16,22
Palabras que dice,32,18,19,17,23
Palabras que dice,33,18,20,18,24
Palabras que dice,34,18,21,19,25
Palabras que dice,35,18,22,20,26
Palabras que dice,36,18,23,21,27
Palabras que dice,37,18,24,22,28
Palabras que dice,38,18,26,23,30
Palabras que dice,39,18,27,24,31
Palabras que dice,40,18,28,26,32
Palabras que dice,41,18,29,27,33
Palabras que dice,42,18,31,28,34
Palabras que dice,43,18,32,30,36
Palabras que dice,44,18,33,31,37
Palabras que dice,45,18,35,33,38
Palabras que dice,46,18,36,34,40
Palabras que dice,47,18,37,36,41
Palabras que dice,48,18,39,37,43
Palabras que dice,49,18,40,39,44
Palabras que dice,50,18,42,40,45
Palabras que dice,51,18,43,42,47
Palabras que dice,52,18,45,44,48
Palabras que dice,53,18,47,46,50
Palabras que dice,54,18,48,47,52
Palabras que dice,55,18,50,49,53
Palabras que dice,56,18,52,51,55
Palabras que dice,57,18,54,53,57
Palabras que dice,58,18,56,55,58
Palabras que dice,59,18,58,57,60
Palabras que dice,60,18,59,60,62
Palabras que dice,61,18,62,62,64
Palabras que dice,62,18,64,64,66
Palabras que dice,63,18,66,66,68
Palabras que dice,64,18,68,69,70
Palabras que dice,65,18,70,71,72
Palabras que dice,66,18,72,74,74
Palabras que dice,67,18,75,77,76
Palabras que dice,68,18,77,79,78
Palabras que dice,69,18,80,82,81
Palabras que dice,70,18,82,85,83
Palabras que dice,71,18,85,88,86
Palabras que dice,72,18,88,91,88
Palabras que dice,73,18,91,94,91
Palabras que dice,74,18,94,98,93
Palabras que dice,75,18,97,101,96
Palabras que dice,76,18,100,105,99
Palabras que dice,77,18,103,108,102
Palabras que dice,78,18,107,112,105
Palabras que dice,79,18,110,116,108
Palabras que dice,80,18,114,120,112
Palabras que dice,81,18,118,125,115
Palabras que dice,82,18,122,129,119
Palabras que dice,83,18,126,134,123
Palabras que dice,84,18,131,139,127
Palabras que dice,85,18,135,145,131
Palabras que dice,86,18,140,150,135
Palabras que dice,87,18,146,156,140
Palabras que dice,88,18,151,162,145
Palabras que dice,89,18,157,169,150
Palabras que dice,90,18,164,176,156
Palabras que dice,91,18,171,184,162
Palabras que dice,92,18,178,193,169
Palabras que dice,93,18,187,202,177
Palabras que dice,94,18,196,213,186
Palabras que dice,95,18,207,224,195
Palabras que dice,96,18,220,238,207
Palabras que dice,97,18,235,255,221
Palabras que dice,98,18,255,276,239
Palabras que dice,99,18,284,306,267
Palabras que comprende,0,8,0,0,0
Palabras que comprende,1,8,0,0,0
Palabras que comprende,2,8,0,0,0
Palabras que comprende,3,8,1,1,1
Palabras que comprende,4,8,1,1,1
Palabras que comprende,5,8,1,1,1
Palabras que comprende,6,8,1,1,1
Palabras que comprende,7,8,2,2,2
Palabras que comprende,8,8,2,2,2
Palabras que comprende,9,8,3,3,3
Palabras que comprende,10,8,3,3,3
Palabras que comprende,11,8,3,3,3
Palabras que comprende,12,8,4,4,4
Palabras que comprende,13,8,4,4,4
Palabras que comprende,14,8,5,5,5
Palabras que comprende,15,8,5,5,5
Palabras que comprende,16,8,6,6,6
Palabras que comprende,17,8,6,6,6
Palabras que comprende,18,8,7,7,7
Palabras que comprende,19,8,7,7,7
Palabras que comprende,20,8,8,8,8
Palabras que comprende,21,8,9,9,9
Palabras que comprende,22,8,9,9,9
Palabras que comprende,23,8,10,10,10
Palabras que comprende,24,8,11,11,11
Palabras que comprende,25,8,11,11,11
Palabras que comprende,26,8,12,12,12
Palabras que comprende,27,8,13,13,13
Palabras que comprende,28,8,13,13,13
Palabras que comprende,29,8,14,14,14
Palabras que comprende,30,8,15,15,15
Palabras que comprende,31,8,15,15,15
Palabras que comprende,32,8,16,16,16
Palabras que comprende,33,8,17,17,17
Palabras que comprende,34,8,18,18,18
Palabras que comprende,35,8,19,19,19
Palabras que comprende,36,8,19,19,19
Palabras que comprende,37,8,20,20,20
Palabras que comprende,38,8,21,21,21
Palabras que comprende,39,8,22,22,22
Palabras que comprende,40,8,23,23,23
Palabras que comprende,41,8,24,24,24
Palabras que comprende,42,8,25,25,25
Palabras que comprende,43,8,26,26,26
Palabras que comprende,44,8,27,27,27
Palabras que comprende,45,8,28,28,28
Palabras que comprende,46,8,29,29,29
Palabras que comprende,47,8,30,30,30
Palabras que comprende,48,8,31,31,31
Palabras que comprende,49,8,32,32,32
Palabras que comprende,50,8,33,33,33
Palabras que comprende,51,8,35,35,35
Palabras que comprende,52,8,36,36,36
Palabras que comprende,53,8,37,37,37
Palabras que comprende,54,8,38,38,38
Palabras que comprende,55,8,40,40,40
Palabras que comprende,56,8,41,41,41
Palabras que comprende,57,8,42,42,42
Palabras que comprende,58,8,44,44,44
Palabras que comprende,59,8,45,45,45
Palabras que comprende,60,8,46,46,46
Palabras que comprende,61,8,48,48,48
Palabras que comprende,62,8,49,49,49
Palabras que comprende,63,8,51,51,51
Palabras que comprende,64,8,53,53,53
Palabras que comprende,65,8,54,54,54
Palabras que comprende,66,8,56,56,56
Palabras que comprende,67,8,58,58,58
Palabras que comprende,68,8,60,60,60
Palabras que comprende,69,8,61,61,61
Palabras que comprende,70,8,63,63,63
Palabras que comprende,71,8,65,65,65
Palabras que comprende,72,8,67,67,67
Palabras que comprende,73,8,69,69,69
Palabras que comprende,74,8,72,72,72
Palabras que comprende,75,8,74,74,74
Palabras que comprende,76,8,76,76,76
Palabras que comprende,77,8,79,79,79
Palabras que comprende,78,8,81,81,81
Palabras que comprende,79,8,84,84,84
Palabras que comprende,80,8,87,87,87
Palabras que comprende,81,8,90,90,90
Palabras que comprende,82,8,93,93,93
Palabras que comprende,83,8,96,96,96
Palabras que comprende,84,8,99,99,99
Palabras que comprende,85,8,103,103,103
Palabras que comprende,86,8,107,107,107
Palabras que comprende,87,8,111,111,111
Palabras que comprende,88,8,115,115,115
Palabras que comprende,89,8,120,120,120
Palabras que comprende,90,8,125,125,125
Palabras que comprende,91,8,130,130,130
Palabras que comprende,92,8,136,136,136
Palabras que comprende,93,8,143,143,143
Palabras que comprende,94,8,150,150,150
Palabras que comprende,95,8,159,159,159
Palabras que comprende,96,8,170,170,170
Palabras que comprende,97,8,182,182,182
Palabras que comprende,98,8,200,200,200
Palabras que comprende,99,8,226,226,226
Palabras que comprende,0,9,0,0,0
Palabras que comprende,1,9,0,0,0
Palabras que comprende,2,9,1,1,1
Palabras que comprende,3,9,1,1,1
Palabras que comprende,4,9,2,2,2
Palabras que comprende,5,9,2,2,2
Palabras que comprende,6,9,3,3,3
Palabras que comprende,7,9,3,3,3
Palabras que comprende,8,9,4,4,4
Palabras que comprende,9,9,4,4,4
Palabras que comprende,10,9,5,5,5
Palabras que comprende,11,9,6,6,6
Palabras que comprende,12,9,6,6,6
Palabras que comprende,13,9,7,7,7
Palabras que comprende,14,9,8,8,8
Palabras que comprende,15,9,8,8,8
Palabras que comprende,16,9,9,9,9
Palabras que comprende,17,9,10,10,10
Palabras que comprende,18,9,10,10,10
Palabras que comprende,19,9,11,11,11
Palabras que comprende,20,9,12,12,12
Palabras que comprende,21,9,13,13,13
Palabras que comprende,22,9,14,14,14
Palabras que comprende,23,9,14,14,14
Palabras que comprende,24,9,15,15,15
Palabras que comprende,25,9,16,16,16
Palabras que comprende,26,9,17,17,17
Palabras que comprende,27,9,18,18,18
Palabras que comprende,28,9,19,19,19
Palabras que comprende,29,9,20,20,20
Palabras que comprende,30,9,21,21,21
Palabras que comprende,31,9,22,22,22
Palabras que comprende,32,9,23,23,23
Palabras que comprende,33,9,24,24,24
Palabras que comprende,34,9,25,25,25
Palabras que comprende,35,9,26,26,26
Palabras que comprende,36,9,27,27,27
Palabras que comprende,37,9,28,28,28
Palabras que comprende,38,9,29,29,29
Palabras que comprende,39,9,30,30,30
Palabras que comprende,40,9,31,31,31
Palabras que comprende,41,9,32,32,32
Palabras que comprende,42,9,33,33,33
Palabras que comprende,43,9,34,34,34
Palabras que comprende,44,9,36,36,36
Palabras que comprende,45,9,37,37,37
Palabras que comprende,46,9,38,38,38
Palabras que comprende,47,9,39,39,39
Palabras que comprende,48,9,41,41,41
Palabras que comprende,49,9,42,42,42
Palabras que comprende,50,9,43,43,43
Palabras que comprende,51,9,45,45,45
Palabras que comprende,52,9,46,46,46
Palabras que comprende,53,9,48,48,48
Palabras que comprende,54,9,49,49,49
Palabras que comprende,55,9,51,51,51
Palabras que comprende,56,9,52,52,52
Palabras que comprende,57,9,54,54,54
Palabras que comprende,58,9,55,55,55
Palabras que comprende,59,9,57,57,57
Palabras que comprende,60,9,58,58,58
Palabras que comprende,61,9,60,60,60
Palabras que comprende,62,9,62,62,62
Palabras que comprende,63,9,64,64,64
Palabras que comprende,64,9,66,66,66
Palabras que comprende,65,9,67,67,67
Palabras que comprende,66,9,69,69,69
Palabras que comprende,67,9,71,71,71
Palabras que comprende,68,9,73,73,73
Palabras que comprende,69,9,75,75,75
Palabras que comprende,70,9,78,78,78
Palabras que comprende,71,9,80,80,80
Palabras que comprende,72,9,82,82,82
Palabras que comprende,73,9,84,84,84
Palabras que comprende,74,9,87,87,87
Palabras que comprende,75,9,89,89,89
Palabras que comprende,76,9,92,92,92
Palabras que comprende,77,9,95,95,95
Palabras que comprende,78,9,97,97,97
Palabras que comprende,79,9,100,100,100
Palabras que comprende,80,9,103,103,103
Palabras que comprende,81,9,107,107,107
Palabras que comprende,82,9,110,110,110
Palabras que comprende,83,9,113,113,113
Palabras que comprende,84,9,117,117,117
Palabras que comprende,85,9,121,121,121
Palabras que comprende,86,9,125,125,125
Palabras que comprende,87,9,129,129,129
Palabras que comprende,88,9,134,134,134
Palabras que comprende,89,9,139,139,139
Palabras que comprende,90,9,144,144,144
Palabras que comprende,91,9,150,150,150
Palabras que comprende,92,9,156,156,156
Palabras que comprende,93,9,163,163,163
Palabras que comprende,94,9,171,171,171
Palabras que comprende,95,9,180,180,180
Palabras que comprende,96,9,191,191,191
Palabras que comprende,97,9,204,204,204
Palabras que comprende,98,9,221,221,221
Palabras que comprende,99,9,248,248,248
Palabras que comprende,0,10,0,0,0
Palabras que comprende,1,10,1,1,1
Palabras que comprende,2,10,1,1,1
Palabras que comprende,3,10,2,2,2
Palabras que comprende,4,10,3,3,3
Palabras que comprende,5,10,4,4,4
Palabras que comprende,6,10,4,4,4
Palabras que comprende,7,10,5,5,5
Palabras que comprende,8,10,6,6,6
Palabras que comprende,9,10,7,7,7
Palabras que comprende,10,10,8,8,8
Palabras que comprende,11,10,9,9,9
Palabras que comprende,12,10,10,10,10
Palabras que comprende,13,10,10,10,10
Palabras que comprende,14,10,11,11,11
Palabras que comprende,15,10,12,12,12
Palabras que comprende,16,10,13,13,13
Palabras que comprende,17,10,14,14,14
Palabras que comprende,18,10,15,15,15
Palabras que comprende,19,10,16,16,16
Palabras que comprende,20,10,17,17,17
Palabras que comprende,21,10,18,18,18
Palabras que comprende,22,10,19,19,19
Palabras que comprende,23,10,20,20,20
Palabras que comprende,24,10,22,22,22
Palabras que comprende,25,10,23,23,23
Palabras que comprende,26,10,24,24,24
Palabras que comprende,27,10,25,25,25
Palabras que comprende,28,10,26,26,26
Palabras que comprende,29,10,27,27,27
Palabras que comprende,30,10,28,28,28
Palabras que comprende,31,10,29,29,29
Palabras que comprende,32,10,31,31,31
Palabras que comprende,33,10,32,32,32
Palabras que comprende,34,10,33,33,33
Palabras que comprende,35,10,34,34,34
Palabras que comprende,36,10,36,36,36
Palabras que comprende,37,10,37,37,37
Palabras que comprende,38,10,38,38,38
Palabras que comprende,39,10,39,39,39
Palabras que comprende,40,10,41,41,41
Palabras que comprende,41,10,42,42,42
Palabras que comprende,42,10,44,44,44
Palabras que comprende,43,10,45,45,45
Palabras que comprende,44,10,46,46,46
Palabras que comprende,45,10,48,48,48
Palabras que comprende,46,10,49,49,49
Palabras que comprende,47,10,51,51,51
Palabras que comprende,48,10,52,52,52
Palabras que comprende,49,10,54,54,54
Palabras que comprende,50,10,55,55,55
Palabras que comprende,51,10,57,57,57
Palabras que comprende,52,10,59,59,59
Palabras que comprende,53,10,60,60,60
Palabras que comprende,54,10,62,62,62
Palabras que comprende,55,10,64,64,64
Palabras que comprende,56,10,65,65,65
Palabras que comprende,57,10,67,67,67
Palabras que comprende,58,10,69,69,69
Palabras que comprende,59,10,71,71,71
Palabras que comprende,60,10,73,73,73
Palabras que comprende,61,10,75,75,75
Palabras que comprende,62,10,77,77,77
Palabras que comprende,63,10,79,79,79
Palabras que comprende,64,10,81,81,81
Palabras que comprende,65,10,83,83,83
Palabras que comprende,66,10,85,85,85
Palabras que comprende,67,10,87,87,87
Palabras que comprende,68,10,89,89,89
Palabras que comprende,69,10,92,92,92
Palabras que comprende,70,10,94,94,94
Palabras que comprende,71,10,97,97,97
Palabras que comprende,72,10,99,99,99
Palabras que comprende,73,10,102,102,102
Palabras que comprende,74,10,104,104,104
Palabras que comprende,75,10,107,107,107
Palabras que comprende,76,10,110,110,110
Palabras que comprende,77,10,113,113,113
Palabras que comprende,78,10,116,116,116
Palabras que comprende,79,10,119,119,119
Palabras que comprende,80,10,122,122,122
Palabras que comprende,81,10,126,126,126
Palabras que comprende,82,10,129,129,129
Palabras que comprende,83,10,133,133,133
Palabras que comprende,84,10,137,137,137
Palabras que comprende,85,10,141,141,141
Palabras que comprende,86,10,145,145,145
Palabras que comprende,87,10,150,150,150
Palabras que comprende,88,10,155,155,155
Palabras que comprende,89,10,160,160,160
Palabras que comprende,90,10,166,166,166
Palabras que comprende,91,10,172,172,172
Palabras que comprende,92,10,178,178,178
Palabras que comprende,93,10,185,185,185
Palabras que comprende,94,10,194,194,194
Palabras que comprende,95,10,203,203,203
Palabras que comprende,96,10,214,214,214
Palabras que comprende,97,10,227,227,227
Palabras que comprende,98,10,244,244,244
Palabras que comprende,99,10,271,271,271
Palabras que comprende,0,11,0,0,0
Palabras que comprende,1,11,1,1,1
Palabras que comprende,2,11,2,2,2
Palabras que comprende,3,11,4,4,4
Palabras que comprende,4,11,5,5,5
Palabras que comprende,5,11,6,6,6
Palabras que comprende,6,11,7,7,7
Palabras que comprende,7,11,8,8,8
Palabras que comprende,8,11,9,9,9
Palabras que comprende,9,11,11,11,11
Palabras que comprende,10,11,12,12,12
Palabras que comprende,11,11,13,13,13
Palabras que comprende,12,11,14,14,14
Palabras que comprende,13,11,15,15,15
Palabras que comprende,14,11,17,17,17
Palabras que comprende,15,11,18,18,18
Palabras que comprende,16,11,19,19,19
Palabras que comprende,17,11,20,20,20
Palabras que comprende,18,11,22,22,22
Palabras que comprende,19,11,23,23,23
Palabras que comprende,20,11,24,24,24
Palabras que comprende,21,11,26,26,26
Palabras que comprende,22,11,27,27,27
Palabras que comprende,23,11,28,28,28
Palabras que comprende,24,11,30,30,30
Palabras que comprende,25,11,31,31,31
Palabras que comprende,26,11,32,32,32
Palabras que comprende,27,11,34,34,34
Palabras que comprende,28,11,35,35,35
Palabras que comprende,29,11,36,36,36
Palabras que comprende,30,11,38,38,38
Palabras que comprende,31,11,39,39,39
Palabras que comprende,32,11,41,41,41
Palabras que comprende,33,11,42,42,42
Palabras que comprende,34,11,44,44,44
Palabras que comprende,35,11,45,45,45
Palabras que comprende,36,11,47,47,47
Palabras que comprende,37,11,48,48,48
Palabras que comprende,38,11,50,50,50
Palabras que comprende,39,11,51,51,51
Palabras que comprende,40,11,53,53,53
Palabras que comprende,41,11,54,54,54
Palabras que comprende,42,11,56,56,56
Palabras que comprende,43,11,58,58,58
Palabras que comprende,44,11,59,59,59
Palabras que comprende,45,11,61,61,61
Palabras que comprende,46,11,63,63,63
Palabras que comprende,47,11,65,65,65
Palabras que comprende,48,11,66,66,66
Palabras que comprende,49,11,68,68,68
Palabras que comprende,50,11,70,70,70
Palabras que comprende,51,11,72,72,72
Palabras que comprende,52,11,74,74,74
Palabras que comprende,53,11,75,75,75
Palabras que comprende,54,11,77,77,77
Palabras que comprende,55,11,79,79,79
Palabras que comprende,56,11,81,81,81
Palabras que comprende,57,11,83,83,83
Palabras que comprende,58,11,85,85,85
Palabras que comprende,59,11,87,87,87
Palabras que comprende,60,11,89,89,89
Palabras que comprende,61,11,92,92,92
Palabras que comprende,62,11,94,94,94
Palabras que comprende,63,11,96,96,96
Palabras que comprende,64,11,98,98,98
Palabras que comprende,65,11,101,101,101
Palabras que comprende,66,11,103,103,103
Palabras que comprende,67,11,106,106,106
Palabras que comprende,68,11,108,108,108
Palabras que comprende,69,11,111,111,111
Palabras que comprende,70,11,113,113,113
Palabras que comprende,71,11,116,116,116
Palabras que comprende,72,11,119,119,119
Palabras que comprende,73,11,121,121,121
Palabras que comprende,74,11,124,124,124
Palabras que comprende,75,11,127,127,127
Palabras que comprende,76,11,130,130,130
Palabras que comprende,77,11,134,134,134
Palabras que comprende,78,11,137,137,137
Palabras que comprende,79,11,140,140,140
Palabras que comprende,80,11,144,144,144
Palabras que comprende,81,11,147,147,147
Palabras que comprende,82,11,151,151,151
Palabras que comprende,83,11,155,155,155
Palabras que comprende,84,11,159,159,159
Palabras que comprende,85,11,164,164,164
Palabras que comprende,86,11,168,168,168
Palabras que comprende,87,11,173,173,173
Palabras que comprende,88,11,178,178,178
Palabras que comprende,89,11,183,183,183
Palabras que comprende,90,11,189,189,189
Palabras que comprende,91,11,195,195,195
Palabras que comprende,92,11,202,202,202
Palabras que comprende,93,11,210,210,210
Palabras que comprende,94,11,218,218,218
Palabras que comprende,95,11,227,227,227
Palabras que comprende,96,11,238,238,238
Palabras que comprende,97,11,251,251,251
Palabras que comprende,98,11,268,268,268
Palabras que comprende,99,11,294,294,294
Palabras que comprende,0,12,0,0,0
Palabras que comprende,1,12,2,2,2
Palabras que comprende,2,12,4,4,4
Palabras que comprende,3,12,6,6,6
Palabras que comprende,4,12,8,8,8
Palabras que comprende,5,12,9,9,9
Palabras que comprende,6,12,11,11,11
Palabras que comprende,7,12,12,12,12
Palabras que comprende,8,12,14,14,14
Palabras que comprende,9,12,16,16,16
Palabras que comprende,10,12,17,17,17
Palabras que comprende,11,12,19,19,19
Palabras que comprende,12,12,20,20,20
Palabras que comprende,13,12,22,22,22
Palabras que comprende,14,12,24,24,24
Palabras que comprende,15,12,25,25,25
Palabras que comprende,16,12,27,27,27
Palabras que comprende,17,12,28,28,28
Palabras que comprende,18,12,30,30,30
Palabras que comprende,19,12,32,32,32
Palabras que comprende,20,12,33,33,33
Palabras que comprende,21,12,35,35,35
Palabras que comprende,22,12,36,36,36
Palabras que comprende,23,12,38,38,38
Palabras que comprende,24,12,40,40,40
Palabras que comprende,25,12,41,41,41
Palabras que comprende,26,12,43,43,43
Palabras que comprende,27,12,45,45,45
Palabras que comprende,28,12,46,46,46
Palabras que comprende,29,12,48,48,48
Palabras que comprende,30,12,50,50,50
Palabras que comprende,31,12,51,51,51
Palabras que comprende,32,12,53,53,53
Palabras que comprende,33,12,55,55,55
Palabras que comprende,34,12,57,57,57
Palabras que comprende,35,12,58,58,58
Palabras que comprende,36,12,60,60,60
Palabras que comprende,37,12,62,62,62
Palabras que comprende,38,12,64,64,64
Palabras que comprende,39,12,66,66,66
Palabras que comprende,40,12,67,67,67
Palabras que comprende,41,12,69,69,69
Palabras que comprende,42,12,71,71,71
Palabras que comprende,43,12,73,73,73
Palabras que comprende,44,12,75,75,75
Palabras que comprende,45,12,77,77,77
Palabras que comprende,46,12,79,79,79
Palabras que comprende,47,12,81,81,81
Palabras que comprende,48,12,83,83,83
Palabras que comprende,49,12,85,85,85
Palabras que comprende,50,12,87,87,87
Palabras que comprende,51,12,89,89,89
Palabras que comprende,52,12,91,91,91
Palabras que comprende,53,12,93,93,93
Palabras que comprende,54,12,95,95,95
Palabras que comprende,55,12,97,97,97
Palabras que comprende,56,12,100,100,100
Palabras que comprende,57,12,102,102,102
Palabras que comprende,58,12,104,104,104
Palabras que comprende,59,12,106,106,106
Palabras que comprende,60,12,109,109,109
Palabras que comprende,61,12,111,111,111
Palabras que comprende,62,12,114,114,114
Palabras que comprende,63,12,116,116,116
Palabras que comprende,64,12,119,119,119
Palabras que comprende,65,12,121,121,121
Palabras que comprende,66,12,124,124,124
Palabras que comprende,67,12,126,126,126
Palabras que comprende,68,12,129,129,129
Palabras que comprende,69,12,132,132,132
Palabras que comprende,70,12,135,135,135
Palabras que comprende,71,12,138,138,138
Palabras que comprende,72,12,141,141,141
Palabras que comprende,73,12,144,144,144
Palabras que comprende,74,12,147,147,147
Palabras que comprende,75,12,150,150,150
Palabras que comprende,76,12,153,153,153
Palabras que comprende,77,12,157,157,157
Palabras que comprende,78,12,160,160,160
Palabras que comprende,79,12,164,164,164
Palabras que comprende,80,12,167,167,167
Palabras que comprende,81,12,171,171,171
Palabras que comprende,82,12,175,175,175
Palabras que comprende,83,12,179,179,179
Palabras que comprende,84,12,184,184,184
Palabras que comprende,85,12,188,188,188
Palabras que comprende,86,12,193,193,193
Palabras que comprende,87,12,198,198,198
Palabras que comprende,88,12,203,203,203
Palabras que comprende,89,12,209,209,209
Palabras que comprende,90,12,214,214,214
Palabras que comprende,91,12,221,221,221
Palabras que comprende,92,12,228,228,228
Palabras que comprende,93,12,235,235,235
Palabras que comprende,94,12,243,243,243
Palabras que comprende,95,12,253,253,253
Palabras que comprende,96,12,263,263,263
Palabras que comprende,97,12,276,276,276
Palabras que comprende,98,12,293,293,293
Palabras que comprende,99,12,317,317,317
Palabras que comprende,0,13,0,0,0
Palabras que comprende,1,13,4,4,4
Palabras que comprende,2,13,6,6,6
Palabras que comprende,3,13,9,9,9
Palabras que comprende,4,13,11,11,11
Palabras que comprende,5,13,14,14,14
Palabras que comprende,6,13,16,16,16
Palabras que comprende,7,13,18,18,18
Palabras que comprende,8,13,20,20,20
Palabras que comprende,9,13,22,22,22
Palabras que comprende,10,13,24,24,24
Palabras que comprende,11,13,26,26,26
Palabras que comprende,12,13,28,28,28
Palabras que comprende,13,13,30,30,30
Palabras que comprende,14,13,32,32,32
Palabras que comprende,15,13,34,34,34
Palabras que comprende,16,13,36,36,36
Palabras que comprende,17,13,38,38,38
Palabras que comprende,18,13,40,40,40
Palabras que comprende,19,13,42,42,42
Palabras que comprende,20,13,44,44,44
Palabras que comprende,21,13,46,46,46
Palabras que comprende,22,13,48,48,48
Palabras que comprende,23,13,50,50,50
Palabras que comprende,24,13,52,52,52
Palabras que comprende,25,13,54,54,54
Palabras que comprende,26,13,56,56,56
Palabras que comprende,27,13,58,58,58
Palabras que comprende,28,13,60,60,60
Palabras que comprende,29,13,62,62,62
Palabras que comprende,30,13,64,64,64
Palabras que comprende,31,13,66,66,66
Palabras que comprende,32,13,68,68,68
Palabras que comprende,33,13,70,70,70
Palabras que comprende,34,13,72,72,72
Palabras que comprende,35,13,74,74,74
Palabras que comprende,36,13,76,76,76
Palabras que comprende,37,13,78,78,78
Palabras que comprende,38,13,80,80,80
Palabras que comprende,39,13,82,82,82
Palabras que comprende,40,13,84,84,84
Palabras que comprende,41,13,87,87,87
Palabras que comprende,42,13,89,89,89
Palabras que comprende,43,13,91,91,91
Palabras que comprende,44,13,93,93,93
Palabras que comprende,45,13,95,95,95
Palabras que comprende,46,13,97,97,97
Palabras que comprende,47,13,100,100,100
Palabras que comprende,48,13,102,102,102
Palabras que comprende,49,13,104,104,104
Palabras que comprende,50,13,106,106,106
Palabras que comprende,51,13,109,109,109
Palabras que comprende,52,13,111,111,111
Palabras que comprende,53,13,113,113,113
Palabras que comprende,54,13,116,116,116
Palabras que comprende,55,13,118,118,118
Palabras que comprende,56,13,121,121,121
Palabras que comprende,57,13,123,123,123
Palabras que comprende,58,13,126,126,126
Palabras que comprende,59,13,128,128,128
Palabras que comprende,60,13,131,131,131
Palabras que comprende,61,13,133,133,133
Palabras que comprende,62,13,136,136,136
Palabras que comprende,63,13,139,139,139
Palabras que comprende,64,13,141,141,141
Palabras que comprende,65,13,144,144,144
Palabras que comprende,66,13,147,147,147
Palabras que comprende,67,13,150,150,150
Palabras que comprende,68,13,153,153,153
Palabras que comprende,69,13,156,156,156
Palabras que comprende,70,13,159,159,159
Palabras que comprende,71,13,162,162,162
Palabras que comprende,72,13,165,165,165
Palabras que comprende,73,13,168,168,168
Palabras que comprende,74,13,172,172,172
Palabras que comprende,75,13,175,175,175
Palabras que comprende,76,13,178,178,178
Palabras que comprende,77,13,182,182,182
Palabras que comprende,78,13,186,186,186
Palabras que comprende,79,13,189,189,189
Palabras que comprende,80,13,193,193,193
Palabras que comprende,81,13,197,197,197
Palabras que comprende,82,13,201,201,201
Palabras que comprende,83,13,206,206,206
Palabras que comprende,84,13,210,210,210
Palabras que comprende,85,13,215,215,215
Palabras que comprende,86,13,219,219,219
Palabras que comprende,87,13,224,224,224
Palabras que comprende,88,13,230,230,230
Palabras que comprende,89,13,235,235,235
Palabras que comprende,90,13,241,241,241
Palabras que comprende,91,13,248,248,248
Palabras que comprende,92,13,254,254,254
Palabras que comprende,93,13,262,262,262
Palabras que comprende,94,13,270,270,270
Palabras que comprende,95,13,279,279,279
Palabras que comprende,96,13,289,289,289
Palabras que comprende,97,13,302,302,302
Palabras que comprende,98,13,317,317,317
Palabras que comprende,99,13,339,339,339
Palabras que comprende,0,14,0,0,0
Palabras que comprende,1,14,6,6,6
Palabras que comprende,2,14,10,10,10
Palabras que comprende,3,14,13,13,13
Palabras que comprende,4,14,16,16,16
Palabras que comprende,5,14,19,19,19
Palabras que comprende,6,14,22,22,22
Palabras que comprende,7,14,25,25,25
Palabras que comprende,8,14,28,28,28
Palabras que comprende,9,14,30,30,30
Palabras que comprende,10,14,33,33,33
Palabras que comprende,11,14,36,36,36
Palabras que comprende,12,14,38,38,38
Palabras que comprende,13,14,41,41,41
Palabras que comprende,14,14,43,43,43
Palabras que comprende,15,14,45,45,45
Palabras que comprende,16,14,48,48,48
Palabras que comprende,17,14,50,50,50
Palabras que comprende,18,14,53,53,53
Palabras que comprende,19,14,55,55,55
Palabras que comprende,20,14,57,57,57
Palabras que comprende,21,14,60,60,60
Palabras que comprende,22,14,62,62,62
Palabras que comprende,23,14,64,64,64
Palabras que comprende,24,14,67,67,67
Palabras que comprende,25,14,69,69,69
Palabras que comprende,26,14,71,71,71
Palabras que comprende,27,14,74,74,74
Palabras que comprende,28,14,76,76,76
Palabras que comprende,29,14,78,78,78
Palabras que comprende,30,14,80,80,80
Palabras que comprende,31,14,83,83,83
Palabras que comprende,32,14,85,85,85
Palabras que comprende,33,14,87,87,87
Palabras que comprende,34,14,90,90,90
Palabras que comprende,35,14,92,92,92
Palabras que comprende,36,14,94,94,94
Palabras que comprende,37,14,97,97,97
Palabras que comprende,38,14,99,99,99
Palabras que comprende,39,14,102,102,102
Palabras que comprende,40,14,104,104,104
Palabras que comprende,41,14,106,106,106
Palabras que comprende,42,14,109,109,109
Palabras que comprende,43,14,111,111,111
Palabras que comprende,44,14,114,114,114
Palabras que comprende,45,14,116,116,116
Palabras que comprende,46,14,118,118,118
Palabras que comprende,47,14,121,121,121
Palabras que comprende,48,14,123,123,123
Palabras que comprende,49,14,126,126,126
Palabras que comprende,50,14,128,128,128
Palabras que comprende,51,14,131,131,131
Palabras que comprende,52,14,134,134,134
Palabras que comprende,53,14,136,136,136
Palabras que comprende,54,14,139,139,139
Palabras que comprende,55,14,141,141,141
Palabras que comprende,56,14,144,144,144
Palabras que comprende,57,14,147,147,147
Palabras que comprende,58,14,149,149,149
Palabras que comprende,59,14,152,152,152
Palabras que comprende,60,14,155,155,155
Palabras que comprende,61,14,158,158,158
Palabras que comprende,62,14,161,161,161
Palabras que comprende,63,14,164,164,164
Palabras que comprende,64,14,166,166,166
Palabras que comprende,65,14,169,169,169
Palabras que comprende,66,14,172,172,172
Palabras que comprende,67,14,175,175,175
Palabras que comprende,68,14,179,179,179
Palabras que comprende,69,14,182,182,182
Palabras que comprende,70,14,185,185,185
Palabras que comprende,71,14,188,188,188
Palabras que comprende,72,14,191,191,191
Palabras que comprende,73,14,195,195,195
Palabras que comprende,74,14,198,198,198
Palabras que comprende,75,14,202,202,202
Palabras que comprende,76,14,205,205,205
Palabras que comprende,77,14,209,209,209
Palabras que comprende,78,14,213,213,213
Palabras que comprende,79,14,217,217,217
Palabras que comprende,80,14,221,221,221
Palabras que comprende,81,14,225,225,225
Palabras que comprende,82,14,229,229,229
Palabras que comprende,83,14,233,233,233
Palabras que comprende,84,14,238,238,238
Palabras que comprende,85,14,242,242,242
Palabras que comprende,86,14,247,247,247
Palabras que comprende,87,14,252,252,252
Palabras que comprende,88,14,257,257,257
Palabras que comprende,89,14,263,263,263
Palabras que comprende,90,14,269,269,269
Palabras que comprende,91,14,275,275,275
Palabras que comprende,92,14,282,282,282
Palabras que comprende,93,14,289,289,289
Palabras que comprende,94,14,297,297,297
Palabras que comprende,95,14,305,305,305
Palabras que comprende,96,14,315,315,315
Palabras que comprende,97,14,326,326,326
Palabras que comprende,98,14,340,340,340
Palabras que comprende,99,14,360,360,360
Palabras que comprende,0,15,0,0,0
Palabras que comprende,1,15,9,9,9
Palabras que comprende,2,15,14,14,14
Palabras que comprende,3,15,19,19,19
Palabras que comprende,4,15,23,23,23
Palabras que comprende,5,15,27,27,27
Palabras que comprende,6,15,30,30,30
Palabras que comprende,7,15,34,34,34
Palabras que comprende,8,15,37,37,37
Palabras que comprende,9,15,40,40,40
Palabras que comprende,10,15,44,44,44
Palabras que comprende,11,15,47,47,47
Palabras que comprende,12,15,50,50,50
Palabras que comprende,13,15,53,53,53
Palabras que comprende,14,15,56,56,56
Palabras que comprende,15,15,59,59,59
Palabras que comprende,16,15,61,61,61
Palabras que comprende,17,15,64,64,64
Palabras que comprende,18,15,67,67,67
Palabras que comprende,19,15,70,70,70
Palabras que comprende,20,15,73,73,73
Palabras que comprende,21,15,75,75,75
Palabras que comprende,22,15,78,78,78
Palabras que comprende,23,15,81,81,81
Palabras que comprende,24,15,83,83,83
Palabras que comprende,25,15,86,86,86
Palabras que comprende,26,15,89,89,89
Palabras que comprende,27,15,91,91,91
Palabras que comprende,28,15,94,94,94
Palabras que comprende,29,15,97,97,97
Palabras que comprende,30,15,99,99,99
Palabras que comprende,31,15,102,102,102
Palabras que comprende,32,15,105,105,105
Palabras que comprende,33,15,107,107,107
Palabras que comprende,34,15,110,110,110
Palabras que comprende,35,15,113,113,113
Palabras que comprende,36,15,115,115,115
Palabras que comprende,37,15,118,118,118
Palabras que comprende,38,15,120,120,120
Palabras que comprende,39,15,123,123,123
Palabras que comprende,40,15,126,126,126
Palabras que comprende,41,15,128,128,128
Palabras que comprende,42,15,131,131,131
Palabras que comprende,43,15,134,134,134
Palabras que comprende,44,15,136,136,136
Palabras que comprende,45,15,139,139,139
Palabras que comprende,46,15,142,142,142
Palabras que comprende,47,15,145,145,145
Palabras que comprende,48,15,147,147,147
Palabras que comprende,49,15,150,150,150
Palabras que comprende,50,15,153,153,153
Palabras que comprende,51,15,155,155,155
Palabras que comprende,52,15,158,158,158
Palabras que comprende,53,15,161,161,161
Palabras que comprende,54,15,164,164,164
Palabras que comprende,55,15,167,167,167
Palabras que comprende,56,15,170,170,170
Palabras que comprende,57,15,172,172,172
Palabras que comprende,58,15,175,175,175
Palabras que comprende,59,15,178,178,178
Palabras que comprende,60,15,181,181,181
Palabras que comprende,61,15,184,184,184
Palabras que comprende,62,15,187,187,187
Palabras que comprende,63,15,190,190,190
Palabras que comprende,64,15,193,193,193
Palabras que comprende,65,15,196,196,196
Palabras que comprende,66,15,200,200,200
Palabras que comprende,67,15,203,203,203
Palabras que comprende,68,15,206,206,206
Palabras que comprende,69,15,209,209,209
Palabras que comprende,70,15,213,213,213
Palabras que comprende,71,15,216,216,216
Palabras que comprende,72,15,219,219,219
Palabras que comprende,73,15,223,223,223
Palabras que comprende,74,15,226,226,226
Palabras que comprende,75,15,230,230,230
Palabras que comprende,76,15,234,234,234
Palabras que comprende,77,15,237,237,237
Palabras que comprende,78,15,241,241,241
Palabras que comprende,79,15,245,245,245
Palabras que comprende,80,15,249,249,249
Palabras que comprende,81,15,253,253,253
Palabras que comprende,82,15,257,257,257
Palabras que comprende,83,15,262,262,262
Palabras que comprende,84,15,266,266,266
Palabras que comprende,85,15,271,271,271
Palabras que comprende,86,15,275,275,275
Palabras que comprende,87,15,280,280,280
Palabras que comprende,88,15,285,285,285
Palabras que comprende,89,15,291,291,291
Palabras que comprende,90,15,296,296,296
Palabras que comprende,91,15,302,302,302
Palabras que comprende,92,15,309,309,309
Palabras que comprende,93,15,315,315,315
Palabras que comprende,94,15,322,322,322
Palabras que comprende,95,15,330,330,330
Palabras que comprende,96,15,339,339,339
Palabras que comprende,97,15,350,350,350
Palabras que comprende,98,15,362,362,362
Palabras que comprende,99,15,379,379,379
Palabras que comprende,0,16,0,0,0
Palabras que comprende,1,16,12,12,12
Palabras que comprende,2,16,19,19,19
Palabras que comprende,3,16,25,25,25
Palabras que comprende,4,16,31,31,31
Palabras que comprende,5,16,35,35,35
Palabras que comprende,6,16,40,40,40
Palabras que comprende,7,16,44,44,44
Palabras que comprende,8,16,48,48,48
Palabras que comprende,9,16,52,52,52
Palabras que comprende,10,16,56,56,56
Palabras que comprende,11,16,60,60,60
Palabras que comprende,12,16,63,63,63
Palabras que comprende,13,16,67,67,67
Palabras que comprende,14,16,70,70,70
Palabras que comprende,15,16,74,74,74
Palabras que comprende,16,16,77,77,77
Palabras que comprende,17,16,80,80,80
Palabras que comprende,18,16,84,84,84
Palabras que comprende,19,16,87,87,87
Palabras que comprende,20,16,90,90,90
Palabras que comprende,21,16,93,93,93
Palabras que comprende,22,16,96,96,96
Palabras que comprende,23,16,99,99,99
Palabras que comprende,24,16,102,102,102
Palabras que comprende,25,16,105,105,105
Palabras que comprende,26,16,108,108,108
Palabras que comprende,27,16,111,111,111
Palabras que comprende,28,16,114,114,114
Palabras que comprende,29,16,117,117,117
Palabras que comprende,30,16,120,120,120
Palabras que comprende,31,16,123,123,123
Palabras que comprende,32,16,126,126,126
Palabras que comprende,33,16,129,129,129
Palabras que comprende,34,16,132,132,132
Palabras que comprende,35,16,135,135,135
Palabras que comprende,36,16,138,138,138
Palabras que comprende,37,16,141,141,141
Palabras que comprende,38,16,144,144,144
Palabras que comprende,39,16,147,147,147
Palabras que comprende,40,16,150,150,150
Palabras que comprende,41,16,152,152,152
Palabras que comprende,42,16,155,155,155
Palabras que comprende,43,16,158,158,158
Palabras que comprende,44,16,161,161,161
Palabras que comprende,45,16,164,164,164
Palabras que comprende,46,16,167,167,167
Palabras que comprende,47,16,170,170,170
Palabras que comprende,48,16,173,173,173
Palabras que comprende,49,16,176,176,176
Palabras que comprende,50,16,179,179,179
Palabras que comprende,51,16,182,182,182
Palabras que comprende,52,16,185,185,185
Palabras que comprende,53,16,188,188,188
Palabras que comprende,54,16,191,191,191
Palabras que comprende,55,16,194,194,194
Palabras que comprende,56,16,197,197,197
Palabras que comprende,57,16,200,200,200
Palabras que comprende,58,16,203,203,203
Palabras que comprende,59,16,206,206,206
Palabras que comprende,60,16,209,209,209
Palabras que comprende,61,16,212,212,212
Palabras que comprende,62,16,215,215,215
Palabras que comprende,63,16,218,218,218
Palabras que comprende,64,16,222,222,222
Palabras que comprende,65,16,225,225,225
Palabras que comprende,66,16,228,228,228
Palabras que comprende,67,16,231,231,231
Palabras que comprende,68,16,235,235,235
Palabras que comprende,69,16,238,238,238
Palabras que comprende,70,16,241,241,241
Palabras que comprende,71,16,245,245,245
Palabras que comprende,72,16,248,248,248
Palabras que comprende,73,16,252,252,252
Palabras que comprende,74,16,255,255,255
Palabras que comprende,75,16,259,259,259
Palabras que comprende,76,16,262,262,262
Palabras que comprende,77,16,266,266,266
Palabras que comprende,78,16,270,270,270
Palabras que comprende,79,16,274,274,274
Palabras que comprende,80,16,278,278,278
Palabras que comprende,81,16,282,282,282
Palabras que comprende,82,16,286,286,286
Palabras que comprende,83,16,290,290,290
Palabras que comprende,84,16,294,294,294
Palabras que comprende,85,16,299,299,299
Palabras que comprende,86,16,303,303,303
Palabras que comprende,87,16,308,308,308
Palabras que comprende,88,16,313,313,313
Palabras que comprende,89,16,318,318,318
Palabras que comprende,90,16,323,323,323
Palabras que comprende,91,16,328,328,328
Palabras que comprende,92,16,334,334,334
Palabras que comprende,93,16,340,340,340
Palabras que comprende,94,16,347,347,347
Palabras que comprende,95,16,354,354,354
Palabras que comprende,96,16,362,362,362
Palabras que comprende,97,16,370,370,370
Palabras que comprende,98,16,381,381,381
Palabras que comprende,99,16,394,394,394
Palabras que comprende,0,17,0,0,0
Palabras que comprende,1,17,17,17,17
Palabras que comprende,2,17,26,26,26
Palabras que comprende,3,17,33,33,33
Palabras que comprende,4,17,39,39,39
Palabras que comprende,5,17,45,45,45
Palabras que comprende,6,17,51,51,51
Palabras que comprende,7,17,56,56,56
Palabras que comprende,8,17,61,61,61
Palabras que comprende,9,17,65,65,65
Palabras que comprende,10,17,70,70,70
Palabras que comprende,11,17,74,74,74
Palabras que comprende,12,17,78,78,78
Palabras que comprende,13,17,83,83,83
Palabras que comprende,14,17,87,87,87
Palabras que comprende,15,17,91,91,91
Palabras que comprende,16,17,94,94,94
Palabras que comprende,17,17,98,98,98
Palabras que comprende,18,17,102,102,102
Palabras que comprende,19,17,106,106,106
Palabras que comprende,20,17,109,109,109
Palabras que comprende,21,17,113,113,113
Palabras que comprende,22,17,116,116,116
Palabras que comprende,23,17,120,120,120
Palabras que comprende,24,17,123,123,123
Palabras que comprende,25,17,127,127,127
Palabras que comprende,26,17,130,130,130
Palabras que comprende,27,17,133,133,133
Palabras que comprende,28,17,137,137,137
Palabras que comprende,29,17,140,140,140
Palabras que comprende,30,17,143,143,143
Palabras que comprende,31,17,146,146,146
Palabras que comprende,32,17,150,150,150
Palabras que comprende,33,17,153,153,153
Palabras que comprende,34,17,156,156,156
Palabras que comprende,35,17,159,159,159
Palabras que comprende,36,17,162,162,162
Palabras que comprende,37,17,166,166,166
Palabras que comprende,38,17,169,169,169
Palabras que comprende,39,17,172,172,172
Palabras que comprende,40,17,175,175,175
Palabras que comprende,41,17,178,178,178
Palabras que comprende,42,17,181,181,181
Palabras que comprende,43,17,184,184,184
Palabras que comprende,44,17,187,187,187
Palabras que comprende,45,17,191,191,191
Palabras que comprende,46,17,194,194,194
Palabras que comprende,47,17,197,197,197
Palabras que comprende,48,17,200,200,200
Palabras que comprende,49,17,203,203,203
Palabras que comprende,50,17,206,206,206
Palabras que comprende,51,17,209,209,209
Palabras que comprende,52,17,212,212,212
Palabras que comprende,53,17,215,215,215
Palabras que comprende,54,17,218,218,218
Palabras que comprende,55,17,222,222,222
Palabras que comprende,56,17,225,225,225
Palabras que comprende,57,17,228,228,228
Palabras que comprende,58,17,231,231,231
Palabras que comprende,59,17,234,234,234
Palabras que comprende,60,17,237,237,237
Palabras que comprende,61,17,240,240,240
Palabras que comprende,62,17,244,244,244
Palabras que comprende,63,17,247,247,247
Palabras que comprende,64,17,250,250,250
Palabras que comprende,65,17,253,253,253
Palabras que comprende,66,17,257,257,257
Palabras que comprende,67,17,260,260,260
Palabras que comprende,68,17,263,263,263
Palabras que comprende,69,17,267,267,267
Palabras que comprende,70,17,270,270,270
Palabras que comprende,71,17,273,273,273
Palabras que comprende,72,17,277,277,277
Palabras que comprende,73,17,280,280,280
Palabras que comprende,74,17,284,284,284
Palabras que comprende,75,17,287,287,287
Palabras que comprende,76,17,291,291,291
Palabras que comprende,77,17,294,294,294
Palabras que comprende,78,17,298,298,298
Palabras que comprende,79,17,302,302,302
Palabras que comprende,80,17,305,305,305
Palabras que comprende,81,17,309,309,309
Palabras que comprende,82,17,313,313,313
Palabras que comprende,83,17,317,317,317
Palabras que comprende,84,17,321,321,321
Palabras que comprende,85,17,325,325,325
Palabras que comprende,86,17,329,329,329
Palabras que comprende,87,17,334,334,334
Palabras que comprende,88,17,338,338,338
Palabras que comprende,89,17,343,343,343
Palabras que comprende,90,17,347,347,347
Palabras que comprende,91,17,352,352,352
Palabras que comprende,92,17,357,357,357
Palabras que comprende,93,17,363,363,363
Palabras que comprende,94,17,368,368,368
Palabras que comprende,95,17,374,374,374
Palabras que comprende,96,17,381,381,381
Palabras que comprende,97,17,388,388,388
Palabras que comprende,98,17,396,396,396
Palabras que comprende,99,17,407,407,407
Palabras que comprende,0,18,0,0,0
Palabras que comprende,1,18,22,22,22
Palabras que comprende,2,18,33,33,33
Palabras que comprende,3,18,42,42,42
Palabras que comprende,4,18,50,50,50
Palabras que comprende,5,18,57,57,57
Palabras que comprende,6,18,63,63,63
Palabras que comprende,7,18,69,69,69
Palabras que comprende,8,18,75,75,75
Palabras que comprende,9,18,80,80,80
Palabras que comprende,10,18,85,85,85
Palabras que comprende,11,18,90,90,90
Palabras que comprende,12,18,95,95,95
Palabras que comprende,13,18,100,100,100
Palabras que comprende,14,18,104,104,104
Palabras que comprende,15,18,109,109,109
Palabras que comprende,16,18,113,113,113
Palabras que comprende,17,18,118,118,118
Palabras que comprende,18,18,122,122,122
Palabras que comprende,19,18,126,126,126
Palabras que comprende,20,18,130,130,130
Palabras que comprende,21,18,134,134,134
Palabras que comprende,22,18,138,138,138
Palabras que comprende,23,18,142,142,142
Palabras que comprende,24,18,145,145,145
Palabras que comprende,25,18,149,149,149
Palabras que comprende,26,18,153,153,153
Palabras que comprende,27,18,157,157,157
Palabras que comprende,28,18,160,160,160
Palabras que comprende,29,18,164,164,164
Palabras que comprende,30,18,167,167,167
Palabras que comprende,31,18,171,171,171
Palabras que comprende,32,18,174,174,174
Palabras que comprende,33,18,178,178,178
Palabras que comprende,34,18,181,181,181
Palabras que comprende,35,18,185,185,185
Palabras que comprende,36,18,188,188,188
Palabras que comprende,37,18,191,191,191
Palabras que comprende,38,18,195,195,195
Palabras que comprende,39,18,198,198,198
Palabras que comprende,40,18,201,201,201
Palabras que comprende,41,18,205,205,205
Palabras que comprende,42,18,208,208,208
Palabras que comprende,43,18,211,211,211
Palabras que comprende,44,18,215,215,215
Palabras que comprende,45,18,218,218,218
Palabras que comprende,46,18,221,221,221
Palabras que comprende,47,18,224,224,224
Palabras que comprende,48,18,228,228,228
Palabras que comprende,49,18,231,231,231
Palabras que comprende,50,18,234,234,234
Palabras que comprende,51,18,237,237,237
Palabras que comprende,52,18,240,240,240
Palabras que comprende,53,18,243,243,243
Palabras que comprende,54,18,247,247,247
Palabras que comprende,55,18,250,250,250
Palabras que comprende,56,18,253,253,253
Palabras que comprende,57,18,256,256,256
Palabras que comprende,58,18,259,259,259
Palabras que comprende,59,18,263,263,263
Palabras que comprende,60,18,266,266,266
Palabras que comprende,61,18,269,269,269
Palabras que comprende,62,18,272,272,272
Palabras que comprende,63,18,275,275,275
Palabras que comprende,64,18,278,278,278
Palabras que comprende,65,18,282,282,282
Palabras que comprende,66,18,285,285,285
Palabras que comprende,67,18,288,288,288
Palabras que comprende,68,18,291,291,291
Palabras que comprende,69,18,295,295,295
Palabras que comprende,70,18,298,298,298
Palabras que comprende,71,18,301,301,301
Palabras que comprende,72,18,304,304,304
Palabras que comprende,73,18,308,308,308
Palabras que comprende,74,18,311,311,311
Palabras que comprende,75,18,314,314,314
Palabras que comprende,76,18,318,318,318
Palabras que comprende,77,18,321,321,321
Palabras que comprende,78,18,325,325,325
Palabras que comprende,79,18,328,328,328
Palabras que comprende,80,18,331,331,331
Palabras que comprende,81,18,335,335,335
Palabras que comprende,82,18,339,339,339
Palabras que comprende,83,18,342,342,342
Palabras que comprende,84,18,346,346,346
Palabras que comprende,85,18,349,349,349
Palabras que comprende,86,18,353,353,353
Palabras que comprende,87,18,357,357,357
Palabras que comprende,88,18,361,361,361
Palabras que comprende,89,18,365,365,365
Palabras que comprende,90,18,369,369,369
Palabras que comprende,91,18,373,373,373
Palabras que comprende,92,18,377,377,377
Palabras que comprende,93,18,382,382,382
Palabras que comprende,94,18,387,387,387
Palabras que comprende,95,18,391,391,391
Palabras que comprende,96,18,397,397,397
Palabras que comprende,97,18,402,402,402
Palabras que comprende,98,18,408,408,408
Palabras que comprende,99,18,416,416,416
Gestos Tardios,0,8,0,0,0
Gestos Tardios,1,8,0,0,0
Gestos Tardios,2,8,0,0,0
Gestos Tardios,3,8,0,0,0
Gestos Tardios,4,8,0,0,0
Gestos Tardios,5,8,0,0,0
Gestos Tardios,6,8,0,0,0
Gestos Tardios,7,8,0,0,0
Gestos Tardios,8,8,0,0,0
Gestos Tardios,9,8,0,0,0
Gestos Tardios,10,8,0,0,0
Gestos Tardios,11,8,0,0,0
Gestos Tardios,12,8,0,0,0
Gestos Tardios,13,8,0,0,0
Gestos Tardios,14,8,0,0,0
Gestos Tardios,15,8,0,0,0
Gestos Tardios,16,8,0,0,0
Gestos Tardios,17,8,0,0,0
Gestos Tardios,18,8,0,0,0
Gestos Tardios,19,8,0,0,0
Gestos Tardios,20,8,0,1,0
Gestos Tardios,21,8,0,1,0
Gestos Tardios,22,8,1,1,0
Gestos Tardios,23,8,1,1,1
Gestos Tardios,24,8,1,1,1
Gestos Tardios,25,8,1,1,1
Gestos Tardios,26,8,1,1,1
Gestos Tardios,27,8,1,1,1
Gestos Tardios,28,8,1,1,1
Gestos Tardios,29,8,1,1,1
Gestos Tardios,30,8,1,1,1
Gestos Tardios,31,8,1,1,1
Gestos Tardios,32,8,1,1,1
Gestos Tardios,33,8,1,1,1
Gestos Tardios,34,8,1,1,1
Gestos Tardios,35,8,1,1,1
Gestos Tardios,36,8,1,2,1
Gestos Tardios,37,8,1,2,1
Gestos Tardios,38,8,2,2,2
Gestos Tardios,39,8,2,2,2
Gestos Tardios,40,8,2,2,2
Gestos Tardios,41,8,2,2,2
Gestos Tardios,42,8,2,2,2
Gestos Tardios,43,8,2,2,2
Gestos Tardios,44,8,2,2,2
Gestos Tardios,45,8,2,2,2
Gestos Tardios,46,8,2,2,2
Gestos Tardios,47,8,2,3,2
Gestos Tardios,48,8,3,3,3
Gestos Tardios,49,8,3,3,3
Gestos Tardios,50,8,3,3,3
Gestos Tardios,51,8,3,3,3
Gestos Tardios,52,8,3,3,3
Gestos Tardios,53,8,3,3,3
Gestos Tardios,54,8,3,3,3
Gestos Tardios,55,8,3,4,3
Gestos Tardios,56,8,4,4,4
Gestos Tardios,57,8,4,4,4
Gestos Tardios,58,8,4,4,4
Gestos Tardios,59,8,4,4,4
Gestos Tardios,60,8,4,4,4
Gestos Tardios,61,8,4,4,4
Gestos Tardios,62,8,5,5,5
Gestos Tardios,63,8,5,5,5
Gestos Tardios,64,8,5,5,5
Gestos Tardios,65,8,5,5,5
Gestos Tardios,66,8,5,5,5
Gestos Tardios,67,8,5,5,6
Gestos Tardios,68,8,6,6,6
Gestos Tardios,69,8,6,6,6
Gestos Tardios,70,8,6,6,6
Gestos Tardios,71,8,6,6,7
Gestos Tardios,72,8,7,7,7
Gestos Tardios,73,8,7,7,7
Gestos Tardios,74,8,7,7,7
Gestos Tardios,75,8,7,7,8
Gestos Tardios,76,8,8,8,8
Gestos Tardios,77,8,8,8,8
Gestos Tardios,78,8,8,8,9
Gestos Tardios,79,8,9,8,9
Gestos Tardios,80,8,9,9,9
Gestos Tardios,81,8,9,9,10
Gestos Tardios,82,8,10,9,10
Gestos Tardios,83,8,10,10,10
Gestos Tardios,84,8,10,10,11
Gestos Tardios,85,8,11,11,11
Gestos Tardios,86,8,11,11,12
Gestos Tardios,87,8,12,12,12
Gestos Tardios,88,8,12,12,13
Gestos Tardios,89,8,13,13,13
Gestos Tardios,90,8,14,13,14
Gestos Tardios,91,8,14,14,15
Gestos Tardios,92,8,15,14,16
Gestos Tardios,93,8,16,15,16
Gestos Tardios,94,8,17,16,17
Gestos Tardios,95,8,18,17,18
Gestos Tardios,96,8,19,18,20
Gestos Tardios,97,8,21,20,21
Gestos Tardios,98,8,23,22,24
Gestos Tardios,99,8,26,25,27
Gestos Tardios,0,9,0,0,0
Gestos Tardios,1,9,0,0,0
Gestos Tardios,2,9,0,0,0
Gestos Tardios,3,9,0,0,0
Gestos Tardios,4,9,0,0,0
Gestos Tardios,5,9,0,0,0
Gestos Tardios,6,9,0,0,0
Gestos Tardios,7,9,0,0,0
Gestos Tardios,8,9,0,0,0
Gestos Tardios,9,9,0,0,0
Gestos Tardios,10,9,0,0,0
Gestos Tardios,11,9,0,0,0
Gestos Tardios,12,9,0,1,0
Gestos Tardios,13,9,1,1,0
Gestos Tardios,14,9,1,1,1
Gestos Tardios,15,9,1,1,1
Gestos Tardios,16,9,1,1,1
Gestos Tardios,17,9,1,1,1
Gestos Tardios,18,9,1,1,1
Gestos Tardios,19,9,1,1,1
Gestos Tardios,20,9,1,1,1
Gestos Tardios,21,9,1,1,1
Gestos Tardios,22,9,1,1,1
Gestos Tardios,23,9,1,1,1
Gestos Tardios,24,9,1,1,1
Gestos Tardios,25,9,1,1,1
Gestos Tardios,26,9,1,2,1
Gestos Tardios,27,9,2,2,2
Gestos Tardios,28,9,2,2,2
Gestos Tardios,29,9,2,2,2
Gestos Tardios,30,9,2,2,2
Gestos Tardios,31,9,2,2,2
Gestos Tardios,32,9,2,2,2
Gestos Tardios,33,9,2,2,2
Gestos Tardios,34,9,2,2,2
Gestos Tardios,35,9,2,2,2
Gestos Tardios,36,9,2,3,3
Gestos Tardios,37,9,3,3,3
Gestos Tardios,38,9,3,3,3
Gestos Tardios,39,9,3,3,3
Gestos Tardios,40,9,3,3,3
Gestos Tardios,41,9,3,3,3
Gestos Tardios,42,9,3,3,3
Gestos Tardios,43,9,3,3,3
Gestos Tardios,44,9,3,4,4
Gestos Tardios,45,9,4,4,4
Gestos Tardios,46,9,4,4,4
Gestos Tardios,47,9,4,4,4
Gestos Tardios,48,9,4,4,4
Gestos Tardios,49,9,4,4,4
Gestos Tardios,50,9,4,4,4
Gestos Tardios,51,9,5,4,5
Gestos Tardios,52,9,5,5,5
Gestos Tardios,53,9,5,5,5
Gestos Tardios,54,9,5,5,5
Gestos Tardios,55,9,5,5,5
Gestos Tardios,56,9,5,5,5
Gestos Tardios,57,9,6,5,6
Gestos Tardios,58,9,6,6,6
Gestos Tardios,59,9,6,6,6
Gestos Tardios,60,9,6,6,6
Gestos Tardios,61,9,6,6,6
Gestos Tardios,62,9,7,6,7
Gestos Tardios,63,9,7,7,7
Gestos Tardios,64,9,7,7,7
Gestos Tardios,65,9,7,7,7
Gestos Tardios,66,9,7,7,8
Gestos Tardios,67,9,8,7,8
Gestos Tardios,68,9,8,8,8
Gestos Tardios,69,9,8,8,8
Gestos Tardios,70,9,8,8,9
Gestos Tardios,71,9,9,8,9
Gestos Tardios,72,9,9,9,9
Gestos Tardios,73,9,9,9,9
Gestos Tardios,74,9,9,9,10
Gestos Tardios,75,9,10,9,10
Gestos Tardios,76,9,10,10,10
Gestos Tardios,77,9,10,10,11
Gestos Tardios,78,9,11,10,11
Gestos Tardios,79,9,11,11,11
Gestos Tardios,80,9,11,11,12
Gestos Tardios,81,9,12,11,12
Gestos Tardios,82,9,12,12,13
Gestos Tardios,83,9,13,12,13
Gestos Tardios,84,9,13,13,14
Gestos Tardios,85,9,14,13,14
Gestos Tardios,86,9,14,13,15
Gestos Tardios,87,9,15,14,15
Gestos Tardios,88,9,15,14,16
Gestos Tardios,89,9,16,15,16
Gestos Tardios,90,9,16,16,17
Gestos Tardios,91,9,17,16,18
Gestos Tardios,92,9,18,17,18
Gestos Tardios,93,9,19,18,19
Gestos Tardios,94,9,19,19,20
Gestos Tardios,95,9,21,20,21
Gestos Tardios,96,9,22,21,23
Gestos Tardios,97,9,23,22,24
Gestos Tardios,98,9,25,24,26
Gestos Tardios,99,9,28,27,29
Gestos Tardios,0,10,0,0,0
Gestos Tardios,1,10,0,0,0
Gestos Tardios,2,10,0,0,0
Gestos Tardios,3,10,0,0,0
Gestos Tardios,4,10,0,0,0
Gestos Tardios,5,10,0,0,0
Gestos Tardios,6,10,0,0,0
Gestos Tardios,7,10,1,1,1
Gestos Tardios,8,10,1,1,1
Gestos Tardios,9,10,1,1,1
Gestos Tardios,10,10,1,1,1
Gestos Tardios,11,10,1,1,1
Gestos Tardios,12,10,1,1,1
Gestos Tardios,13,10,1,1,1
Gestos Tardios,14,10,1,1,1
Gestos Tardios,15,10,1,1,1
Gestos Tardios,16,10,1,1,1
Gestos Tardios,17,10,2,2,2
Gestos Tardios,18,10,2,2,2
Gestos Tardios,19,10,2,2,2
Gestos Tardios,20,10,2,2,2
Gestos Tardios,21,10,2,2,2
Gestos Tardios,22,10,2,2,2
Gestos Tardios,23,10,2,2,2
Gestos Tardios,24,10,2,2,2
Gestos Tardios,25,10,3,3,3
Gestos Tardios,26,10,3,3,3
Gestos Tardios,27,10,3,3,3
Gestos Tardios,28,10,3,3,3
Gestos Tardios,29,10,3,3,3
Gestos Tardios,30,10,3,3,3
Gestos Tardios,31,10,3,3,3
Gestos Tardios,32,10,3,3,4
Gestos Tardios,33,10,4,4,4
Gestos Tardios,34,10,4,4,4
Gestos Tardios,35,10,4,4,4
Gestos Tardios,36,10,4,4,4
Gestos Tardios,37,10,4,4,4
Gestos Tardios,38,10,4,4,4
Gestos Tardios,39,10,5,4,5
Gestos Tardios,40,10,5,5,5
Gestos Tardios,41,10,5,5,5
Gestos Tardios,42,10,5,5,5
Gestos Tardios,43,10,5,5,5
Gestos Tardios,44,10,5,5,6
Gestos Tardios,45,10,6,5,6
Gestos Tardios,46,10,6,5,6
Gestos Tardios,47,10,6,6,6
Gestos Tardios,48,10,6,6,6
Gestos Tardios,49,10,6,6,6
Gestos Tardios,50,10,6,6,7
Gestos Tardios,51,10,7,6,7
Gestos Tardios,52,10,7,7,7
Gestos Tardios,53,10,7,7,7
Gestos Tardios,54,10,7,7,7
Gestos Tardios,55,10,7,7,8
Gestos Tardios,56,10,8,7,8
Gestos Tardios,57,10,8,7,8
Gestos Tardios,58,10,8,8,8
Gestos Tardios,59,10,8,8,9
Gestos Tardios,60,10,8,8,9
Gestos Tardios,61,10,9,8,9
Gestos Tardios,62,10,9,9,9
Gestos Tardios,63,10,9,9,10
Gestos Tardios,64,10,9,9,10
Gestos Tardios,65,10,10,9,10
Gestos Tardios,66,10,10,9,10
Gestos Tardios,67,10,10,10,11
Gestos Tardios,68,10,10,10,11
Gestos Tardios,69,10,11,10,11
Gestos Tardios,70,10,11,10,11
Gestos Tardios,71,10,11,11,12
Gestos Tardios,72,10,12,11,12
Gestos Tardios,73,10,12,11,12
Gestos Tardios,74,10,12,12,13
Gestos Tardios,75,10,12,12,13
Gestos Tardios,76,10,13,12,13
Gestos Tardios,77,10,13,13,14
Gestos Tardios,78,10,14,13,14
Gestos Tardios,79,10,14,13,14
Gestos Tardios,80,10,14,14,15
Gestos Tardios,81,10,15,14,15
Gestos Tardios,82,10,15,14,16
Gestos Tardios,83,10,16,15,16
Gestos Tardios,84,10,16,15,17
Gestos Tardios,85,10,16,16,17
Gestos Tardios,86,10,17,16,18
Gestos Tardios,87,10,17,17,18
Gestos Tardios,88,10,18,17,19
Gestos Tardios,89,10,19,18,19
Gestos Tardios,90,10,19,18,20
Gestos Tardios,91,10,20,19,21
Gestos Tardios,92,10,21,20,21
Gestos Tardios,93,10,21,20,22
Gestos Tardios,94,10,22,21,23
Gestos Tardios,95,10,23,22,24
Gestos Tardios,96,10,25,23,25
Gestos Tardios,97,10,26,25,27
Gestos Tardios,98,10,28,26,29
Gestos Tardios,99,10,30,29,31
Gestos Tardios,0,11,0,0,0
Gestos Tardios,1,11,0,0,0
Gestos Tardios,2,11,0,0,0
Gestos Tardios,3,11,1,1,1
Gestos Tardios,4,11,1,1,1
Gestos Tardios,5,11,1,1,1
Gestos Tardios,6,11,1,1,1
Gestos Tardios,7,11,1,1,1
Gestos Tardios,8,11,1,1,1
Gestos Tardios,9,11,2,1,2
Gestos Tardios,10,11,2,2,2
Gestos Tardios,11,11,2,2,2
Gestos Tardios,12,11,2,2,2
Gestos Tardios,13,11,2,2,2
Gestos Tardios,14,11,2,2,2
Gestos Tardios,15,11,2,2,3
Gestos Tardios,16,11,3,3,3
Gestos Tardios,17,11,3,3,3
Gestos Tardios,18,11,3,3,3
Gestos Tardios,19,11,3,3,3
Gestos Tardios,20,11,3,3,3
Gestos Tardios,21,11,3,3,4
Gestos Tardios,22,11,4,3,4
Gestos Tardios,23,11,4,4,4
Gestos Tardios,24,11,4,4,4
Gestos Tardios,25,11,4,4,4
Gestos Tardios,26,11,4,4,4
Gestos Tardios,27,11,4,4,5
Gestos Tardios,28,11,5,4,5
Gestos Tardios,29,11,5,5,5
Gestos Tardios,30,11,5,5,5
Gestos Tardios,31,11,5,5,5
Gestos Tardios,32,11,5,5,6
Gestos Tardios,33,11,6,5,6
Gestos Tardios,34,11,6,5,6
Gestos Tardios,35,11,6,6,6
Gestos Tardios,36,11,6,6,6
Gestos Tardios,37,11,6,6,7
Gestos Tardios,38,11,6,6,7
Gestos Tardios,39,11,7,6,7
Gestos Tardios,40,11,7,7,7
Gestos Tardios,41,11,7,7,7
Gestos Tardios,42,11,7,7,8
Gestos Tardios,43,11,7,7,8
Gestos Tardios,44,11,8,7,8
Gestos Tardios,45,11,8,7,8
Gestos Tardios,46,11,8,8,8
Gestos Tardios,47,11,8,8,9
Gestos Tardios,48,11,8,8,9
Gestos Tardios,49,11,9,8,9
Gestos Tardios,50,11,9,8,9
Gestos Tardios,51,11,9,9,10
Gestos Tardios,52,11,9,9,10
Gestos Tardios,53,11,10,9,10
Gestos Tardios,54,11,10,9,10
Gestos Tardios,55,11,10,9,10
Gestos Tardios,56,11,10,10,11
Gestos Tardios,57,11,10,10,11
Gestos Tardios,58,11,11,10,11
Gestos Tardios,59,11,11,10,11
Gestos Tardios,60,11,11,11,12
Gestos Tardios,61,11,11,11,12
Gestos Tardios,62,11,12,11,12
Gestos Tardios,63,11,12,11,13
Gestos Tardios,64,11,12,12,13
Gestos Tardios,65,11,13,12,13
Gestos Tardios,66,11,13,12,13
Gestos Tardios,67,11,13,12,14
Gestos Tardios,68,11,13,13,14
Gestos Tardios,69,11,14,13,14
Gestos Tardios,70,11,14,13,15
Gestos Tardios,71,11,14,13,15
Gestos Tardios,72,11,15,14,15
Gestos Tardios,73,11,15,14,16
Gestos Tardios,74,11,15,14,16
Gestos Tardios,75,11,16,15,16
Gestos Tardios,76,11,16,15,17
Gestos Tardios,77,11,16,15,17
Gestos Tardios,78,11,17,16,17
Gestos Tardios,79,11,17,16,18
Gestos Tardios,80,11,17,16,18
Gestos Tardios,81,11,18,17,19
Gestos Tardios,82,11,18,17,19
Gestos Tardios,83,11,19,18,19
Gestos Tardios,84,11,19,18,20
Gestos Tardios,85,11,20,18,20
Gestos Tardios,86,11,20,19,21
Gestos Tardios,87,11,21,19,21
Gestos Tardios,88,11,21,20,22
Gestos Tardios,89,11,22,20,23
Gestos Tardios,90,11,22,21,23
Gestos Tardios,91,11,23,22,24
Gestos Tardios,92,11,24,22,25
Gestos Tardios,93,11,24,23,25
Gestos Tardios,94,11,25,24,26
Gestos Tardios,95,11,26,25,27
Gestos Tardios,96,11,27,26,28
Gestos Tardios,97,11,29,27,30
Gestos Tardios,98,11,30,29,31
Gestos Tardios,99,11,33,31,34
Gestos Tardios,0,12,0,0,0
Gestos Tardios,1,12,1,1,1
Gestos Tardios,2,12,1,1,1
Gestos Tardios,3,12,1,1,1
Gestos Tardios,4,12,1,1,1
Gestos Tardios,5,12,2,2,2
Gestos Tardios,6,12,2,2,2
Gestos Tardios,7,12,2,2,2
Gestos Tardios,8,12,2,2,3
Gestos Tardios,9,12,3,3,3
Gestos Tardios,10,12,3,3,3
Gestos Tardios,11,12,3,3,3
Gestos Tardios,12,12,3,3,4
Gestos Tardios,13,12,4,3,4
Gestos Tardios,14,12,4,4,4
Gestos Tardios,15,12,4,4,4
Gestos Tardios,16,12,4,4,4
Gestos Tardios,17,12,5,4,5
Gestos Tardios,18,12,5,4,5
Gestos Tardios,19,12,5,5,5
Gestos Tardios,20,12,5,5,5
Gestos Tardios,21,12,5,5,6
Gestos Tardios,22,12,6,5,6
Gestos Tardios,23,12,6,5,6
Gestos Tardios,24,12,6,6,6
Gestos Tardios,25,12,6,6,7
Gestos Tardios,26,12,6,6,7
Gestos Tardios,27,12,7,6,7
Gestos Tardios,28,12,7,6,7
Gestos Tardios,29,12,7,7,7
Gestos Tardios,30,12,7,7,8
Gestos Tardios,31,12,8,7,8
Gestos Tardios,32,12,8,7,8
Gestos Tardios,33,12,8,7,8
Gestos Tardios,34,12,8,8,9
Gestos Tardios,35,12,8,8,9
Gestos Tardios,36,12,9,8,9
Gestos Tardios,37,12,9,8,9
Gestos Tardios,38,12,9,8,10
Gestos Tardios,39,12,9,9,10
Gestos Tardios,40,12,9,9,10
Gestos Tardios,41,12,10,9,10
Gestos Tardios,42,12,10,9,10
Gestos Tardios,43,12,10,9,11
Gestos Tardios,44,12,10,10,11
Gestos Tardios,45,12,11,10,11
Gestos Tardios,46,12,11,10,11
Gestos Tardios,47,12,11,10,12
Gestos Tardios,48,12,11,11,12
Gestos Tardios,49,12,12,11,12
Gestos Tardios,50,12,12,11,12
Gestos Tardios,51,12,12,11,13
Gestos Tardios,52,12,12,11,13
Gestos Tardios,53,12,13,12,13
Gestos Tardios,54,12,13,12,13
Gestos Tardios,55,12,13,12,14
Gestos Tardios,56,12,13,12,14
Gestos Tardios,57,12,14,13,14
Gestos Tardios,58,12,14,13,15
Gestos Tardios,59,12,14,13,15
Gestos Tardios,60,12,14,13,15
Gestos Tardios,61,12,15,14,15
Gestos Tardios,62,12,15,14,16
Gestos Tardios,63,12,15,14,16
Gestos Tardios,64,12,15,14,16
Gestos Tardios,65,12,16,15,17
Gestos Tardios,66,12,16,15,17
Gestos Tardios,67,12,16,15,17
Gestos Tardios,68,12,17,15,17
Gestos Tardios,69,12,17,16,18
Gestos Tardios,70,12,17,16,18
Gestos Tardios,71,12,18,16,18
Gestos Tardios,72,12,18,17,19
Gestos Tardios,73,12,18,17,19
Gestos Tardios,74,12,19,17,19
Gestos Tardios,75,12,19,18,20
Gestos Tardios,76,12,19,18,20
Gestos Tardios,77,12,20,18,21
Gestos Tardios,78,12,20,19,21
Gestos Tardios,79,12,20,19,21
Gestos Tardios,80,12,21,19,22
Gestos Tardios,81,12,21,20,22
Gestos Tardios,82,12,22,20,23
Gestos Tardios,83,12,22,21,23
Gestos Tardios,84,12,22,21,23
Gestos Tardios,85,12,23,21,24
Gestos Tardios,86,12,23,22,24
Gestos Tardios,87,12,24,22,25
Gestos Tardios,88,12,24,23,25
Gestos Tardios,89,12,25,23,26
Gestos Tardios,90,12,25,24,27
Gestos Tardios,91,12,26,25,27
Gestos Tardios,92,12,27,25,28
Gestos Tardios,93,12,28,26,29
Gestos Tardios,94,12,28,27,29
Gestos Tardios,95,12,29,28,30
Gestos Tardios,96,12,30,29,31
Gestos Tardios,97,12,31,30,32
Gestos Tardios,98,12,33,31,34
Gestos Tardios,99,12,35,33,36
Gestos Tardios,0,13,0,0,0
Gestos Tardios,1,13,1,1,1
Gestos Tardios,2,13,2,2,2
Gestos Tardios,3,13,2,2,2
Gestos Tardios,4,13,3,2,3
Gestos Tardios,5,13,3,3,3
Gestos Tardios,6,13,3,3,4
Gestos Tardios,7,13,4,3,4
Gestos Tardios,8,13,4,4,4
Gestos Tardios,9,13,4,4,5
Gestos Tardios,10,13,5,4,5
Gestos Tardios,11,13,5,5,5
Gestos Tardios,12,13,5,5,6
Gestos Tardios,13,13,6,5,6
Gestos Tardios,14,13,6,5,6
Gestos Tardios,15,13,6,6,6
Gestos Tardios,16,13,6,6,7
Gestos Tardios,17,13,7,6,7
Gestos Tardios,18,13,7,6,7
Gestos Tardios,19,13,7,7,8
Gestos Tardios,20,13,7,7,8
Gestos Tardios,21,13,8,7,8
Gestos Tardios,22,13,8,7,8
Gestos Tardios,23,13,8,8,9
Gestos Tardios,24,13,9,8,9
Gestos Tardios,25,13,9,8,9
Gestos Tardios,26,13,9,8,10
Gestos Tardios,27,13,9,9,10
Gestos Tardios,28,13,10,9,10
Gestos Tardios,29,13,10,9,10
Gestos Tardios,30,13,10,9,11
Gestos Tardios,31,13,10,10,11
Gestos Tardios,32,13,11,10,11
Gestos Tardios,33,13,11,10,11
Gestos Tardios,34,13,11,10,12
Gestos Tardios,35,13,11,10,12
Gestos Tardios,36,13,12,11,12
Gestos Tardios,37,13,12,11,12
Gestos Tardios,38,13,12,11,13
Gestos Tardios,39,13,12,11,13
Gestos Tardios,40,13,12,12,13
Gestos Tardios,41,13,13,12,14
Gestos Tardios,42,13,13,12,14
Gestos Tardios,43,13,13,12,14
Gestos Tardios,44,13,13,13,14
Gestos Tardios,45,13,14,13,15
Gestos Tardios,46,13,14,13,15
Gestos Tardios,47,13,14,13,15
Gestos Tardios,48,13,15,13,15
Gestos Tardios,49,13,15,14,16
Gestos Tardios,50,13,15,14,16
Gestos Tardios,51,13,15,14,16
Gestos Tardios,52,13,16,14,16
Gestos Tardios,53,13,16,15,17
Gestos Tardios,54,13,16,15,17
Gestos Tardios,55,13,16,15,17
Gestos Tardios,56,13,17,15,18
Gestos Tardios,57,13,17,16,18
Gestos Tardios,58,13,17,16,18
Gestos Tardios,59,13,17,16,18
Gestos Tardios,60,13,18,16,19
Gestos Tardios,61,13,18,17,19
Gestos Tardios,62,13,18,17,19
Gestos Tardios,63,13,19,17,20
Gestos Tardios,64,13,19,17,20
Gestos Tardios,65,13,19,18,20
Gestos Tardios,66,13,19,18,20
Gestos Tardios,67,13,20,18,21
Gestos Tardios,68,13,20,19,21
Gestos Tardios,69,13,20,19,21
Gestos Tardios,70,13,21,19,22
Gestos Tardios,71,13,21,20,22
Gestos Tardios,72,13,21,20,22
Gestos Tardios,73,13,22,20,23
Gestos Tardios,74,13,22,20,23
Gestos Tardios,75,13,22,21,23
Gestos Tardios,76,13,23,21,24
Gestos Tardios,77,13,23,21,24
Gestos Tardios,78,13,23,22,25
Gestos Tardios,79,13,24,22,25
Gestos Tardios,80,13,24,23,25
Gestos Tardios,81,13,24,23,26
Gestos Tardios,82,13,25,23,26
Gestos Tardios,83,13,25,24,27
Gestos Tardios,84,13,26,24,27
Gestos Tardios,85,13,26,25,27
Gestos Tardios,86,13,27,25,28
Gestos Tardios,87,13,27,25,28
Gestos Tardios,88,13,28,26,29
Gestos Tardios,89,13,28,26,29
Gestos Tardios,90,13,29,27,30
Gestos Tardios,91,13,29,28,30
Gestos Tardios,92,13,30,28,31
Gestos Tardios,93,13,30,29,32
Gestos Tardios,94,13,31,30,32
Gestos Tardios,95,13,32,30,33
Gestos Tardios,96,13,33,31,34
Gestos Tardios,97,13,34,32,35
Gestos Tardios,98,13,35,34,36
Gestos Tardios,99,13,37,36,38
Gestos Tardios,0,14,0,0,0
Gestos Tardios,1,14,2,2,2
Gestos Tardios,2,14,3,3,3
Gestos Tardios,3,14,3,3,4
Gestos Tardios,4,14,4,4,4
Gestos Tardios,5,14,5,4,5
Gestos Tardios,6,14,5,5,5
Gestos Tardios,7,14,6,5,6
Gestos Tardios,8,14,6,6,6
Gestos Tardios,9,14,6,6,7
Gestos Tardios,10,14,7,6,7
Gestos Tardios,11,14,7,7,8
Gestos Tardios,12,14,8,7,8
Gestos Tardios,13,14,8,7,8
Gestos Tardios,14,14,8,8,9
Gestos Tardios,15,14,9,8,9
Gestos Tardios,16,14,9,8,10
Gestos Tardios,17,14,9,9,10
Gestos Tardios,18,14,10,9,10
Gestos Tardios,19,14,10,9,11
Gestos Tardios,20,14,10,9,11
Gestos Tardios,21,14,10,10,11
Gestos Tardios,22,14,11,10,11
Gestos Tardios,23,14,11,10,12
Gestos Tardios,24,14,11,10,12
Gestos Tardios,25,14,12,11,12
Gestos Tardios,26,14,12,11,13
Gestos Tardios,27,14,12,11,13
Gestos Tardios,28,14,12,12,13
Gestos Tardios,29,14,13,12,14
Gestos Tardios,30,14,13,12,14
Gestos Tardios,31,14,13,12,14
Gestos Tardios,32,14,14,13,15
Gestos Tardios,33,14,14,13,15
Gestos Tardios,34,14,14,13,15
Gestos Tardios,35,14,14,13,15
Gestos Tardios,36,14,15,14,16
Gestos Tardios,37,14,15,14,16
Gestos Tardios,38,14,15,14,16
Gestos Tardios,39,14,15,14,17
Gestos Tardios,40,14,16,15,17
Gestos Tardios,41,14,16,15,17
Gestos Tardios,42,14,16,15,17
Gestos Tardios,43,14,17,15,18
Gestos Tardios,44,14,17,16,18
Gestos Tardios,45,14,17,16,18
Gestos Tardios,46,14,17,16,18
Gestos Tardios,47,14,18,16,19
Gestos Tardios,48,14,18,17,19
Gestos Tardios,49,14,18,17,19
Gestos Tardios,50,14,18,17,20
Gestos Tardios,51,14,19,17,20
Gestos Tardios,52,14,19,18,20
Gestos Tardios,53,14,19,18,20
Gestos Tardios,54,14,19,18,21
Gestos Tardios,55,14,20,18,21
Gestos Tardios,56,14,20,19,21
Gestos Tardios,57,14,20,19,22
Gestos Tardios,58,14,21,19,22
Gestos Tardios,59,14,21,19,22
Gestos Tardios,60,14,21,20,22
Gestos Tardios,61,14,21,20,23
Gestos Tardios,62,14,22,20,23
Gestos Tardios,63,14,22,20,23
Gestos Tardios,64,14,22,21,24
Gestos Tardios,65,14,23,21,24
Gestos Tardios,66,14,23,21,24
Gestos Tardios,67,14,23,22,25
Gestos Tardios,68,14,23,22,25
Gestos Tardios,69,14,24,22,25
Gestos Tardios,70,14,24,22,25
Gestos Tardios,71,14,24,23,26
Gestos Tardios,72,14,25,23,26
Gestos Tardios,73,14,25,23,26
Gestos Tardios,74,14,25,24,27
Gestos Tardios,75,14,26,24,27
Gestos Tardios,76,14,26,24,27
Gestos Tardios,77,14,26,25,28
Gestos Tardios,78,14,27,25,28
Gestos Tardios,79,14,27,25,28
Gestos Tardios,80,14,27,26,29
Gestos Tardios,81,14,28,26,29
Gestos Tardios,82,14,28,26,30
Gestos Tardios,83,14,29,27,30
Gestos Tardios,84,14,29,27,30
Gestos Tardios,85,14,29,28,31
Gestos Tardios,86,14,30,28,31
Gestos Tardios,87,14,30,28,32
Gestos Tardios,88,14,31,29,32
Gestos Tardios,89,14,31,29,32
Gestos Tardios,90,14,32,30,33
Gestos Tardios,91,14,32,30,33
Gestos Tardios,92,14,33,31,34
Gestos Tardios,93,14,33,32,35
Gestos Tardios,94,14,34,32,35
Gestos Tardios,95,14,35,33,36
Gestos Tardios,96,14,35,34,37
Gestos Tardios,97,14,36,35,37
Gestos Tardios,98,14,37,36,38
Gestos Tardios,99,14,39,37,40
Gestos Tardios,0,15,0,0,0
Gestos Tardios,1,15,3,3,3
Gestos Tardios,2,15,4,4,5
Gestos Tardios,3,15,5,5,6
Gestos Tardios,4,15,6,6,6
Gestos Tardios,5,15,7,6,7
Gestos Tardios,6,15,7,7,8
Gestos Tardios,7,15,8,7,8
Gestos Tardios,8,15,8,8,9
Gestos Tardios,9,15,9,8,9
Gestos Tardios,10,15,9,9,10
Gestos Tardios,11,15,10,9,10
Gestos Tardios,12,15,10,9,11
Gestos Tardios,13,15,10,10,11
Gestos Tardios,14,15,11,10,12
Gestos Tardios,15,15,11,10,12
Gestos Tardios,16,15,12,11,13
Gestos Tardios,17,15,12,11,13
Gestos Tardios,18,15,12,11,13
Gestos Tardios,19,15,13,12,14
Gestos Tardios,20,15,13,12,14
Gestos Tardios,21,15,13,12,14
Gestos Tardios,22,15,14,13,15
Gestos Tardios,23,15,14,13,15
Gestos Tardios,24,15,14,13,15
Gestos Tardios,25,15,15,14,16
Gestos Tardios,26,15,15,14,16
Gestos Tardios,27,15,15,14,16
Gestos Tardios,28,15,16,15,17
Gestos Tardios,29,15,16,15,17
Gestos Tardios,30,15,16,15,17
Gestos Tardios,31,15,17,15,18
Gestos Tardios,32,15,17,16,18
Gestos Tardios,33,15,17,16,18
Gestos Tardios,34,15,17,16,19
Gestos Tardios,35,15,18,16,19
Gestos Tardios,36,15,18,17,19
Gestos Tardios,37,15,18,17,20
Gestos Tardios,38,15,19,17,20
Gestos Tardios,39,15,19,17,20
Gestos Tardios,40,15,19,18,20
Gestos Tardios,41,15,19,18,21
Gestos Tardios,42,15,20,18,21
Gestos Tardios,43,15,20,19,21
Gestos Tardios,44,15,20,19,22
Gestos Tardios,45,15,20,19,22
Gestos Tardios,46,15,21,19,22
Gestos Tardios,47,15,21,20,22
Gestos Tardios,48,15,21,20,23
Gestos Tardios,49,15,22,20,23
Gestos Tardios,50,15,22,20,23
Gestos Tardios,51,15,22,21,24
Gestos Tardios,52,15,22,21,24
Gestos Tardios,53,15,23,21,24
Gestos Tardios,54,15,23,21,24
Gestos Tardios,55,15,23,22,25
Gestos Tardios,56,15,23,22,25
Gestos Tardios,57,15,24,22,25
Gestos Tardios,58,15,24,22,26
Gestos Tardios,59,15,24,23,26
Gestos Tardios,60,15,25,23,26
Gestos Tardios,61,15,25,23,26
Gestos Tardios,62,15,25,23,27
Gestos Tardios,63,15,25,24,27
Gestos Tardios,64,15,26,24,27
Gestos Tardios,65,15,26,24,28
Gestos Tardios,66,15,26,25,28
Gestos Tardios,67,15,27,25,28
Gestos Tardios,68,15,27,25,28
Gestos Tardios,69,15,27,25,29
Gestos Tardios,70,15,27,26,29
Gestos Tardios,71,15,28,26,29
Gestos Tardios,72,15,28,26,30
Gestos Tardios,73,15,28,27,30
Gestos Tardios,74,15,29,27,30
Gestos Tardios,75,15,29,27,30
Gestos Tardios,76,15,29,28,31
Gestos Tardios,77,15,30,28,31
Gestos Tardios,78,15,30,28,31
Gestos Tardios,79,15,30,28,32
Gestos Tardios,80,15,31,29,32
Gestos Tardios,81,15,31,29,32
Gestos Tardios,82,15,31,29,33
Gestos Tardios,83,15,32,30,33
Gestos Tardios,84,15,32,30,33
Gestos Tardios,85,15,32,31,34
Gestos Tardios,86,15,33,31,34
Gestos Tardios,87,15,33,31,34
Gestos Tardios,88,15,33,32,35
Gestos Tardios,89,15,34,32,35
Gestos Tardios,90,15,34,33,36
Gestos Tardios,91,15,35,33,36
Gestos Tardios,92,15,35,34,37
Gestos Tardios,93,15,36,34,37
Gestos Tardios,94,15,36,35,37
Gestos Tardios,95,15,37,35,38
Gestos Tardios,96,15,37,36,39
Gestos Tardios,97,15,38,37,39
Gestos Tardios,98,15,39,38,40
Gestos Tardios,99,15,40,39,41
Gestos Tardios,0,16,0,0,0
Gestos Tardios,1,16,5,4,5
Gestos Tardios,2,16,6,6,7
Gestos Tardios,3,16,7,7,8
Gestos Tardios,4,16,8,8,9
Gestos Tardios,5,16,9,8,10
Gestos Tardios,6,16,10,9,10
Gestos Tardios,7,16,10,10,11
Gestos Tardios,8,16,11,10,12
Gestos Tardios,9,16,11,11,12
Gestos Tardios,10,16,12,11,13
Gestos Tardios,11,16,12,12,13
Gestos Tardios,12,16,13,12,14
Gestos Tardios,13,16,13,12,14
Gestos Tardios,14,16,14,13,15
Gestos Tardios,15,16,14,13,15
Gestos Tardios,16,16,15,14,16
Gestos Tardios,17,16,15,14,16
Gestos Tardios,18,16,15,14,17
Gestos Tardios,19,16,16,15,17
Gestos Tardios,20,16,16,15,17
Gestos Tardios,21,16,17,15,18
Gestos Tardios,22,16,17,16,18
Gestos Tardios,23,16,17,16,19
Gestos Tardios,24,16,18,16,19
Gestos Tardios,25,16,18,17,19
Gestos Tardios,26,16,18,17,20
Gestos Tardios,27,16,19,17,20
Gestos Tardios,28,16,19,18,20
Gestos Tardios,29,16,19,18,21
Gestos Tardios,30,16,20,18,21
Gestos Tardios,31,16,20,19,21
Gestos Tardios,32,16,20,19,22
Gestos Tardios,33,16,20,19,22
Gestos Tardios,34,16,21,19,22
Gestos Tardios,35,16,21,20,23
Gestos Tardios,36,16,21,20,23
Gestos Tardios,37,16,22,20,23
Gestos Tardios,38,16,22,20,23
Gestos Tardios,39,16,22,21,24
Gestos Tardios,40,16,22,21,24
Gestos Tardios,41,16,23,21,24
Gestos Tardios,42,16,23,22,25
Gestos Tardios,43,16,23,22,25
Gestos Tardios,44,16,24,22,25
Gestos Tardios,45,16,24,22,26
Gestos Tardios,46,16,24,23,26
Gestos Tardios,47,16,24,23,26
Gestos Tardios,48,16,25,23,26
Gestos Tardios,49,16,25,23,27
Gestos Tardios,50,16,25,24,27
Gestos Tardios,51,16,25,24,27
Gestos Tardios,52,16,26,24,27
Gestos Tardios,53,16,26,24,28
Gestos Tardios,54,16,26,25,28
Gestos Tardios,55,16,27,25,28
Gestos Tardios,56,16,27,25,28
Gestos Tardios,57,16,27,25,29
Gestos Tardios,58,16,27,26,29
Gestos Tardios,59,16,28,26,29
Gestos Tardios,60,16,28,26,30
Gestos Tardios,61,16,28,26,30
Gestos Tardios,62,16,28,27,30
Gestos Tardios,63,16,29,27,30
Gestos Tardios,64,16,29,27,31
Gestos Tardios,65,16,29,28,31
Gestos Tardios,66,16,29,28,31
Gestos Tardios,67,16,30,28,31
Gestos Tardios,68,16,30,28,32
Gestos Tardios,69,16,30,29,32
Gestos Tardios,70,16,31,29,32
Gestos Tardios,71,16,31,29,32
Gestos Tardios,72,16,31,29,33
Gestos Tardios,73,16,31,30,33
Gestos Tardios,74,16,32,30,33
Gestos Tardios,75,16,32,30,34
Gestos Tardios,76,16,32,31,34
Gestos Tardios,77,16,32,31,34
Gestos Tardios,78,16,33,31,34
Gestos Tardios,79,16,33,31,35
Gestos Tardios,80,16,33,32,35
Gestos Tardios,81,16,34,32,35
Gestos Tardios,82,16,34,32,35
Gestos Tardios,83,16,34,33,36
Gestos Tardios,84,16,35,33,36
Gestos Tardios,85,16,35,33,36
Gestos Tardios,86,16,35,34,37
Gestos Tardios,87,16,36,34,37
Gestos Tardios,88,16,36,34,37
Gestos Tardios,89,16,36,35,38
Gestos Tardios,90,16,37,35,38
Gestos Tardios,91,16,37,36,38
Gestos Tardios,92,16,37,36,39
Gestos Tardios,93,16,38,36,39
Gestos Tardios,94,16,38,37,39
Gestos Tardios,95,16,39,37,40
Gestos Tardios,96,16,39,38,40
Gestos Tardios,97,16,40,39,41
Gestos Tardios,98,16,40,39,41
Gestos Tardios,99,16,41,40,42
Gestos Tardios,0,17,0,0,0
Gestos Tardios,1,17,6,6,7
Gestos Tardios,2,17,8,8,9
Gestos Tardios,3,17,9,9,10
Gestos Tardios,4,17,10,10,11
Gestos Tardios,5,17,11,11,12
Gestos Tardios,6,17,12,11,13
Gestos Tardios,7,17,13,12,14
Gestos Tardios,8,17,13,13,15
Gestos Tardios,9,17,14,13,15
Gestos Tardios,10,17,15,14,16
Gestos Tardios,11,17,15,14,17
Gestos Tardios,12,17,16,15,17
Gestos Tardios,13,17,16,15,18
Gestos Tardios,14,17,17,16,18
Gestos Tardios,15,17,17,16,19
Gestos Tardios,16,17,18,17,19
Gestos Tardios,17,17,18,17,20
Gestos Tardios,18,17,18,17,20
Gestos Tardios,19,17,19,18,20
Gestos Tardios,20,17,19,18,21
Gestos Tardios,21,17,20,19,21
Gestos Tardios,22,17,20,19,22
Gestos Tardios,23,17,20,19,22
Gestos Tardios,24,17,21,20,22
Gestos Tardios,25,17,21,20,23
Gestos Tardios,26,17,21,20,23
Gestos Tardios,27,17,22,21,24
Gestos Tardios,28,17,22,21,24
Gestos Tardios,29,17,22,21,24
Gestos Tardios,30,17,23,21,25
Gestos Tardios,31,17,23,22,25
Gestos Tardios,32,17,23,22,25
Gestos Tardios,33,17,24,22,25
Gestos Tardios,34,17,24,23,26
Gestos Tardios,35,17,24,23,26
Gestos Tardios,36,17,25,23,26
Gestos Tardios,37,17,25,23,27
Gestos Tardios,38,17,25,24,27
Gestos Tardios,39,17,25,24,27
Gestos Tardios,40,17,26,24,28
Gestos Tardios,41,17,26,25,28
Gestos Tardios,42,17,26,25,28
Gestos Tardios,43,17,27,25,28
Gestos Tardios,44,17,27,25,29
Gestos Tardios,45,17,27,26,29
Gestos Tardios,46,17,27,26,29
Gestos Tardios,47,17,28,26,29
Gestos Tardios,48,17,28,26,30
Gestos Tardios,49,17,28,27,30
Gestos Tardios,50,17,28,27,30
Gestos Tardios,51,17,29,27,30
Gestos Tardios,52,17,29,27,31
Gestos Tardios,53,17,29,28,31
Gestos Tardios,54,17,29,28,31
Gestos Tardios,55,17,30,28,31
Gestos Tardios,56,17,30,28,32
Gestos Tardios,57,17,30,29,32
Gestos Tardios,58,17,30,29,32
Gestos Tardios,59,17,31,29,32
Gestos Tardios,60,17,31,29,33
Gestos Tardios,61,17,31,30,33
Gestos Tardios,62,17,31,30,33
Gestos Tardios,63,17,32,30,33
Gestos Tardios,64,17,32,30,34
Gestos Tardios,65,17,32,31,34
Gestos Tardios,66,17,32,31,34
Gestos Tardios,67,17,33,31,34
Gestos Tardios,68,17,33,31,35
Gestos Tardios,69,17,33,32,35
Gestos Tardios,70,17,33,32,35
Gestos Tardios,71,17,34,32,35
Gestos Tardios,72,17,34,32,35
Gestos Tardios,73,17,34,33,36
Gestos Tardios,74,17,34,33,36
Gestos Tardios,75,17,35,33,36
Gestos Tardios,76,17,35,33,36
Gestos Tardios,77,17,35,34,37
Gestos Tardios,78,17,35,34,37
Gestos Tardios,79,17,36,34,37
Gestos Tardios,80,17,36,34,37
Gestos Tardios,81,17,36,35,38
Gestos Tardios,82,17,36,35,38
Gestos Tardios,83,17,37,35,38
Gestos Tardios,84,17,37,36,38
Gestos Tardios,85,17,37,36,39
Gestos Tardios,86,17,37,36,39
Gestos Tardios,87,17,38,36,39
Gestos Tardios,88,17,38,37,39
Gestos Tardios,89,17,38,37,40
Gestos Tardios,90,17,39,37,40
Gestos Tardios,91,17,39,38,40
Gestos Tardios,92,17,39,38,40
Gestos Tardios,93,17,40,38,41
Gestos Tardios,94,17,40,39,41
Gestos Tardios,95,17,40,39,41
Gestos Tardios,96,17,41,40,41
Gestos Tardios,97,17,41,40,42
Gestos Tardios,98,17,41,41,42
Gestos Tardios,99,17,42,41,42
Gestos Tardios,0,18,0,0,0
Gestos Tardios,1,18,8,8,9
Gestos Tardios,2,18,10,10,11
Gestos Tardios,3,18,12,11,13
Gestos Tardios,4,18,13,12,14
Gestos Tardios,5,18,14,13,15
Gestos Tardios,6,18,15,14,16
Gestos Tardios,7,18,16,15,17
Gestos Tardios,8,18,16,15,18
Gestos Tardios,9,18,17,16,18
Gestos Tardios,10,18,18,17,19
Gestos Tardios,11,18,18,17,20
Gestos Tardios,12,18,19,18,20
Gestos Tardios,13,18,19,18,21
Gestos Tardios,14,18,20,19,21
Gestos Tardios,15,18,20,19,22
Gestos Tardios,16,18,21,20,22
Gestos Tardios,17,18,21,20,23
Gestos Tardios,18,18,22,20,23
Gestos Tardios,19,18,22,21,24
Gestos Tardios,20,18,22,21,24
Gestos Tardios,21,18,23,22,25
Gestos Tardios,22,18,23,22,25
Gestos Tardios,23,18,23,22,25
Gestos Tardios,24,18,24,23,26
Gestos Tardios,25,18,24,23,26
Gestos Tardios,26,18,25,23,26
Gestos Tardios,27,18,25,24,27
Gestos Tardios,28,18,25,24,27
Gestos Tardios,29,18,26,24,27
Gestos Tardios,30,18,26,25,28
Gestos Tardios,31,18,26,25,28
Gestos Tardios,32,18,26,25,28
Gestos Tardios,33,18,27,25,29
Gestos Tardios,34,18,27,26,29
Gestos Tardios,35,18,27,26,29
Gestos Tardios,36,18,28,26,30
Gestos Tardios,37,18,28,27,30
Gestos Tardios,38,18,28,27,30
Gestos Tardios,39,18,28,27,30
Gestos Tardios,40,18,29,27,31
Gestos Tardios,41,18,29,28,31
Gestos Tardios,42,18,29,28,31
Gestos Tardios,43,18,30,28,31
Gestos Tardios,44,18,30,28,32
Gestos Tardios,45,18,30,29,32
Gestos Tardios,46,18,30,29,32
Gestos Tardios,47,18,31,29,32
Gestos Tardios,48,18,31,29,33
Gestos Tardios,49,18,31,30,33
Gestos Tardios,50,18,31,30,33
Gestos Tardios,51,18,31,30,33
Gestos Tardios,52,18,32,30,34
Gestos Tardios,53,18,32,31,34
Gestos Tardios,54,18,32,31,34
Gestos Tardios,55,18,32,31,34
Gestos Tardios,56,18,33,31,35
Gestos Tardios,57,18,33,32,35
Gestos Tardios,58,18,33,32,35
Gestos Tardios,59,18,33,32,35
Gestos Tardios,60,18,34,32,35
Gestos Tardios,61,18,34,32,36
Gestos Tardios,62,18,34,33,36
Gestos Tardios,63,18,34,33,36
Gestos Tardios,64,18,34,33,36
Gestos Tardios,65,18,35,33,36
Gestos Tardios,66,18,35,34,37
Gestos Tardios,67,18,35,34,37
Gestos Tardios,68,18,35,34,37
Gestos Tardios,69,18,36,34,37
Gestos Tardios,70,18,36,34,37
Gestos Tardios,71,18,36,35,38
Gestos Tardios,72,18,36,35,38
Gestos Tardios,73,18,36,35,38
Gestos Tardios,74,18,37,35,38
Gestos Tardios,75,18,37,36,38
Gestos Tardios,76,18,37,36,39
Gestos Tardios,77,18,37,36,39
Gestos Tardios,78,18,37,36,39
Gestos Tardios,79,18,38,36,39
Gestos Tardios,80,18,38,37,39
Gestos Tardios,81,18,38,37,39
Gestos Tardios,82,18,38,37,40
Gestos Tardios,83,18,39,37,40
Gestos Tardios,84,18,39,38,40
Gestos Tardios,85,18,39,38,40
Gestos Tardios,86,18,39,38,40
Gestos Tardios,87,18,39,38,41
Gestos Tardios,88,18,40,39,41
Gestos Tardios,89,18,40,39,41
Gestos Tardios,90,18,40,39,41
Gestos Tardios,91,18,40,39,41
Gestos Tardios,92,18,41,40,41
Gestos Tardios,93,18,41,40,42
Gestos Tardios,94,18,41,40,42
Gestos Tardios,95,18,41,41,42
Gestos Tardios,96,18,42,41,42
Gestos Tardios,97,18,42,41,42
Gestos Tardios,98,18,42,42,43
Gestos Tardios,99,18,43,42,43
Gestos Tempranos,0,8,0,0,0
Gestos Tempranos,1,8,1,1,1
Gestos Tempranos,2,8,1,1,1
Gestos Tempranos,3,8,1,2,1
Gestos Tempranos,4,8,2,2,2
Gestos Tempranos,5,8,2,2,2
Gestos Tempranos,6,8,2,3,2
Gestos Tempranos,7,8,2,3,2
Gestos Tempranos,8,8,3,3,2
Gestos Tempranos,9,8,3,3,3
Gestos Tempranos,10,8,3,3,3
Gestos Tempranos,11,8,3,3,3
Gestos Tempranos,12,8,3,4,3
Gestos Tempranos,13,8,3,4,3
Gestos Tempranos,14,8,4,4,3
Gestos Tempranos,15,8,4,4,4
Gestos Tempranos,16,8,4,4,4
Gestos Tempranos,17,8,4,4,4
Gestos Tempranos,18,8,4,5,4
Gestos Tempranos,19,8,4,5,4
Gestos Tempranos,20,8,5,5,4
Gestos Tempranos,21,8,5,5,5
Gestos Tempranos,22,8,5,5,5
Gestos Tempranos,23,8,5,5,5
Gestos Tempranos,24,8,5,5,5
Gestos Tempranos,25,8,5,5,5
Gestos Tempranos,26,8,5,6,5
Gestos Tempranos,27,8,5,6,5
Gestos Tempranos,28,8,6,6,6
Gestos Tempranos,29,8,6,6,6
Gestos Tempranos,30,8,6,6,6
Gestos Tempranos,31,8,6,6,6
Gestos Tempranos,32,8,6,6,6
Gestos Tempranos,33,8,6,6,6
Gestos Tempranos,34,8,6,7,6
Gestos Tempranos,35,8,7,7,7
Gestos Tempranos,36,8,7,7,7
Gestos Tempranos,37,8,7,7,7
Gestos Tempranos,38,8,7,7,7
Gestos Tempranos,39,8,7,7,7
Gestos Tempranos,40,8,7,7,7
Gestos Tempranos,41,8,7,7,7
Gestos Tempranos,42,8,7,8,8
Gestos Tempranos,43,8,8,8,8
Gestos Tempranos,44,8,8,8,8
Gestos Tempranos,45,8,8,8,8
Gestos Tempranos,46,8,8,8,8
Gestos Tempranos,47,8,8,8,8
Gestos Tempranos,48,8,8,8,8
Gestos Tempranos,49,8,8,8,9
Gestos Tempranos,50,8,8,8,9
Gestos Tempranos,51,8,9,9,9
Gestos Tempranos,52,8,9,9,9
Gestos Tempranos,53,8,9,9,9
Gestos Tempranos,54,8,9,9,9
Gestos Tempranos,55,8,9,9,9
Gestos Tempranos,56,8,9,9,10
Gestos Tempranos,57,8,9,9,10
Gestos Tempranos,58,8,10,9,10
Gestos Tempranos,59,8,10,10,10
Gestos Tempranos,60,8,10,10,10
Gestos Tempranos,61,8,10,10,10
Gestos Tempranos,62,8,10,10,11
Gestos Tempranos,63,8,10,10,11
Gestos Tempranos,64,8,10,10,11
Gestos Tempranos,65,8,11,10,11
Gestos Tempranos,66,8,11,10,11
Gestos Tempranos,67,8,11,11,11
Gestos Tempranos,68,8,11,11,11
Gestos Tempranos,69,8,11,11,12
Gestos Tempranos,70,8,11,11,12
Gestos Tempranos,71,8,11,11,12
Gestos Tempranos,72,8,12,11,12
Gestos Tempranos,73,8,12,11,12
Gestos Tempranos,74,8,12,12,12
Gestos Tempranos,75,8,12,12,13
Gestos Tempranos,76,8,12,12,13
Gestos Tempranos,77,8,12,12,13
Gestos Tempranos,78,8,13,12,13
Gestos Tempranos,79,8,13,12,13
Gestos Tempranos,80,8,13,12,14
Gestos Tempranos,81,8,13,13,14
Gestos Tempranos,82,8,13,13,14
Gestos Tempranos,83,8,14,13,14
Gestos Tempranos,84,8,14,13,14
Gestos Tempranos,85,8,14,13,15
Gestos Tempranos,86,8,14,14,15
Gestos Tempranos,87,8,14,14,15
Gestos Tempranos,88,8,15,14,15
Gestos Tempranos,89,8,15,14,16
Gestos Tempranos,90,8,15,14,16
Gestos Tempranos,91,8,15,15,16
Gestos Tempranos,92,8,16,15,16
Gestos Tempranos,93,8,16,15,17
Gestos Tempranos,94,8,16,16,17
Gestos Tempranos,95,8,17,16,17
Gestos Tempranos,96,8,17,16,18
Gestos Tempranos,97,8,17,17,18
Gestos Tempranos,98,8,18,17,19
Gestos Tempranos,99,8,19,18,19
Gestos Tempranos,0,9,0,0,0
Gestos Tempranos,1,9,1,1,1
Gestos Tempranos,2,9,2,2,1
Gestos Tempranos,3,9,2,2,2
Gestos Tempranos,4,9,2,3,2
Gestos Tempranos,5,9,3,3,2
Gestos Tempranos,6,9,3,3,3
Gestos Tempranos,7,9,3,3,3
Gestos Tempranos,8,9,3,4,3
Gestos Tempranos,9,9,4,4,3
Gestos Tempranos,10,9,4,4,4
Gestos Tempranos,11,9,4,4,4
Gestos Tempranos,12,9,4,5,4
Gestos Tempranos,13,9,4,5,4
Gestos Tempranos,14,9,5,5,4
Gestos Tempranos,15,9,5,5,5
Gestos Tempranos,16,9,5,5,5
Gestos Tempranos,17,9,5,5,5
Gestos Tempranos,18,9,5,5,5
Gestos Tempranos,19,9,5,6,5
Gestos Tempranos,20,9,6,6,6
Gestos Tempranos,21,9,6,6,6
Gestos Tempranos,22,9,6,6,6
Gestos Tempranos,23,9,6,6,6
Gestos Tempranos,24,9,6,6,6
Gestos Tempranos,25,9,6,6,6
Gestos Tempranos,26,9,7,7,7
Gestos Tempranos,27,9,7,7,7
Gestos Tempranos,28,9,7,7,7
Gestos Tempranos,29,9,7,7,7
Gestos Tempranos,30,9,7,7,7
Gestos Tempranos,31,9,7,7,7
Gestos Tempranos,32,9,7,7,7
Gestos Tempranos,33,9,8,8,8
Gestos Tempranos,34,9,8,8,8
Gestos Tempranos,35,9,8,8,8
Gestos Tempranos,36,9,8,8,8
Gestos Tempranos,37,9,8,8,8
Gestos Tempranos,38,9,8,8,8
Gestos Tempranos,39,9,8,8,9
Gestos Tempranos,40,9,8,8,9
Gestos Tempranos,41,9,9,9,9
Gestos Tempranos,42,9,9,9,9
Gestos Tempranos,43,9,9,9,9
Gestos Tempranos,44,9,9,9,9
Gestos Tempranos,45,9,9,9,9
Gestos Tempranos,46,9,9,9,10
Gestos Tempranos,47,9,9,9,10
Gestos Tempranos,48,9,10,9,10
Gestos Tempranos,49,9,10,9,10
Gestos Tempranos,50,9,10,10,10
Gestos Tempranos,51,9,10,10,10
Gestos Tempranos,52,9,10,10,10
Gestos Tempranos,53,9,10,10,11
Gestos Tempranos,54,9,10,10,11
Gestos Tempranos,55,9,10,10,11
Gestos Tempranos,56,9,11,10,11
Gestos Tempranos,57,9,11,10,11
Gestos Tempranos,58,9,11,11,11
Gestos Tempranos,59,9,11,11,11
Gestos Tempranos,60,9,11,11,12
Gestos Tempranos,61,9,11,11,12
Gestos Tempranos,62,9,11,11,12
Gestos Tempranos,63,9,12,11,12
Gestos Tempranos,64,9,12,11,12
Gestos Tempranos,65,9,12,11,12
Gestos Tempranos,66,9,12,12,13
Gestos Tempranos,67,9,12,12,13
Gestos Tempranos,68,9,12,12,13
Gestos Tempranos,69,9,12,12,13
Gestos Tempranos,70,9,13,12,13
Gestos Tempranos,71,9,13,12,13
Gestos Tempranos,72,9,13,12,13
Gestos Tempranos,73,9,13,13,14
Gestos Tempranos,74,9,13,13,14
Gestos Tempranos,75,9,13,13,14
Gestos Tempranos,76,9,14,13,14
Gestos Tempranos,77,9,14,13,14
Gestos Tempranos,78,9,14,13,14
Gestos Tempranos,79,9,14,13,15
Gestos Tempranos,80,9,14,14,15
Gestos Tempranos,81,9,14,14,15
Gestos Tempranos,82,9,15,14,15
Gestos Tempranos,83,9,15,14,15
Gestos Tempranos,84,9,15,14,16
Gestos Tempranos,85,9,15,14,16
Gestos Tempranos,86,9,15,15,16
Gestos Tempranos,87,9,16,15,16
Gestos Tempranos,88,9,16,15,16
Gestos Tempranos,89,9,16,15,17
Gestos Tempranos,90,9,16,15,17
Gestos Tempranos,91,9,16,16,17
Gestos Tempranos,92,9,17,16,17
Gestos Tempranos,93,9,17,16,18
Gestos Tempranos,94,9,17,16,18
Gestos Tempranos,95,9,18,17,18
Gestos Tempranos,96,9,18,17,18
Gestos Tempranos,97,9,18,18,19
Gestos Tempranos,98,9,19,18,19
Gestos Tempranos,99,9,19,19,20
Gestos Tempranos,0,10,0,0,0
Gestos Tempranos,1,10,2,2,1
Gestos Tempranos,2,10,2,3,2
Gestos Tempranos,3,10,3,3,2
Gestos Tempranos,4,10,3,3,3
Gestos Tempranos,5,10,3,4,3
Gestos Tempranos,6,10,4,4,4
Gestos Tempranos,7,10,4,4,4
Gestos Tempranos,8,10,4,5,4
Gestos Tempranos,9,10,5,5,4
Gestos Tempranos,10,10,5,5,5
Gestos Tempranos,11,10,5,5,5
Gestos Tempranos,12,10,5,5,5
Gestos Tempranos,13,10,5,6,5
Gestos Tempranos,14,10,6,6,6
Gestos Tempranos,15,10,6,6,6
Gestos Tempranos,16,10,6,6,6
Gestos Tempranos,17,10,6,6,6
Gestos Tempranos,18,10,6,6,6
Gestos Tempranos,19,10,7,7,7
Gestos Tempranos,20,10,7,7,7
Gestos Tempranos,21,10,7,7,7
Gestos Tempranos,22,10,7,7,7
Gestos Tempranos,23,10,7,7,7
Gestos Tempranos,24,10,7,7,7
Gestos Tempranos,25,10,8,8,8
Gestos Tempranos,26,10,8,8,8
Gestos Tempranos,27,10,8,8,8
Gestos Tempranos,28,10,8,8,8
Gestos Tempranos,29,10,8,8,8
Gestos Tempranos,30,10,8,8,8
Gestos Tempranos,31,10,9,8,9
Gestos Tempranos,32,10,9,9,9
Gestos Tempranos,33,10,9,9,9
Gestos Tempranos,34,10,9,9,9
Gestos Tempranos,35,10,9,9,9
Gestos Tempranos,36,10,9,9,9
Gestos Tempranos,37,10,9,9,10
Gestos Tempranos,38,10,10,9,10
Gestos Tempranos,39,10,10,9,10
Gestos Tempranos,40,10,10,10,10
Gestos Tempranos,41,10,10,10,10
Gestos Tempranos,42,10,10,10,10
Gestos Tempranos,43,10,10,10,10
Gestos Tempranos,44,10,10,10,11
Gestos Tempranos,45,10,10,10,11
Gestos Tempranos,46,10,11,10,11
Gestos Tempranos,47,10,11,10,11
Gestos Tempranos,48,10,11,11,11
Gestos Tempranos,49,10,11,11,11
Gestos Tempranos,50,10,11,11,11
Gestos Tempranos,51,10,11,11,12
Gestos Tempranos,52,10,11,11,12
Gestos Tempranos,53,10,12,11,12
Gestos Tempranos,54,10,12,11,12
Gestos Tempranos,55,10,12,11,12
Gestos Tempranos,56,10,12,11,12
Gestos Tempranos,57,10,12,12,13
Gestos Tempranos,58,10,12,12,13
Gestos Tempranos,59,10,12,12,13
Gestos Tempranos,60,10,12,12,13
Gestos Tempranos,61,10,13,12,13
Gestos Tempranos,62,10,13,12,13
Gestos Tempranos,63,10,13,12,13
Gestos Tempranos,64,10,13,12,14
Gestos Tempranos,65,10,13,13,14
Gestos Tempranos,66,10,13,13,14
Gestos Tempranos,67,10,13,13,14
Gestos Tempranos,68,10,14,13,14
Gestos Tempranos,69,10,14,13,14
Gestos Tempranos,70,10,14,13,14
Gestos Tempranos,71,10,14,13,15
Gestos Tempranos,72,10,14,13,15
Gestos Tempranos,73,10,14,14,15
Gestos Tempranos,74,10,14,14,15
Gestos Tempranos,75,10,15,14,15
Gestos Tempranos,76,10,15,14,15
Gestos Tempranos,77,10,15,14,15
Gestos Tempranos,78,10,15,14,16
Gestos Tempranos,79,10,15,14,16
Gestos Tempranos,80,10,15,15,16
Gestos Tempranos,81,10,16,15,16
Gestos Tempranos,82,10,16,15,16
Gestos Tempranos,83,10,16,15,16
Gestos Tempranos,84,10,16,15,17
Gestos Tempranos,85,10,16,15,17
Gestos Tempranos,86,10,16,16,17
Gestos Tempranos,87,10,17,16,17
Gestos Tempranos,88,10,17,16,17
Gestos Tempranos,89,10,17,16,18
Gestos Tempranos,90,10,17,16,18
Gestos Tempranos,91,10,17,17,18
Gestos Tempranos,92,10,18,17,18
Gestos Tempranos,93,10,18,17,18
Gestos Tempranos,94,10,18,17,19
Gestos Tempranos,95,10,18,18,19
Gestos Tempranos,96,10,19,18,19
Gestos Tempranos,97,10,19,18,19
Gestos Tempranos,98,10,19,19,20
Gestos Tempranos,99,10,20,19,20
Gestos Tempranos,0,11,0,0,0
Gestos Tempranos,1,11,2,3,2
Gestos Tempranos,2,11,3,3,3
Gestos Tempranos,3,11,3,4,3
Gestos Tempranos,4,11,4,4,4
Gestos Tempranos,5,11,4,5,4
Gestos Tempranos,6,11,5,5,4
Gestos Tempranos,7,11,5,5,5
Gestos Tempranos,8,11,5,5,5
Gestos Tempranos,9,11,6,6,5
Gestos Tempranos,10,11,6,6,6
Gestos Tempranos,11,11,6,6,6
Gestos Tempranos,12,11,6,6,6
Gestos Tempranos,13,11,7,7,6
Gestos Tempranos,14,11,7,7,7
Gestos Tempranos,15,11,7,7,7
Gestos Tempranos,16,11,7,7,7
Gestos Tempranos,17,11,7,7,7
Gestos Tempranos,18,11,8,8,8
Gestos Tempranos,19,11,8,8,8
Gestos Tempranos,20,11,8,8,8
Gestos Tempranos,21,11,8,8,8
Gestos Tempranos,22,11,8,8,8
Gestos Tempranos,23,11,8,8,9
Gestos Tempranos,24,11,9,9,9
Gestos Tempranos,25,11,9,9,9
Gestos Tempranos,26,11,9,9,9
Gestos Tempranos,27,11,9,9,9
Gestos Tempranos,28,11,9,9,9
Gestos Tempranos,29,11,9,9,10
Gestos Tempranos,30,11,10,9,10
Gestos Tempranos,31,11,10,10,10
Gestos Tempranos,32,11,10,10,10
Gestos Tempranos,33,11,10,10,10
Gestos Tempranos,34,11,10,10,10
Gestos Tempranos,35,11,10,10,11
Gestos Tempranos,36,11,11,10,11
Gestos Tempranos,37,11,11,10,11
Gestos Tempranos,38,11,11,10,11
Gestos Tempranos,39,11,11,11,11
Gestos Tempranos,40,11,11,11,11
Gestos Tempranos,41,11,11,11,12
Gestos Tempranos,42,11,11,11,12
Gestos Tempranos,43,11,11,11,12
Gestos Tempranos,44,11,12,11,12
Gestos Tempranos,45,11,12,11,12
Gestos Tempranos,46,11,12,11,12
Gestos Tempranos,47,11,12,12,12
Gestos Tempranos,48,11,12,12,13
Gestos Tempranos,49,11,12,12,13
Gestos Tempranos,50,11,12,12,13
Gestos Tempranos,51,11,13,12,13
Gestos Tempranos,52,11,13,12,13
Gestos Tempranos,53,11,13,12,13
Gestos Tempranos,54,11,13,12,13
Gestos Tempranos,55,11,13,12,14
Gestos Tempranos,56,11,13,13,14
Gestos Tempranos,57,11,13,13,14
Gestos Tempranos,58,11,13,13,14
Gestos Tempranos,59,11,14,13,14
Gestos Tempranos,60,11,14,13,14
Gestos Tempranos,61,11,14,13,14
Gestos Tempranos,62,11,14,13,14
Gestos Tempranos,63,11,14,13,15
Gestos Tempranos,64,11,14,14,15
Gestos Tempranos,65,11,14,14,15
Gestos Tempranos,66,11,15,14,15
Gestos Tempranos,67,11,15,14,15
Gestos Tempranos,68,11,15,14,15
Gestos Tempranos,69,11,15,14,15
Gestos Tempranos,70,11,15,14,16
Gestos Tempranos,71,11,15,14,16
Gestos Tempranos,72,11,15,15,16
Gestos Tempranos,73,11,15,15,16
Gestos Tempranos,74,11,16,15,16
Gestos Tempranos,75,11,16,15,16
Gestos Tempranos,76,11,16,15,16
Gestos Tempranos,77,11,16,15,17
Gestos Tempranos,78,11,16,15,17
Gestos Tempranos,79,11,16,15,17
Gestos Tempranos,80,11,16,16,17
Gestos Tempranos,81,11,17,16,17
Gestos Tempranos,82,11,17,16,17
Gestos Tempranos,83,11,17,16,17
Gestos Tempranos,84,11,17,16,18
Gestos Tempranos,85,11,17,16,18
Gestos Tempranos,86,11,17,17,18
Gestos Tempranos,87,11,18,17,18
Gestos Tempranos,88,11,18,17,18
Gestos Tempranos,89,11,18,17,18
Gestos Tempranos,90,11,18,17,19
Gestos Tempranos,91,11,18,17,19
Gestos Tempranos,92,11,18,18,19
Gestos Tempranos,93,11,19,18,19
Gestos Tempranos,94,11,19,18,19
Gestos Tempranos,95,11,19,18,19
Gestos Tempranos,96,11,19,19,20
Gestos Tempranos,97,11,20,19,20
Gestos Tempranos,98,11,20,19,20
Gestos Tempranos,99,11,20,20,20
Gestos Tempranos,0,12,0,0,0
Gestos Tempranos,1,12,3,3,3
Gestos Tempranos,2,12,4,4,3
Gestos Tempranos,3,12,4,5,4
Gestos Tempranos,4,12,5,5,5
Gestos Tempranos,5,12,5,5,5
Gestos Tempranos,6,12,6,6,5
Gestos Tempranos,7,12,6,6,6
Gestos Tempranos,8,12,6,6,6
Gestos Tempranos,9,12,7,7,6
Gestos Tempranos,10,12,7,7,7
Gestos Tempranos,11,12,7,7,7
Gestos Tempranos,12,12,7,7,7
Gestos Tempranos,13,12,8,8,8
Gestos Tempranos,14,12,8,8,8
Gestos Tempranos,15,12,8,8,8
Gestos Tempranos,16,12,8,8,8
Gestos Tempranos,17,12,9,8,9
Gestos Tempranos,18,12,9,9,9
Gestos Tempranos,19,12,9,9,9
Gestos Tempranos,20,12,9,9,9
Gestos Tempranos,21,12,9,9,9
Gestos Tempranos,22,12,10,9,10
Gestos Tempranos,23,12,10,9,10
Gestos Tempranos,24,12,10,10,10
Gestos Tempranos,25,12,10,10,10
Gestos Tempranos,26,12,10,10,10
Gestos Tempranos,27,12,10,10,11
Gestos Tempranos,28,12,11,10,11
Gestos Tempranos,29,12,11,10,11
Gestos Tempranos,30,12,11,10,11
Gestos Tempranos,31,12,11,11,11
Gestos Tempranos,32,12,11,11,11
Gestos Tempranos,33,12,11,11,12
Gestos Tempranos,34,12,11,11,12
Gestos Tempranos,35,12,12,11,12
Gestos Tempranos,36,12,12,11,12
Gestos Tempranos,37,12,12,11,12
Gestos Tempranos,38,12,12,12,12
Gestos Tempranos,39,12,12,12,12
Gestos Tempranos,40,12,12,12,13
Gestos Tempranos,41,12,12,12,13
Gestos Tempranos,42,12,13,12,13
Gestos Tempranos,43,12,13,12,13
Gestos Tempranos,44,12,13,12,13
Gestos Tempranos,45,12,13,12,13
Gestos Tempranos,46,12,13,13,14
Gestos Tempranos,47,12,13,13,14
Gestos Tempranos,48,12,13,13,14
Gestos Tempranos,49,12,13,13,14
Gestos Tempranos,50,12,14,13,14
Gestos Tempranos,51,12,14,13,14
Gestos Tempranos,52,12,14,13,14
Gestos Tempranos,53,12,14,13,14
Gestos Tempranos,54,12,14,13,15
Gestos Tempranos,55,12,14,14,15
Gestos Tempranos,56,12,14,14,15
Gestos Tempranos,57,12,14,14,15
Gestos Tempranos,58,12,15,14,15
Gestos Tempranos,59,12,15,14,15
Gestos Tempranos,60,12,15,14,15
Gestos Tempranos,61,12,15,14,16
Gestos Tempranos,62,12,15,14,16
Gestos Tempranos,63,12,15,14,16
Gestos Tempranos,64,12,15,15,16
Gestos Tempranos,65,12,15,15,16
Gestos Tempranos,66,12,16,15,16
Gestos Tempranos,67,12,16,15,16
Gestos Tempranos,68,12,16,15,16
Gestos Tempranos,69,12,16,15,17
Gestos Tempranos,70,12,16,15,17
Gestos Tempranos,71,12,16,15,17
Gestos Tempranos,72,12,16,16,17
Gestos Tempranos,73,12,16,16,17
Gestos Tempranos,74,12,17,16,17
Gestos Tempranos,75,12,17,16,17
Gestos Tempranos,76,12,17,16,17
Gestos Tempranos,77,12,17,16,18
Gestos Tempranos,78,12,17,16,18
Gestos Tempranos,79,12,17,16,18
Gestos Tempranos,80,12,17,17,18
Gestos Tempranos,81,12,17,17,18
Gestos Tempranos,82,12,18,17,18
Gestos Tempranos,83,12,18,17,18
Gestos Tempranos,84,12,18,17,18
Gestos Tempranos,85,12,18,17,19
Gestos Tempranos,86,12,18,17,19
Gestos Tempranos,87,12,18,18,19
Gestos Tempranos,88,12,18,18,19
Gestos Tempranos,89,12,19,18,19
Gestos Tempranos,90,12,19,18,19
Gestos Tempranos,91,12,19,18,19
Gestos Tempranos,92,12,19,18,20
Gestos Tempranos,93,12,19,19,20
Gestos Tempranos,94,12,19,19,20
Gestos Tempranos,95,12,20,19,20
Gestos Tempranos,96,12,20,19,20
Gestos Tempranos,97,12,20,19,20
Gestos Tempranos,98,12,20,20,20
Gestos Tempranos,99,12,20,20,21
Gestos Tempranos,0,13,0,0,0
Gestos Tempranos,1,13,3,4,3
Gestos Tempranos,2,13,4,5,4
Gestos Tempranos,3,13,5,5,5
Gestos Tempranos,4,13,6,6,6
Gestos Tempranos,5,13,6,6,6
Gestos Tempranos,6,13,7,7,7
Gestos Tempranos,7,13,7,7,7
Gestos Tempranos,8,13,7,7,7
Gestos Tempranos,9,13,8,8,8
Gestos Tempranos,10,13,8,8,8
Gestos Tempranos,11,13,8,8,8
Gestos Tempranos,12,13,8,8,8
Gestos Tempranos,13,13,9,9,9
Gestos Tempranos,14,13,9,9,9
Gestos Tempranos,15,13,9,9,9
Gestos Tempranos,16,13,9,9,9
Gestos Tempranos,17,13,10,9,10
Gestos Tempranos,18,13,10,10,10
Gestos Tempranos,19,13,10,10,10
Gestos Tempranos,20,13,10,10,10
Gestos Tempranos,21,13,10,10,10
Gestos Tempranos,22,13,11,10,11
Gestos Tempranos,23,13,11,11,11
Gestos Tempranos,24,13,11,11,11
Gestos Tempranos,25,13,11,11,11
Gestos Tempranos,26,13,11,11,11
Gestos Tempranos,27,13,11,11,11
Gestos Tempranos,28,13,12,11,12
Gestos Tempranos,29,13,12,11,12
Gestos Tempranos,30,13,12,12,12
Gestos Tempranos,31,13,12,12,12
Gestos Tempranos,32,13,12,12,12
Gestos Tempranos,33,13,12,12,12
Gestos Tempranos,34,13,13,12,13
Gestos Tempranos,35,13,13,12,13
Gestos Tempranos,36,13,13,12,13
Gestos Tempranos,37,13,13,12,13
Gestos Tempranos,38,13,13,13,13
Gestos Tempranos,39,13,13,13,13
Gestos Tempranos,40,13,13,13,13
Gestos Tempranos,41,13,14,13,14
Gestos Tempranos,42,13,14,13,14
Gestos Tempranos,43,13,14,13,14
Gestos Tempranos,44,13,14,13,14
Gestos Tempranos,45,13,14,13,14
Gestos Tempranos,46,13,14,14,14
Gestos Tempranos,47,13,14,14,14
Gestos Tempranos,48,13,14,14,14
Gestos Tempranos,49,13,15,14,15
Gestos Tempranos,50,13,15,14,15
Gestos Tempranos,51,13,15,14,15
Gestos Tempranos,52,13,15,14,15
Gestos Tempranos,53,13,15,14,15
Gestos Tempranos,54,13,15,14,15
Gestos Tempranos,55,13,15,15,15
Gestos Tempranos,56,13,15,15,15
Gestos Tempranos,57,13,16,15,16
Gestos Tempranos,58,13,16,15,16
Gestos Tempranos,59,13,16,15,16
Gestos Tempranos,60,13,16,15,16
Gestos Tempranos,61,13,16,15,16
Gestos Tempranos,62,13,16,15,16
Gestos Tempranos,63,13,16,15,16
Gestos Tempranos,64,13,16,16,16
Gestos Tempranos,65,13,16,16,16
Gestos Tempranos,66,13,17,16,17
Gestos Tempranos,67,13,17,16,17
Gestos Tempranos,68,13,17,16,17
Gestos Tempranos,69,13,17,16,17
Gestos Tempranos,70,13,17,16,17
Gestos Tempranos,71,13,17,16,17
Gestos Tempranos,72,13,17,16,17
Gestos Tempranos,73,13,17,17,17
Gestos Tempranos,74,13,17,17,17
Gestos Tempranos,75,13,18,17,18
Gestos Tempranos,76,13,18,17,18
Gestos Tempranos,77,13,18,17,18
Gestos Tempranos,78,13,18,17,18
Gestos Tempranos,79,13,18,17,18
Gestos Tempranos,80,13,18,17,18
Gestos Tempranos,81,13,18,17,18
Gestos Tempranos,82,13,18,18,18
Gestos Tempranos,83,13,18,18,18
Gestos Tempranos,84,13,19,18,19
Gestos Tempranos,85,13,19,18,19
Gestos Tempranos,86,13,19,18,19
Gestos Tempranos,87,13,19,18,19
Gestos Tempranos,88,13,19,18,19
Gestos Tempranos,89,13,19,19,19
Gestos Tempranos,90,13,19,19,19
Gestos Tempranos,91,13,19,19,19
Gestos Tempranos,92,13,20,19,20
Gestos Tempranos,93,13,20,19,20
Gestos Tempranos,94,13,20,19,20
Gestos Tempranos,95,13,20,19,20
Gestos Tempranos,96,13,20,20,20
Gestos Tempranos,97,13,20,20,20
Gestos Tempranos,98,13,20,20,20
Gestos Tempranos,99,13,21,20,21
Gestos Tempranos,0,14,0,0,0
Gestos Tempranos,1,14,4,5,4
Gestos Tempranos,2,14,5,6,5
Gestos Tempranos,3,14,6,6,6
Gestos Tempranos,4,14,7,7,6
Gestos Tempranos,5,14,7,7,7
Gestos Tempranos,6,14,8,8,7
Gestos Tempranos,7,14,8,8,8
Gestos Tempranos,8,14,8,8,8
Gestos Tempranos,9,14,9,9,9
Gestos Tempranos,10,14,9,9,9
Gestos Tempranos,11,14,9,9,9
Gestos Tempranos,12,14,9,9,10
Gestos Tempranos,13,14,10,10,10
Gestos Tempranos,14,14,10,10,10
Gestos Tempranos,15,14,10,10,10
Gestos Tempranos,16,14,10,10,11
Gestos Tempranos,17,14,11,10,11
Gestos Tempranos,18,14,11,11,11
Gestos Tempranos,19,14,11,11,11
Gestos Tempranos,20,14,11,11,12
Gestos Tempranos,21,14,12,11,12
Gestos Tempranos,22,14,12,11,12
Gestos Tempranos,23,14,12,12,12
Gestos Tempranos,24,14,12,12,12
Gestos Tempranos,25,14,12,12,13
Gestos Tempranos,26,14,12,12,13
Gestos Tempranos,27,14,13,12,13
Gestos Tempranos,28,14,13,12,13
Gestos Tempranos,29,14,13,12,13
Gestos Tempranos,30,14,13,13,13
Gestos Tempranos,31,14,13,13,14
Gestos Tempranos,32,14,13,13,14
Gestos Tempranos,33,14,13,13,14
Gestos Tempranos,34,14,14,13,14
Gestos Tempranos,35,14,14,13,14
Gestos Tempranos,36,14,14,13,14
Gestos Tempranos,37,14,14,13,14
Gestos Tempranos,38,14,14,14,15
Gestos Tempranos,39,14,14,14,15
Gestos Tempranos,40,14,14,14,15
Gestos Tempranos,41,14,15,14,15
Gestos Tempranos,42,14,15,14,15
Gestos Tempranos,43,14,15,14,15
Gestos Tempranos,44,14,15,14,15
Gestos Tempranos,45,14,15,14,16
Gestos Tempranos,46,14,15,15,16
Gestos Tempranos,47,14,15,15,16
Gestos Tempranos,48,14,15,15,16
Gestos Tempranos,49,14,16,15,16
Gestos Tempranos,50,14,16,15,16
Gestos Tempranos,51,14,16,15,16
Gestos Tempranos,52,14,16,15,16
Gestos Tempranos,53,14,16,15,17
Gestos Tempranos,54,14,16,15,17
Gestos Tempranos,55,14,16,16,17
Gestos Tempranos,56,14,16,16,17
Gestos Tempranos,57,14,16,16,17
Gestos Tempranos,58,14,17,16,17
Gestos Tempranos,59,14,17,16,17
Gestos Tempranos,60,14,17,16,17
Gestos Tempranos,61,14,17,16,17
Gestos Tempranos,62,14,17,16,18
Gestos Tempranos,63,14,17,16,18
Gestos Tempranos,64,14,17,16,18
Gestos Tempranos,65,14,17,17,18
Gestos Tempranos,66,14,17,17,18
Gestos Tempranos,67,14,18,17,18
Gestos Tempranos,68,14,18,17,18
Gestos Tempranos,69,14,18,17,18
Gestos Tempranos,70,14,18,17,18
Gestos Tempranos,71,14,18,17,18
Gestos Tempranos,72,14,18,17,19
Gestos Tempranos,73,14,18,17,19
Gestos Tempranos,74,14,18,17,19
Gestos Tempranos,75,14,18,18,19
Gestos Tempranos,76,14,18,18,19
Gestos Tempranos,77,14,19,18,19
Gestos Tempranos,78,14,19,18,19
Gestos Tempranos,79,14,19,18,19
Gestos Tempranos,80,14,19,18,19
Gestos Tempranos,81,14,19,18,19
Gestos Tempranos,82,14,19,18,19
Gestos Tempranos,83,14,19,18,20
Gestos Tempranos,84,14,19,19,20
Gestos Tempranos,85,14,19,19,20
Gestos Tempranos,86,14,19,19,20
Gestos Tempranos,87,14,19,19,20
Gestos Tempranos,88,14,20,19,20
Gestos Tempranos,89,14,20,19,20
Gestos Tempranos,90,14,20,19,20
Gestos Tempranos,91,14,20,19,20
Gestos Tempranos,92,14,20,19,20
Gestos Tempranos,93,14,20,20,20
Gestos Tempranos,94,14,20,20,21
Gestos Tempranos,95,14,20,20,21
Gestos Tempranos,96,14,20,20,21
Gestos Tempranos,97,14,21,20,21
Gestos Tempranos,98,14,21,20,21
Gestos Tempranos,99,14,21,21,21
Gestos Tempranos,0,15,0,0,0
Gestos Tempranos,1,15,5,5,5
Gestos Tempranos,2,15,6,6,6
Gestos Tempranos,3,15,7,7,7
Gestos Tempranos,4,15,7,8,7
Gestos Tempranos,5,15,8,8,8
Gestos Tempranos,6,15,8,9,8
Gestos Tempranos,7,15,9,9,9
Gestos Tempranos,8,15,9,9,9
Gestos Tempranos,9,15,10,10,10
Gestos Tempranos,10,15,10,10,10
Gestos Tempranos,11,15,10,10,10
Gestos Tempranos,12,15,10,10,11
Gestos Tempranos,13,15,11,11,11
Gestos Tempranos,14,15,11,11,11
Gestos Tempranos,15,15,11,11,11
Gestos Tempranos,16,15,11,11,12
Gestos Tempranos,17,15,12,11,12
Gestos Tempranos,18,15,12,12,12
Gestos Tempranos,19,15,12,12,12
Gestos Tempranos,20,15,12,12,13
Gestos Tempranos,21,15,12,12,13
Gestos Tempranos,22,15,13,12,13
Gestos Tempranos,23,15,13,13,13
Gestos Tempranos,24,15,13,13,13
Gestos Tempranos,25,15,13,13,14
Gestos Tempranos,26,15,13,13,14
Gestos Tempranos,27,15,14,13,14
Gestos Tempranos,28,15,14,13,14
Gestos Tempranos,29,15,14,13,14
Gestos Tempranos,30,15,14,14,14
Gestos Tempranos,31,15,14,14,15
Gestos Tempranos,32,15,14,14,15
Gestos Tempranos,33,15,14,14,15
Gestos Tempranos,34,15,15,14,15
Gestos Tempranos,35,15,15,14,15
Gestos Tempranos,36,15,15,14,15
Gestos Tempranos,37,15,15,14,16
Gestos Tempranos,38,15,15,15,16
Gestos Tempranos,39,15,15,15,16
Gestos Tempranos,40,15,15,15,16
Gestos Tempranos,41,15,15,15,16
Gestos Tempranos,42,15,16,15,16
Gestos Tempranos,43,15,16,15,16
Gestos Tempranos,44,15,16,15,16
Gestos Tempranos,45,15,16,15,17
Gestos Tempranos,46,15,16,15,17
Gestos Tempranos,47,15,16,16,17
Gestos Tempranos,48,15,16,16,17
Gestos Tempranos,49,15,16,16,17
Gestos Tempranos,50,15,17,16,17
Gestos Tempranos,51,15,17,16,17
Gestos Tempranos,52,15,17,16,17
Gestos Tempranos,53,15,17,16,17
Gestos Tempranos,54,15,17,16,18
Gestos Tempranos,55,15,17,16,18
Gestos Tempranos,56,15,17,16,18
Gestos Tempranos,57,15,17,17,18
Gestos Tempranos,58,15,17,17,18
Gestos Tempranos,59,15,17,17,18
Gestos Tempranos,60,15,18,17,18
Gestos Tempranos,61,15,18,17,18
Gestos Tempranos,62,15,18,17,18
Gestos Tempranos,63,15,18,17,18
Gestos Tempranos,64,15,18,17,19
Gestos Tempranos,65,15,18,17,19
Gestos Tempranos,66,15,18,17,19
Gestos Tempranos,67,15,18,18,19
Gestos Tempranos,68,15,18,18,19
Gestos Tempranos,69,15,18,18,19
Gestos Tempranos,70,15,18,18,19
Gestos Tempranos,71,15,19,18,19
Gestos Tempranos,72,15,19,18,19
Gestos Tempranos,73,15,19,18,19
Gestos Tempranos,74,15,19,18,19
Gestos Tempranos,75,15,19,18,19
Gestos Tempranos,76,15,19,18,20
Gestos Tempranos,77,15,19,18,20
Gestos Tempranos,78,15,19,19,20
Gestos Tempranos,79,15,19,19,20
Gestos Tempranos,80,15,19,19,20
Gestos Tempranos,81,15,19,19,20
Gestos Tempranos,82,15,20,19,20
Gestos Tempranos,83,15,20,19,20
Gestos Tempranos,84,15,20,19,20
Gestos Tempranos,85,15,20,19,20
Gestos Tempranos,86,15,20,19,20
Gestos Tempranos,87,15,20,19,20
Gestos Tempranos,88,15,20,19,20
Gestos Tempranos,89,15,20,20,20
Gestos Tempranos,90,15,20,20,20
Gestos Tempranos,91,15,20,20,21
Gestos Tempranos,92,15,20,20,21
Gestos Tempranos,93,15,20,20,21
Gestos Tempranos,94,15,20,20,21
Gestos Tempranos,95,15,21,20,21
Gestos Tempranos,96,15,21,20,21
Gestos Tempranos,97,15,21,20,21
Gestos Tempranos,98,15,21,21,21
Gestos Tempranos,99,15,21,21,21
Gestos Tempranos,0,16,0,0,0
Gestos Tempranos,1,16,5,6,5
Gestos Tempranos,2,16,7,7,7
Gestos Tempranos,3,16,8,8,7
Gestos Tempranos,4,16,8,8,8
Gestos Tempranos,5,16,9,9,9
Gestos Tempranos,6,16,9,9,9
Gestos Tempranos,7,16,10,10,10
Gestos Tempranos,8,16,10,10,10
Gestos Tempranos,9,16,10,10,11
Gestos Tempranos,10,16,11,11,11
Gestos Tempranos,11,16,11,11,11
Gestos Tempranos,12,16,11,11,12
Gestos Tempranos,13,16,12,12,12
Gestos Tempranos,14,16,12,12,12
Gestos Tempranos,15,16,12,12,12
Gestos Tempranos,16,16,12,12,13
Gestos Tempranos,17,16,13,12,13
Gestos Tempranos,18,16,13,13,13
Gestos Tempranos,19,16,13,13,13
Gestos Tempranos,20,16,13,13,14
Gestos Tempranos,21,16,13,13,14
Gestos Tempranos,22,16,14,13,14
Gestos Tempranos,23,16,14,13,14
Gestos Tempranos,24,16,14,14,14
Gestos Tempranos,25,16,14,14,15
Gestos Tempranos,26,16,14,14,15
Gestos Tempranos,27,16,14,14,15
Gestos Tempranos,28,16,15,14,15
Gestos Tempranos,29,16,15,14,15
Gestos Tempranos,30,16,15,14,15
Gestos Tempranos,31,16,15,15,16
Gestos Tempranos,32,16,15,15,16
Gestos Tempranos,33,16,15,15,16
Gestos Tempranos,34,16,15,15,16
Gestos Tempranos,35,16,16,15,16
Gestos Tempranos,36,16,16,15,16
Gestos Tempranos,37,16,16,15,16
Gestos Tempranos,38,16,16,15,17
Gestos Tempranos,39,16,16,16,17
Gestos Tempranos,40,16,16,16,17
Gestos Tempranos,41,16,16,16,17
Gestos Tempranos,42,16,16,16,17
Gestos Tempranos,43,16,17,16,17
Gestos Tempranos,44,16,17,16,17
Gestos Tempranos,45,16,17,16,17
Gestos Tempranos,46,16,17,16,17
Gestos Tempranos,47,16,17,16,18
Gestos Tempranos,48,16,17,16,18
Gestos Tempranos,49,16,17,17,18
Gestos Tempranos,50,16,17,17,18
Gestos Tempranos,51,16,17,17,18
Gestos Tempranos,52,16,17,17,18
Gestos Tempranos,53,16,18,17,18
Gestos Tempranos,54,16,18,17,18
Gestos Tempranos,55,16,18,17,18
Gestos Tempranos,56,16,18,17,18
Gestos Tempranos,57,16,18,17,19
Gestos Tempranos,58,16,18,17,19
Gestos Tempranos,59,16,18,18,19
Gestos Tempranos,60,16,18,18,19
Gestos Tempranos,61,16,18,18,19
Gestos Tempranos,62,16,18,18,19
Gestos Tempranos,63,16,18,18,19
Gestos Tempranos,64,16,19,18,19
Gestos Tempranos,65,16,19,18,19
Gestos Tempranos,66,16,19,18,19
Gestos Tempranos,67,16,19,18,19
Gestos Tempranos,68,16,19,18,19
Gestos Tempranos,69,16,19,18,19
Gestos Tempranos,70,16,19,18,20
Gestos Tempranos,71,16,19,19,20
Gestos Tempranos,72,16,19,19,20
Gestos Tempranos,73,16,19,19,20
Gestos Tempranos,74,16,19,19,20
Gestos Tempranos,75,16,19,19,20
Gestos Tempranos,76,16,19,19,20
Gestos Tempranos,77,16,20,19,20
Gestos Tempranos,78,16,20,19,20
Gestos Tempranos,79,16,20,19,20
Gestos Tempranos,80,16,20,19,20
Gestos Tempranos,81,16,20,19,20
Gestos Tempranos,82,16,20,19,20
Gestos Tempranos,83,16,20,19,20
Gestos Tempranos,84,16,20,20,20
Gestos Tempranos,85,16,20,20,20
Gestos Tempranos,86,16,20,20,21
Gestos Tempranos,87,16,20,20,21
Gestos Tempranos,88,16,20,20,21
Gestos Tempranos,89,16,20,20,21
Gestos Tempranos,90,16,20,20,21
Gestos Tempranos,91,16,20,20,21
Gestos Tempranos,92,16,21,20,21
Gestos Tempranos,93,16,21,20,21
Gestos Tempranos,94,16,21,20,21
Gestos Tempranos,95,16,21,20,21
Gestos Tempranos,96,16,21,21,21
Gestos Tempranos,97,16,21,21,21
Gestos Tempranos,98,16,21,21,21
Gestos Tempranos,99,16,21,21,21
Gestos Tempranos,0,17,0,0,0
Gestos Tempranos,1,17,6,7,6
Gestos Tempranos,2,17,7,8,7
Gestos Tempranos,3,17,8,9,8
Gestos Tempranos,4,17,9,9,9
Gestos Tempranos,5,17,10,10,10
Gestos Tempranos,6,17,10,10,10
Gestos Tempranos,7,17,11,11,11
Gestos Tempranos,8,17,11,11,11
Gestos Tempranos,9,17,11,11,12
Gestos Tempranos,10,17,12,12,12
Gestos Tempranos,11,17,12,12,12
Gestos Tempranos,12,17,12,12,13
Gestos Tempranos,13,17,12,12,13
Gestos Tempranos,14,17,13,13,13
Gestos Tempranos,15,17,13,13,13
Gestos Tempranos,16,17,13,13,14
Gestos Tempranos,17,17,13,13,14
Gestos Tempranos,18,17,14,13,14
Gestos Tempranos,19,17,14,14,14
Gestos Tempranos,20,17,14,14,15
Gestos Tempranos,21,17,14,14,15
Gestos Tempranos,22,17,14,14,15
Gestos Tempranos,23,17,15,14,15
Gestos Tempranos,24,17,15,14,15
Gestos Tempranos,25,17,15,15,16
Gestos Tempranos,26,17,15,15,16
Gestos Tempranos,27,17,15,15,16
Gestos Tempranos,28,17,15,15,16
Gestos Tempranos,29,17,16,15,16
Gestos Tempranos,30,17,16,15,16
Gestos Tempranos,31,17,16,15,16
Gestos Tempranos,32,17,16,16,17
Gestos Tempranos,33,17,16,16,17
Gestos Tempranos,34,17,16,16,17
Gestos Tempranos,35,17,16,16,17
Gestos Tempranos,36,17,16,16,17
Gestos Tempranos,37,17,17,16,17
Gestos Tempranos,38,17,17,16,17
Gestos Tempranos,39,17,17,16,17
Gestos Tempranos,40,17,17,16,18
Gestos Tempranos,41,17,17,17,18
Gestos Tempranos,42,17,17,17,18
Gestos Tempranos,43,17,17,17,18
Gestos Tempranos,44,17,17,17,18
Gestos Tempranos,45,17,17,17,18
Gestos Tempranos,46,17,18,17,18
Gestos Tempranos,47,17,18,17,18
Gestos Tempranos,48,17,18,17,18
Gestos Tempranos,49,17,18,17,18
Gestos Tempranos,50,17,18,17,19
Gestos Tempranos,51,17,18,17,19
Gestos Tempranos,52,17,18,18,19
Gestos Tempranos,53,17,18,18,19
Gestos Tempranos,54,17,18,18,19
Gestos Tempranos,55,17,18,18,19
Gestos Tempranos,56,17,18,18,19
Gestos Tempranos,57,17,19,18,19
Gestos Tempranos,58,17,19,18,19
Gestos Tempranos,59,17,19,18,19
Gestos Tempranos,60,17,19,18,19
Gestos Tempranos,61,17,19,18,19
Gestos Tempranos,62,17,19,18,20
Gestos Tempranos,63,17,19,18,20
Gestos Tempranos,64,17,19,19,20
Gestos Tempranos,65,17,19,19,20
Gestos Tempranos,66,17,19,19,20
Gestos Tempranos,67,17,19,19,20
Gestos Tempranos,68,17,19,19,20
Gestos Tempranos,69,17,19,19,20
Gestos Tempranos,70,17,20,19,20
Gestos Tempranos,71,17,20,19,20
Gestos Tempranos,72,17,20,19,20
Gestos Tempranos,73,17,20,19,20
Gestos Tempranos,74,17,20,19,20
Gestos Tempranos,75,17,20,19,20
Gestos Tempranos,76,17,20,19,20
Gestos Tempranos,77,17,20,19,20
Gestos Tempranos,78,17,20,20,20
Gestos Tempranos,79,17,20,20,20
Gestos Tempranos,80,17,20,20,20
Gestos Tempranos,81,17,20,20,21
Gestos Tempranos,82,17,20,20,21
Gestos Tempranos,83,17,20,20,21
Gestos Tempranos,84,17,20,20,21
Gestos Tempranos,85,17,20,20,21
Gestos Tempranos,86,17,20,20,21
Gestos Tempranos,87,17,20,20,21
Gestos Tempranos,88,17,21,20,21
Gestos Tempranos,89,17,21,20,21
Gestos Tempranos,90,17,21,20,21
Gestos Tempranos,91,17,21,20,21
Gestos Tempranos,92,17,21,20,21
Gestos Tempranos,93,17,21,21,21
Gestos Tempranos,94,17,21,21,21
Gestos Tempranos,95,17,21,21,21
Gestos Tempranos,96,17,21,21,21
Gestos Tempranos,97,17,21,21,21
Gestos Tempranos,98,17,21,21,21
Gestos Tempranos,99,17,21,21,21
Gestos Tempranos,0,18,0,0,0
Gestos Tempranos,1,18,7,7,7
Gestos Tempranos,2,18,8,9,8
Gestos Tempranos,3,18,9,9,9
Gestos Tempranos,4,18,10,10,10
Gestos Tempranos,5,18,10,11,11
Gestos Tempranos,6,18,11,11,11
Gestos Tempranos,7,18,11,11,12
Gestos Tempranos,8,18,12,12,12
Gestos Tempranos,9,18,12,12,12
Gestos Tempranos,10,18,12,12,13
Gestos Tempranos,11,18,13,13,13
Gestos Tempranos,12,18,13,13,14
Gestos Tempranos,13,18,13,13,14
Gestos Tempranos,14,18,14,13,14
Gestos Tempranos,15,18,14,14,14
Gestos Tempranos,16,18,14,14,15
Gestos Tempranos,17,18,14,14,15
Gestos Tempranos,18,18,14,14,15
Gestos Tempranos,19,18,15,14,15
Gestos Tempranos,20,18,15,15,15
Gestos Tempranos,21,18,15,15,16
Gestos Tempranos,22,18,15,15,16
Gestos Tempranos,23,18,15,15,16
Gestos Tempranos,24,18,16,15,16
Gestos Tempranos,25,18,16,15,16
Gestos Tempranos,26,18,16,16,17
Gestos Tempranos,27,18,16,16,17
Gestos Tempranos,28,18,16,16,17
Gestos Tempranos,29,18,16,16,17
Gestos Tempranos,30,18,16,16,17
Gestos Tempranos,31,18,17,16,17
Gestos Tempranos,32,18,17,16,17
Gestos Tempranos,33,18,17,16,18
Gestos Tempranos,34,18,17,17,18
Gestos Tempranos,35,18,17,17,18
Gestos Tempranos,36,18,17,17,18
Gestos Tempranos,37,18,17,17,18
Gestos Tempranos,38,18,17,17,18
Gestos Tempranos,39,18,18,17,18
Gestos Tempranos,40,18,18,17,18
Gestos Tempranos,41,18,18,17,18
Gestos Tempranos,42,18,18,17,18
Gestos Tempranos,43,18,18,17,19
Gestos Tempranos,44,18,18,18,19
Gestos Tempranos,45,18,18,18,19
Gestos Tempranos,46,18,18,18,19
Gestos Tempranos,47,18,18,18,19
Gestos Tempranos,48,18,18,18,19
Gestos Tempranos,49,18,18,18,19
Gestos Tempranos,50,18,19,18,19
Gestos Tempranos,51,18,19,18,19
Gestos Tempranos,52,18,19,18,19
Gestos Tempranos,53,18,19,18,19
Gestos Tempranos,54,18,19,18,19
Gestos Tempranos,55,18,19,18,20
Gestos Tempranos,56,18,19,19,20
Gestos Tempranos,57,18,19,19,20
Gestos Tempranos,58,18,19,19,20
Gestos Tempranos,59,18,19,19,20
Gestos Tempranos,60,18,19,19,20
Gestos Tempranos,61,18,19,19,20
Gestos Tempranos,62,18,19,19,20
Gestos Tempranos,63,18,19,19,20
Gestos Tempranos,64,18,20,19,20
Gestos Tempranos,65,18,20,19,20
Gestos Tempranos,66,18,20,19,20
Gestos Tempranos,67,18,20,19,20
Gestos Tempranos,68,18,20,19,20
Gestos Tempranos,69,18,20,19,20
Gestos Tempranos,70,18,20,19,20
Gestos Tempranos,71,18,20,20,20
Gestos Tempranos,72,18,20,20,20
Gestos Tempranos,73,18,20,20,20
Gestos Tempranos,74,18,20,20,20
Gestos Tempranos,75,18,20,20,21
Gestos Tempranos,76,18,20,20,21
Gestos Tempranos,77,18,20,20,21
Gestos Tempranos,78,18,20,20,21
Gestos Tempranos,79,18,20,20,21
Gestos Tempranos,80,18,20,20,21
Gestos Tempranos,81,18,20,20,21
Gestos Tempranos,82,18,20,20,21
Gestos Tempranos,83,18,21,20,21
Gestos Tempranos,84,18,21,20,21
Gestos Tempranos,85,18,21,20,21
Gestos Tempranos,86,18,21,20,21
Gestos Tempranos,87,18,21,20,21
Gestos Tempranos,88,18,21,20,21
Gestos Tempranos,89,18,21,21,21
Gestos Tempranos,90,18,21,21,21
Gestos Tempranos,91,18,21,21,21
Gestos Tempranos,92,18,21,21,21
Gestos Tempranos,93,18,21,21,21
Gestos Tempranos,94,18,21,21,21
Gestos Tempranos,95,18,21,21,21
Gestos Tempranos,96,18,21,21,21
Gestos Tempranos,97,18,21,21,21
Gestos Tempranos,98,18,21,21,21
Gestos Tempranos,99,18,21,21,21
Total de Gestos,0,8,0,0,0
Total de Gestos,1,8,1,1,0
Total de Gestos,2,8,1,1,1
Total de Gestos,3,8,1,2,1
Total de Gestos,4,8,2,2,1
Total de Gestos,5,8,2,2,2
Total de Gestos,6,8,2,3,2
Total de Gestos,7,8,2,3,2
Total de Gestos,8,8,3,3,2
Total de Gestos,9,8,3,3,3
Total de Gestos,10,8,3,4,3
Total de Gestos,11,8,3,4,3
Total de Gestos,12,8,3,4,3
Total de Gestos,13,8,4,4,4
Total de Gestos,14,8,4,4,4
Total de Gestos,15,8,4,5,4
Total de Gestos,16,8,4,5,4
Total de Gestos,17,8,5,5,4
Total de Gestos,18,8,5,5,5
Total de Gestos,19,8,5,6,5
Total de Gestos,20,8,5,6,5
Total de Gestos,21,8,5,6,5
Total de Gestos,22,8,6,6,5
Total de Gestos,23,8,6,6,6
Total de Gestos,24,8,6,7,6
Total de Gestos,25,8,6,7,6
Total de Gestos,26,8,6,7,6
Total de Gestos,27,8,7,7,7
Total de Gestos,28,8,7,7,7
Total de Gestos,29,8,7,8,7
Total de Gestos,30,8,7,8,7
Total de Gestos,31,8,7,8,7
Total de Gestos,32,8,8,8,8
Total de Gestos,33,8,8,8,8
Total de Gestos,34,8,8,9,8
Total de Gestos,35,8,8,9,8
Total de Gestos,36,8,9,9,9
Total de Gestos,37,8,9,9,9
Total de Gestos,38,8,9,9,9
Total de Gestos,39,8,9,10,9
Total de Gestos,40,8,9,10,9
Total de Gestos,41,8,10,10,10
Total de Gestos,42,8,10,10,10
Total de Gestos,43,8,10,10,10
Total de Gestos,44,8,10,11,10
Total de Gestos,45,8,11,11,11
Total de Gestos,46,8,11,11,11
Total de Gestos,47,8,11,11,11
Total de Gestos,48,8,11,11,11
Total de Gestos,49,8,11,12,12
Total de Gestos,50,8,12,12,12
Total de Gestos,51,8,12,12,12
Total de Gestos,52,8,12,12,12
Total de Gestos,53,8,12,13,13
Total de Gestos,54,8,13,13,13
Total de Gestos,55,8,13,13,13
Total de Gestos,56,8,13,13,13
Total de Gestos,57,8,13,14,14
Total de Gestos,58,8,14,14,14
Total de Gestos,59,8,14,14,14
Total de Gestos,60,8,14,14,15
Total de Gestos,61,8,15,15,15
Total de Gestos,62,8,15,15,15
Total de Gestos,63,8,15,15,16
Total de Gestos,64,8,15,15,16
Total de Gestos,65,8,16,16,16
Total de Gestos,66,8,16,16,17
Total de Gestos,67,8,16,16,17
Total de Gestos,68,8,17,16,17
Total de Gestos,69,8,17,17,18
Total de Gestos,70,8,17,17,18
Total de Gestos,71,8,18,17,18
Total de Gestos,72,8,18,18,19
Total de Gestos,73,8,18,18,19
Total de Gestos,74,8,19,18,19
Total de Gestos,75,8,19,19,20
Total de Gestos,76,8,19,19,20
Total de Gestos,77,8,20,19,21
Total de Gestos,78,8,20,20,21
Total de Gestos,79,8,21,20,21
Total de Gestos,80,8,21,21,22
Total de Gestos,81,8,22,21,22
Total de Gestos,82,8,22,21,23
Total de Gestos,83,8,23,22,23
Total de Gestos,84,8,23,22,24
Total de Gestos,85,8,24,23,25
Total de Gestos,86,8,24,23,25
Total de Gestos,87,8,25,24,26
Total de Gestos,88,8,25,24,26
Total de Gestos,89,8,26,25,27
Total de Gestos,90,8,27,26,28
Total de Gestos,91,8,28,26,29
Total de Gestos,92,8,28,27,30
Total de Gestos,93,8,29,28,31
Total de Gestos,94,8,30,29,32
Total de Gestos,95,8,32,30,33
Total de Gestos,96,8,33,31,34
Total de Gestos,97,8,35,33,36
Total de Gestos,98,8,37,35,39
Total de Gestos,99,8,40,38,42
Total de Gestos,0,9,0,0,0
Total de Gestos,1,9,1,2,1
Total de Gestos,2,9,2,2,2
Total de Gestos,3,9,2,3,2
Total de Gestos,4,9,3,3,2
Total de Gestos,5,9,3,3,3
Total de Gestos,6,9,3,4,3
Total de Gestos,7,9,4,4,4
Total de Gestos,8,9,4,5,4
Total de Gestos,9,9,4,5,4
Total de Gestos,10,9,5,5,5
Total de Gestos,11,9,5,5,5
Total de Gestos,12,9,5,6,5
Total de Gestos,13,9,6,6,5
Total de Gestos,14,9,6,6,6
Total de Gestos,15,9,6,7,6
Total de Gestos,16,9,6,7,6
Total de Gestos,17,9,7,7,7
Total de Gestos,18,9,7,7,7
Total de Gestos,19,9,7,8,7
Total de Gestos,20,9,7,8,7
Total de Gestos,21,9,8,8,8
Total de Gestos,22,9,8,8,8
Total de Gestos,23,9,8,8,8
Total de Gestos,24,9,8,9,8
Total de Gestos,25,9,9,9,9
Total de Gestos,26,9,9,9,9
Total de Gestos,27,9,9,9,9
Total de Gestos,28,9,9,10,9
Total de Gestos,29,9,10,10,10
Total de Gestos,30,9,10,10,10
Total de Gestos,31,9,10,10,10
Total de Gestos,32,9,10,11,10
Total de Gestos,33,9,11,11,11
Total de Gestos,34,9,11,11,11
Total de Gestos,35,9,11,11,11
Total de Gestos,36,9,11,11,12
Total de Gestos,37,9,12,12,12
Total de Gestos,38,9,12,12,12
Total de Gestos,39,9,12,12,12
Total de Gestos,40,9,12,12,13
Total de Gestos,41,9,13,13,13
Total de Gestos,42,9,13,13,13
Total de Gestos,43,9,13,13,13
Total de Gestos,44,9,13,13,14
Total de Gestos,45,9,14,14,14
Total de Gestos,46,9,14,14,14
Total de Gestos,47,9,14,14,14
Total de Gestos,48,9,14,14,15
Total de Gestos,49,9,15,15,15
Total de Gestos,50,9,15,15,15
Total de Gestos,51,9,15,15,16
Total de Gestos,52,9,15,15,16
Total de Gestos,53,9,16,15,16
Total de Gestos,54,9,16,16,16
Total de Gestos,55,9,16,16,17
Total de Gestos,56,9,17,16,17
Total de Gestos,57,9,17,17,17
Total de Gestos,58,9,17,17,18
Total de Gestos,59,9,17,17,18
Total de Gestos,60,9,18,17,18
Total de Gestos,61,9,18,18,19
Total de Gestos,62,9,18,18,19
Total de Gestos,63,9,19,18,19
Total de Gestos,64,9,19,18,20
Total de Gestos,65,9,19,19,20
Total de Gestos,66,9,20,19,20
Total de Gestos,67,9,20,19,21
Total de Gestos,68,9,20,20,21
Total de Gestos,69,9,21,20,21
Total de Gestos,70,9,21,20,22
Total de Gestos,71,9,21,21,22
Total de Gestos,72,9,22,21,22
Total de Gestos,73,9,22,21,23
Total de Gestos,74,9,22,22,23
Total de Gestos,75,9,23,22,24
Total de Gestos,76,9,23,22,24
Total de Gestos,77,9,24,23,25
Total de Gestos,78,9,24,23,25
Total de Gestos,79,9,24,23,25
Total de Gestos,80,9,25,24,26
Total de Gestos,81,9,25,24,26
Total de Gestos,82,9,26,25,27
Total de Gestos,83,9,26,25,27
Total de Gestos,84,9,27,26,28
Total de Gestos,85,9,27,26,29
Total de Gestos,86,9,28,27,29
Total de Gestos,87,9,28,27,30
Total de Gestos,88,9,29,28,30
Total de Gestos,89,9,30,28,31
Total de Gestos,90,9,31,29,32
Total de Gestos,91,9,31,30,33
Total de Gestos,92,9,32,31,34
Total de Gestos,93,9,33,31,35
Total de Gestos,94,9,34,32,36
Total de Gestos,95,9,35,33,37
Total de Gestos,96,9,37,35,38
Total de Gestos,97,9,38,36,40
Total de Gestos,98,9,40,38,42
Total de Gestos,99,9,43,41,45
Total de Gestos,0,10,0,0,0
Total de Gestos,1,10,2,2,2
Total de Gestos,2,10,3,3,3
Total de Gestos,3,10,4,4,3
Total de Gestos,4,10,4,5,4
Total de Gestos,5,10,5,5,5
Total de Gestos,6,10,5,6,5
Total de Gestos,7,10,6,6,6
Total de Gestos,8,10,6,6,6
Total de Gestos,9,10,6,7,6
Total de Gestos,10,10,7,7,7
Total de Gestos,11,10,7,7,7
Total de Gestos,12,10,8,8,8
Total de Gestos,13,10,8,8,8
Total de Gestos,14,10,8,8,8
Total de Gestos,15,10,9,9,9
Total de Gestos,16,10,9,9,9
Total de Gestos,17,10,9,9,9
Total de Gestos,18,10,10,10,10
Total de Gestos,19,10,10,10,10
Total de Gestos,20,10,10,10,10
Total de Gestos,21,10,10,10,11
Total de Gestos,22,10,11,11,11
Total de Gestos,23,10,11,11,11
Total de Gestos,24,10,11,11,11
Total de Gestos,25,10,12,12,12
Total de Gestos,26,10,12,12,12
Total de Gestos,27,10,12,12,12
Total de Gestos,28,10,12,12,13
Total de Gestos,29,10,13,13,13
Total de Gestos,30,10,13,13,13
Total de Gestos,31,10,13,13,14
Total de Gestos,32,10,14,13,14
Total de Gestos,33,10,14,14,14
Total de Gestos,34,10,14,14,14
Total de Gestos,35,10,14,14,15
Total de Gestos,36,10,15,14,15
Total de Gestos,37,10,15,15,15
Total de Gestos,38,10,15,15,16
Total de Gestos,39,10,15,15,16
Total de Gestos,40,10,16,15,16
Total de Gestos,41,10,16,16,16
Total de Gestos,42,10,16,16,17
Total de Gestos,43,10,17,16,17
Total de Gestos,44,10,17,16,17
Total de Gestos,45,10,17,17,18
Total de Gestos,46,10,17,17,18
Total de Gestos,47,10,18,17,18
Total de Gestos,48,10,18,17,19
Total de Gestos,49,10,18,18,19
Total de Gestos,50,10,19,18,19
Total de Gestos,51,10,19,18,19
Total de Gestos,52,10,19,18,20
Total de Gestos,53,10,19,19,20
Total de Gestos,54,10,20,19,20
Total de Gestos,55,10,20,19,21
Total de Gestos,56,10,20,19,21
Total de Gestos,57,10,21,20,21
Total de Gestos,58,10,21,20,22
Total de Gestos,59,10,21,20,22
Total de Gestos,60,10,21,21,22
Total de Gestos,61,10,22,21,23
Total de Gestos,62,10,22,21,23
Total de Gestos,63,10,22,21,23
Total de Gestos,64,10,23,22,24
Total de Gestos,65,10,23,22,24
Total de Gestos,66,10,23,22,24
Total de Gestos,67,10,24,23,25
Total de Gestos,68,10,24,23,25
Total de Gestos,69,10,24,23,25
Total de Gestos,70,10,25,24,26
Total de Gestos,71,10,25,24,26
Total de Gestos,72,10,26,24,27
Total de Gestos,73,10,26,25,27
Total de Gestos,74,10,26,25,27
Total de Gestos,75,10,27,25,28
Total de Gestos,76,10,27,26,28
Total de Gestos,77,10,28,26,29
Total de Gestos,78,10,28,27,29
Total de Gestos,79,10,28,27,30
Total de Gestos,80,10,29,27,30
Total de Gestos,81,10,29,28,31
Total de Gestos,82,10,30,28,31
Total de Gestos,83,10,30,29,32
Total de Gestos,84,10,31,29,32
Total de Gestos,85,10,31,30,33
Total de Gestos,86,10,32,30,33
Total de Gestos,87,10,32,31,34
Total de Gestos,88,10,33,31,35
Total de Gestos,89,10,34,32,35
Total de Gestos,90,10,34,33,36
Total de Gestos,91,10,35,33,37
Total de Gestos,92,10,36,34,38
Total de Gestos,93,10,37,35,39
Total de Gestos,94,10,38,36,40
Total de Gestos,95,10,39,37,41
Total de Gestos,96,10,40,38,42
Total de Gestos,97,10,42,39,44
Total de Gestos,98,10,44,41,46
Total de Gestos,99,10,47,44,49
Total de Gestos,0,11,0,0,0
Total de Gestos,1,11,3,4,3
Total de Gestos,2,11,5,5,4
Total de Gestos,3,11,6,6,5
Total de Gestos,4,11,6,6,6
Total de Gestos,5,11,7,7,7
Total de Gestos,6,11,7,8,7
Total de Gestos,7,11,8,8,8
Total de Gestos,8,11,9,9,8
Total de Gestos,9,11,9,9,9
Total de Gestos,10,11,9,9,9
Total de Gestos,11,11,10,10,10
Total de Gestos,12,11,10,10,10
Total de Gestos,13,11,11,11,11
Total de Gestos,14,11,11,11,11
Total de Gestos,15,11,12,11,12
Total de Gestos,16,11,12,12,12
Total de Gestos,17,11,12,12,12
Total de Gestos,18,11,13,12,13
Total de Gestos,19,11,13,13,13
Total de Gestos,20,11,13,13,14
Total de Gestos,21,11,14,13,14
Total de Gestos,22,11,14,14,14
Total de Gestos,23,11,14,14,15
Total de Gestos,24,11,15,14,15
Total de Gestos,25,11,15,14,15
Total de Gestos,26,11,15,15,16
Total de Gestos,27,11,16,15,16
Total de Gestos,28,11,16,15,16
Total de Gestos,29,11,16,16,17
Total de Gestos,30,11,16,16,17
Total de Gestos,31,11,17,16,17
Total de Gestos,32,11,17,16,18
Total de Gestos,33,11,17,17,18
Total de Gestos,34,11,18,17,18
Total de Gestos,35,11,18,17,19
Total de Gestos,36,11,18,18,19
Total de Gestos,37,11,19,18,19
Total de Gestos,38,11,19,18,20
Total de Gestos,39,11,19,18,20
Total de Gestos,40,11,19,19,20
Total de Gestos,41,11,20,19,20
Total de Gestos,42,11,20,19,21
Total de Gestos,43,11,20,19,21
Total de Gestos,44,11,21,20,21
Total de Gestos,45,11,21,20,22
Total de Gestos,46,11,21,20,22
Total de Gestos,47,11,22,21,22
Total de Gestos,48,11,22,21,23
Total de Gestos,49,11,22,21,23
Total de Gestos,50,11,22,21,23
Total de Gestos,51,11,23,22,24
Total de Gestos,52,11,23,22,24
Total de Gestos,53,11,23,22,24
Total de Gestos,54,11,24,22,25
Total de Gestos,55,11,24,23,25
Total de Gestos,56,11,24,23,25
Total de Gestos,57,11,25,23,26
Total de Gestos,58,11,25,24,26
Total de Gestos,59,11,25,24,26
Total de Gestos,60,11,26,24,27
Total de Gestos,61,11,26,24,27
Total de Gestos,62,11,26,25,27
Total de Gestos,63,11,27,25,28
Total de Gestos,64,11,27,25,28
Total de Gestos,65,11,27,26,28
Total de Gestos,66,11,28,26,29
Total de Gestos,67,11,28,26,29
Total de Gestos,68,11,28,27,29
Total de Gestos,69,11,29,27,30
Total de Gestos,70,11,29,27,30
Total de Gestos,71,11,29,28,31
Total de Gestos,72,11,30,28,31
Total de Gestos,73,11,30,28,31
Total de Gestos,74,11,30,29,32
Total de Gestos,75,11,31,29,32
Total de Gestos,76,11,31,29,33
Total de Gestos,77,11,32,30,33
Total de Gestos,78,11,32,30,34
Total de Gestos,79,11,33,31,34
Total de Gestos,80,11,33,31,35
Total de Gestos,81,11,33,31,35
Total de Gestos,82,11,34,32,36
Total de Gestos,83,11,34,32,36
Total de Gestos,84,11,35,33,37
Total de Gestos,85,11,35,33,37
Total de Gestos,86,11,36,34,38
Total de Gestos,87,11,37,34,38
Total de Gestos,88,11,37,35,39
Total de Gestos,89,11,38,35,40
Total de Gestos,90,11,38,36,40
Total de Gestos,91,11,39,37,41
Total de Gestos,92,11,40,38,42
Total de Gestos,93,11,41,38,43
Total de Gestos,94,11,42,39,44
Total de Gestos,95,11,43,40,45
Total de Gestos,96,11,44,41,46
Total de Gestos,97,11,45,43,47
Total de Gestos,98,11,47,45,49
Total de Gestos,99,11,50,47,52
Total de Gestos,0,12,0,0,0
Total de Gestos,1,12,5,5,5
Total de Gestos,2,12,7,7,7
Total de Gestos,3,12,8,8,8
Total de Gestos,4,12,9,9,9
Total de Gestos,5,12,9,9,9
Total de Gestos,6,12,10,10,10
Total de Gestos,7,12,11,11,11
Total de Gestos,8,12,11,11,11
Total de Gestos,9,12,12,12,12
Total de Gestos,10,12,12,12,13
Total de Gestos,11,12,13,13,13
Total de Gestos,12,12,13,13,14
Total de Gestos,13,12,14,13,14
Total de Gestos,14,12,14,14,15
Total de Gestos,15,12,15,14,15
Total de Gestos,16,12,15,15,16
Total de Gestos,17,12,16,15,16
Total de Gestos,18,12,16,15,16
Total de Gestos,19,12,16,16,17
Total de Gestos,20,12,17,16,17
Total de Gestos,21,12,17,16,18
Total de Gestos,22,12,18,17,18
Total de Gestos,23,12,18,17,18
Total de Gestos,24,12,18,17,19
Total de Gestos,25,12,19,18,19
Total de Gestos,26,12,19,18,20
Total de Gestos,27,12,19,18,20
Total de Gestos,28,12,20,19,20
Total de Gestos,29,12,20,19,21
Total de Gestos,30,12,20,19,21
Total de Gestos,31,12,21,20,21
Total de Gestos,32,12,21,20,22
Total de Gestos,33,12,21,20,22
Total de Gestos,34,12,22,20,22
Total de Gestos,35,12,22,21,23
Total de Gestos,36,12,22,21,23
Total de Gestos,37,12,23,21,23
Total de Gestos,38,12,23,22,24
Total de Gestos,39,12,23,22,24
Total de Gestos,40,12,23,22,24
Total de Gestos,41,12,24,22,25
Total de Gestos,42,12,24,23,25
Total de Gestos,43,12,24,23,25
Total de Gestos,44,12,25,23,26
Total de Gestos,45,12,25,24,26
Total de Gestos,46,12,25,24,26
Total de Gestos,47,12,26,24,27
Total de Gestos,48,12,26,24,27
Total de Gestos,49,12,26,25,27
Total de Gestos,50,12,27,25,28
Total de Gestos,51,12,27,25,28
Total de Gestos,52,12,27,26,28
Total de Gestos,53,12,27,26,29
Total de Gestos,54,12,28,26,29
Total de Gestos,55,12,28,26,29
Total de Gestos,56,12,28,27,30
Total de Gestos,57,12,29,27,30
Total de Gestos,58,12,29,27,30
Total de Gestos,59,12,29,28,31
Total de Gestos,60,12,30,28,31
Total de Gestos,61,12,30,28,31
Total de Gestos,62,12,30,29,32
Total de Gestos,63,12,31,29,32
Total de Gestos,64,12,31,29,32
Total de Gestos,65,12,31,29,33
Total de Gestos,66,12,32,30,33
Total de Gestos,67,12,32,30,34
Total de Gestos,68,12,32,30,34
Total de Gestos,69,12,33,31,34
Total de Gestos,70,12,33,31,35
Total de Gestos,71,12,34,31,35
Total de Gestos,72,12,34,32,35
Total de Gestos,73,12,34,32,36
Total de Gestos,74,12,35,32,36
Total de Gestos,75,12,35,33,37
Total de Gestos,76,12,35,33,37
Total de Gestos,77,12,36,34,38
Total de Gestos,78,12,36,34,38
Total de Gestos,79,12,37,34,38
Total de Gestos,80,12,37,35,39
Total de Gestos,81,12,38,35,39
Total de Gestos,82,12,38,36,40
Total de Gestos,83,12,38,36,40
Total de Gestos,84,12,39,37,41
Total de Gestos,85,12,39,37,41
Total de Gestos,86,12,40,37,42
Total de Gestos,87,12,41,38,42
Total de Gestos,88,12,41,39,43
Total de Gestos,89,12,42,39,44
Total de Gestos,90,12,42,40,44
Total de Gestos,91,12,43,40,45
Total de Gestos,92,12,44,41,46
Total de Gestos,93,12,45,42,47
Total de Gestos,94,12,45,43,47
Total de Gestos,95,12,46,44,48
Total de Gestos,96,12,47,45,49
Total de Gestos,97,12,49,46,51
Total de Gestos,98,12,50,48,52
Total de Gestos,99,12,53,50,55
Total de Gestos,0,13,0,0,0
Total de Gestos,1,13,7,7,7
Total de Gestos,2,13,9,9,9
Total de Gestos,3,13,10,10,10
Total de Gestos,4,13,11,11,12
Total de Gestos,5,13,12,12,12
Total de Gestos,6,13,13,13,13
Total de Gestos,7,13,14,13,14
Total de Gestos,8,13,14,14,15
Total de Gestos,9,13,15,15,15
Total de Gestos,10,13,16,15,16
Total de Gestos,11,13,16,16,17
Total de Gestos,12,13,17,16,17
Total de Gestos,13,13,17,17,18
Total de Gestos,14,13,18,17,18
Total de Gestos,15,13,18,17,19
Total de Gestos,16,13,19,18,19
Total de Gestos,17,13,19,18,20
Total de Gestos,18,13,20,19,20
Total de Gestos,19,13,20,19,21
Total de Gestos,20,13,20,19,21
Total de Gestos,21,13,21,20,22
Total de Gestos,22,13,21,20,22
Total de Gestos,23,13,22,21,22
Total de Gestos,24,13,22,21,23
Total de Gestos,25,13,22,21,23
Total de Gestos,26,13,23,22,24
Total de Gestos,27,13,23,22,24
Total de Gestos,28,13,23,22,24
Total de Gestos,29,13,24,23,25
Total de Gestos,30,13,24,23,25
Total de Gestos,31,13,24,23,26
Total de Gestos,32,13,25,23,26
Total de Gestos,33,13,25,24,26
Total de Gestos,34,13,26,24,27
Total de Gestos,35,13,26,24,27
Total de Gestos,36,13,26,25,27
Total de Gestos,37,13,27,25,28
Total de Gestos,38,13,27,25,28
Total de Gestos,39,13,27,26,28
Total de Gestos,40,13,27,26,29
Total de Gestos,41,13,28,26,29
Total de Gestos,42,13,28,26,29
Total de Gestos,43,13,28,27,30
Total de Gestos,44,13,29,27,30
Total de Gestos,45,13,29,27,30
Total de Gestos,46,13,29,28,31
Total de Gestos,47,13,30,28,31
Total de Gestos,48,13,30,28,31
Total de Gestos,49,13,30,28,32
Total de Gestos,50,13,31,29,32
Total de Gestos,51,13,31,29,32
Total de Gestos,52,13,31,29,33
Total de Gestos,53,13,32,30,33
Total de Gestos,54,13,32,30,33
Total de Gestos,55,13,32,30,34
Total de Gestos,56,13,33,31,34
Total de Gestos,57,13,33,31,34
Total de Gestos,58,13,33,31,35
Total de Gestos,59,13,34,31,35
Total de Gestos,60,13,34,32,35
Total de Gestos,61,13,34,32,36
Total de Gestos,62,13,34,32,36
Total de Gestos,63,13,35,33,37
Total de Gestos,64,13,35,33,37
Total de Gestos,65,13,35,33,37
Total de Gestos,66,13,36,34,38
Total de Gestos,67,13,36,34,38
Total de Gestos,68,13,37,34,38
Total de Gestos,69,13,37,35,39
Total de Gestos,70,13,37,35,39
Total de Gestos,71,13,38,35,39
Total de Gestos,72,13,38,36,40
Total de Gestos,73,13,38,36,40
Total de Gestos,74,13,39,36,41
Total de Gestos,75,13,39,37,41
Total de Gestos,76,13,39,37,41
Total de Gestos,77,13,40,37,42
Total de Gestos,78,13,40,38,42
Total de Gestos,79,13,41,38,43
Total de Gestos,80,13,41,38,43
Total de Gestos,81,13,41,39,43
Total de Gestos,82,13,42,39,44
Total de Gestos,83,13,42,40,44
Total de Gestos,84,13,43,40,45
Total de Gestos,85,13,43,41,45
Total de Gestos,86,13,44,41,46
Total de Gestos,87,13,44,42,46
Total de Gestos,88,13,45,42,47
Total de Gestos,89,13,45,43,47
Total de Gestos,90,13,46,43,48
Total de Gestos,91,13,47,44,49
Total de Gestos,92,13,47,45,49
Total de Gestos,93,13,48,45,50
Total de Gestos,94,13,49,46,51
Total de Gestos,95,13,50,47,52
Total de Gestos,96,13,51,48,53
Total de Gestos,97,13,52,49,54
Total de Gestos,98,13,53,51,55
Total de Gestos,99,13,55,53,57
Total de Gestos,0,14,0,0,0
Total de Gestos,1,14,9,9,10
Total de Gestos,2,14,12,11,12
Total de Gestos,3,14,13,13,13
Total de Gestos,4,14,14,14,15
Total de Gestos,5,14,15,15,16
Total de Gestos,6,14,16,16,17
Total de Gestos,7,14,17,16,18
Total de Gestos,8,14,18,17,18
Total de Gestos,9,14,18,18,19
Total de Gestos,10,14,19,18,20
Total de Gestos,11,14,20,19,20
Total de Gestos,12,14,20,19,21
Total de Gestos,13,14,21,20,22
Total de Gestos,14,14,21,20,22
Total de Gestos,15,14,22,21,23
Total de Gestos,16,14,22,21,23
Total de Gestos,17,14,23,22,24
Total de Gestos,18,14,23,22,24
Total de Gestos,19,14,24,23,25
Total de Gestos,20,14,24,23,25
Total de Gestos,21,14,25,23,26
Total de Gestos,22,14,25,24,26
Total de Gestos,23,14,25,24,27
Total de Gestos,24,14,26,24,27
Total de Gestos,25,14,26,25,27
Total de Gestos,26,14,27,25,28
Total de Gestos,27,14,27,25,28
Total de Gestos,28,14,27,26,29
Total de Gestos,29,14,28,26,29
Total de Gestos,30,14,28,26,29
Total de Gestos,31,14,28,27,30
Total de Gestos,32,14,29,27,30
Total de Gestos,33,14,29,27,31
Total de Gestos,34,14,29,28,31
Total de Gestos,35,14,30,28,31
Total de Gestos,36,14,30,28,32
Total de Gestos,37,14,30,29,32
Total de Gestos,38,14,31,29,32
Total de Gestos,39,14,31,29,33
Total de Gestos,40,14,31,30,33
Total de Gestos,41,14,32,30,33
Total de Gestos,42,14,32,30,34
Total de Gestos,43,14,32,30,34
Total de Gestos,44,14,33,31,34
Total de Gestos,45,14,33,31,35
Total de Gestos,46,14,33,31,35
Total de Gestos,47,14,34,32,35
Total de Gestos,48,14,34,32,36
Total de Gestos,49,14,34,32,36
Total de Gestos,50,14,35,33,36
Total de Gestos,51,14,35,33,37
Total de Gestos,52,14,35,33,37
Total de Gestos,53,14,36,33,37
Total de Gestos,54,14,36,34,38
Total de Gestos,55,14,36,34,38
Total de Gestos,56,14,37,34,38
Total de Gestos,57,14,37,35,39
Total de Gestos,58,14,37,35,39
Total de Gestos,59,14,37,35,39
Total de Gestos,60,14,38,35,40
Total de Gestos,61,14,38,36,40
Total de Gestos,62,14,38,36,40
Total de Gestos,63,14,39,36,41
Total de Gestos,64,14,39,37,41
Total de Gestos,65,14,39,37,41
Total de Gestos,66,14,40,37,42
Total de Gestos,67,14,40,38,42
Total de Gestos,68,14,40,38,42
Total de Gestos,69,14,41,38,43
Total de Gestos,70,14,41,39,43
Total de Gestos,71,14,41,39,44
Total de Gestos,72,14,42,39,44
Total de Gestos,73,14,42,40,44
Total de Gestos,74,14,42,40,45
Total de Gestos,75,14,43,40,45
Total de Gestos,76,14,43,41,45
Total de Gestos,77,14,44,41,46
Total de Gestos,78,14,44,41,46
Total de Gestos,79,14,44,42,46
Total de Gestos,80,14,45,42,47
Total de Gestos,81,14,45,42,47
Total de Gestos,82,14,46,43,48
Total de Gestos,83,14,46,43,48
Total de Gestos,84,14,46,44,49
Total de Gestos,85,14,47,44,49
Total de Gestos,86,14,47,45,49
Total de Gestos,87,14,48,45,50
Total de Gestos,88,14,48,46,50
Total de Gestos,89,14,49,46,51
Total de Gestos,90,14,49,47,51
Total de Gestos,91,14,50,47,52
Total de Gestos,92,14,51,48,53
Total de Gestos,93,14,51,48,53
Total de Gestos,94,14,52,49,54
Total de Gestos,95,14,53,50,55
Total de Gestos,96,14,54,51,55
Total de Gestos,97,14,55,52,56
Total de Gestos,98,14,56,53,58
Total de Gestos,99,14,58,55,59
Total de Gestos,0,15,0,0,0
Total de Gestos,1,15,12,12,12
Total de Gestos,2,15,14,14,15
Total de Gestos,3,15,16,16,17
Total de Gestos,4,15,17,17,18
Total de Gestos,5,15,18,18,19
Total de Gestos,6,15,19,19,20
Total de Gestos,7,15,20,20,21
Total de Gestos,8,15,21,20,22
Total de Gestos,9,15,22,21,23
Total de Gestos,10,15,22,22,24
Total de Gestos,11,15,23,22,24
Total de Gestos,12,15,24,23,25
Total de Gestos,13,15,24,23,26
Total de Gestos,14,15,25,24,26
Total de Gestos,15,15,25,24,27
Total de Gestos,16,15,26,25,27
Total de Gestos,17,15,26,25,28
Total de Gestos,18,15,27,26,28
Total de Gestos,19,15,27,26,29
Total de Gestos,20,15,28,26,29
Total de Gestos,21,15,28,27,30
Total de Gestos,22,15,29,27,30
Total de Gestos,23,15,29,28,31
Total de Gestos,24,15,30,28,31
Total de Gestos,25,15,30,28,32
Total de Gestos,26,15,30,29,32
Total de Gestos,27,15,31,29,32
Total de Gestos,28,15,31,29,33
Total de Gestos,29,15,31,30,33
Total de Gestos,30,15,32,30,34
Total de Gestos,31,15,32,30,34
Total de Gestos,32,15,33,31,34
Total de Gestos,33,15,33,31,35
Total de Gestos,34,15,33,31,35
Total de Gestos,35,15,34,32,35
Total de Gestos,36,15,34,32,36
Total de Gestos,37,15,34,32,36
Total de Gestos,38,15,35,33,37
Total de Gestos,39,15,35,33,37
Total de Gestos,40,15,35,33,37
Total de Gestos,41,15,36,34,38
Total de Gestos,42,15,36,34,38
Total de Gestos,43,15,36,34,38
Total de Gestos,44,15,37,34,39
Total de Gestos,45,15,37,35,39
Total de Gestos,46,15,37,35,39
Total de Gestos,47,15,38,35,40
Total de Gestos,48,15,38,36,40
Total de Gestos,49,15,38,36,40
Total de Gestos,50,15,38,36,41
Total de Gestos,51,15,39,37,41
Total de Gestos,52,15,39,37,41
Total de Gestos,53,15,39,37,42
Total de Gestos,54,15,40,37,42
Total de Gestos,55,15,40,38,42
Total de Gestos,56,15,40,38,42
Total de Gestos,57,15,41,38,43
Total de Gestos,58,15,41,39,43
Total de Gestos,59,15,41,39,43
Total de Gestos,60,15,42,39,44
Total de Gestos,61,15,42,39,44
Total de Gestos,62,15,42,40,44
Total de Gestos,63,15,42,40,45
Total de Gestos,64,15,43,40,45
Total de Gestos,65,15,43,41,45
Total de Gestos,66,15,43,41,46
Total de Gestos,67,15,44,41,46
Total de Gestos,68,15,44,42,46
Total de Gestos,69,15,44,42,47
Total de Gestos,70,15,45,42,47
Total de Gestos,71,15,45,42,47
Total de Gestos,72,15,45,43,48
Total de Gestos,73,15,46,43,48
Total de Gestos,74,15,46,43,48
Total de Gestos,75,15,46,44,49
Total de Gestos,76,15,47,44,49
Total de Gestos,77,15,47,44,49
Total de Gestos,78,15,47,45,50
Total de Gestos,79,15,48,45,50
Total de Gestos,80,15,48,45,50
Total de Gestos,81,15,48,46,51
Total de Gestos,82,15,49,46,51
Total de Gestos,83,15,49,47,51
Total de Gestos,84,15,50,47,52
Total de Gestos,85,15,50,47,52
Total de Gestos,86,15,50,48,53
Total de Gestos,87,15,51,48,53
Total de Gestos,88,15,51,49,54
Total de Gestos,89,15,52,49,54
Total de Gestos,90,15,52,50,54
Total de Gestos,91,15,53,50,55
Total de Gestos,92,15,53,51,55
Total de Gestos,93,15,54,51,56
Total de Gestos,94,15,55,52,57
Total de Gestos,95,15,55,53,57
Total de Gestos,96,15,56,54,58
Total de Gestos,97,15,57,54,59
Total de Gestos,98,15,58,56,60
Total de Gestos,99,15,59,57,61
Total de Gestos,0,16,0,0,0
Total de Gestos,1,16,14,14,15
Total de Gestos,2,16,17,17,18
Total de Gestos,3,16,19,19,20
Total de Gestos,4,16,20,20,21
Total de Gestos,5,16,22,21,23
Total de Gestos,6,16,23,22,24
Total de Gestos,7,16,24,23,25
Total de Gestos,8,16,24,24,26
Total de Gestos,9,16,25,24,27
Total de Gestos,10,16,26,25,27
Total de Gestos,11,16,27,26,28
Total de Gestos,12,16,27,26,29
Total de Gestos,13,16,28,27,29
Total de Gestos,14,16,28,27,30
Total de Gestos,15,16,29,28,31
Total de Gestos,16,16,29,28,31
Total de Gestos,17,16,30,29,32
Total de Gestos,18,16,30,29,32
Total de Gestos,19,16,31,30,33
Total de Gestos,20,16,31,30,33
Total de Gestos,21,16,32,30,34
Total de Gestos,22,16,32,31,34
Total de Gestos,23,16,33,31,35
Total de Gestos,24,16,33,32,35
Total de Gestos,25,16,34,32,36
Total de Gestos,26,16,34,32,36
Total de Gestos,27,16,34,33,36
Total de Gestos,28,16,35,33,37
Total de Gestos,29,16,35,33,37
Total de Gestos,30,16,35,34,38
Total de Gestos,31,16,36,34,38
Total de Gestos,32,16,36,34,38
Total de Gestos,33,16,37,35,39
Total de Gestos,34,16,37,35,39
Total de Gestos,35,16,37,35,39
Total de Gestos,36,16,38,36,40
Total de Gestos,37,16,38,36,40
Total de Gestos,38,16,38,36,40
Total de Gestos,39,16,39,37,41
Total de Gestos,40,16,39,37,41
Total de Gestos,41,16,39,37,42
Total de Gestos,42,16,40,37,42
Total de Gestos,43,16,40,38,42
Total de Gestos,44,16,40,38,42
Total de Gestos,45,16,40,38,43
Total de Gestos,46,16,41,39,43
Total de Gestos,47,16,41,39,43
Total de Gestos,48,16,41,39,44
Total de Gestos,49,16,42,40,44
Total de Gestos,50,16,42,40,44
Total de Gestos,51,16,42,40,45
Total de Gestos,52,16,43,40,45
Total de Gestos,53,16,43,41,45
Total de Gestos,54,16,43,41,46
Total de Gestos,55,16,43,41,46
Total de Gestos,56,16,44,41,46
Total de Gestos,57,16,44,42,46
Total de Gestos,58,16,44,42,47
Total de Gestos,59,16,45,42,47
Total de Gestos,60,16,45,43,47
Total de Gestos,61,16,45,43,48
Total de Gestos,62,16,46,43,48
Total de Gestos,63,16,46,43,48
Total de Gestos,64,16,46,44,49
Total de Gestos,65,16,46,44,49
Total de Gestos,66,16,47,44,49
Total de Gestos,67,16,47,45,49
Total de Gestos,68,16,47,45,50
Total de Gestos,69,16,48,45,50
Total de Gestos,70,16,48,45,50
Total de Gestos,71,16,48,46,51
Total de Gestos,72,16,49,46,51
Total de Gestos,73,16,49,46,51
Total de Gestos,74,16,49,47,52
Total de Gestos,75,16,49,47,52
Total de Gestos,76,16,50,47,52
Total de Gestos,77,16,50,48,52
Total de Gestos,78,16,50,48,53
Total de Gestos,79,16,51,48,53
Total de Gestos,80,16,51,49,53
Total de Gestos,81,16,51,49,54
Total de Gestos,82,16,52,49,54
Total de Gestos,83,16,52,50,54
Total de Gestos,84,16,53,50,55
Total de Gestos,85,16,53,50,55
Total de Gestos,86,16,53,51,55
Total de Gestos,87,16,54,51,56
Total de Gestos,88,16,54,52,56
Total de Gestos,89,16,54,52,57
Total de Gestos,90,16,55,52,57
Total de Gestos,91,16,55,53,57
Total de Gestos,92,16,56,53,58
Total de Gestos,93,16,56,54,58
Total de Gestos,94,16,57,55,59
Total de Gestos,95,16,57,55,59
Total de Gestos,96,16,58,56,60
Total de Gestos,97,16,59,57,60
Total de Gestos,98,16,60,58,61
Total de Gestos,99,16,61,59,62
Total de Gestos,0,17,0,0,0
Total de Gestos,1,17,17,17,18
Total de Gestos,2,17,20,20,21
Total de Gestos,3,17,22,22,23
Total de Gestos,4,17,23,23,25
Total de Gestos,5,17,25,24,26
Total de Gestos,6,17,26,25,27
Total de Gestos,7,17,27,26,28
Total de Gestos,8,17,28,27,29
Total de Gestos,9,17,28,28,30
Total de Gestos,10,17,29,28,31
Total de Gestos,11,17,30,29,32
Total de Gestos,12,17,31,30,33
Total de Gestos,13,17,31,30,33
Total de Gestos,14,17,32,31,34
Total de Gestos,15,17,32,31,34
Total de Gestos,16,17,33,32,35
Total de Gestos,17,17,33,32,36
Total de Gestos,18,17,34,33,36
Total de Gestos,19,17,34,33,37
Total de Gestos,20,17,35,33,37
Total de Gestos,21,17,35,34,38
Total de Gestos,22,17,36,34,38
Total de Gestos,23,17,36,35,38
Total de Gestos,24,17,37,35,39
Total de Gestos,25,17,37,35,39
Total de Gestos,26,17,37,36,40
Total de Gestos,27,17,38,36,40
Total de Gestos,28,17,38,37,41
Total de Gestos,29,17,39,37,41
Total de Gestos,30,17,39,37,41
Total de Gestos,31,17,39,38,42
Total de Gestos,32,17,40,38,42
Total de Gestos,33,17,40,38,42
Total de Gestos,34,17,40,38,43
Total de Gestos,35,17,41,39,43
Total de Gestos,36,17,41,39,43
Total de Gestos,37,17,41,39,44
Total de Gestos,38,17,42,40,44
Total de Gestos,39,17,42,40,44
Total de Gestos,40,17,42,40,45
Total de Gestos,41,17,43,41,45
Total de Gestos,42,17,43,41,45
Total de Gestos,43,17,43,41,46
Total de Gestos,44,17,43,41,46
Total de Gestos,45,17,44,42,46
Total de Gestos,46,17,44,42,47
Total de Gestos,47,17,44,42,47
Total de Gestos,48,17,45,43,47
Total de Gestos,49,17,45,43,48
Total de Gestos,50,17,45,43,48
Total de Gestos,51,17,46,43,48
Total de Gestos,52,17,46,44,48
Total de Gestos,53,17,46,44,49
Total de Gestos,54,17,46,44,49
Total de Gestos,55,17,47,44,49
Total de Gestos,56,17,47,45,50
Total de Gestos,57,17,47,45,50
Total de Gestos,58,17,48,45,50
Total de Gestos,59,17,48,46,50
Total de Gestos,60,17,48,46,51
Total de Gestos,61,17,48,46,51
Total de Gestos,62,17,49,46,51
Total de Gestos,63,17,49,47,51
Total de Gestos,64,17,49,47,52
Total de Gestos,65,17,49,47,52
Total de Gestos,66,17,50,47,52
Total de Gestos,67,17,50,48,53
Total de Gestos,68,17,50,48,53
Total de Gestos,69,17,51,48,53
Total de Gestos,70,17,51,49,53
Total de Gestos,71,17,51,49,54
Total de Gestos,72,17,51,49,54
Total de Gestos,73,17,52,49,54
Total de Gestos,74,17,52,50,54
Total de Gestos,75,17,52,50,55
Total de Gestos,76,17,53,50,55
Total de Gestos,77,17,53,51,55
Total de Gestos,78,17,53,51,56
Total de Gestos,79,17,53,51,56
Total de Gestos,80,17,54,51,56
Total de Gestos,81,17,54,52,56
Total de Gestos,82,17,54,52,57
Total de Gestos,83,17,55,52,57
Total de Gestos,84,17,55,53,57
Total de Gestos,85,17,55,53,57
Total de Gestos,86,17,56,53,58
Total de Gestos,87,17,56,54,58
Total de Gestos,88,17,56,54,58
Total de Gestos,89,17,57,55,59
Total de Gestos,90,17,57,55,59
Total de Gestos,91,17,57,55,59
Total de Gestos,92,17,58,56,60
Total de Gestos,93,17,58,56,60
Total de Gestos,94,17,59,57,60
Total de Gestos,95,17,59,57,61
Total de Gestos,96,17,60,58,61
Total de Gestos,97,17,60,59,62
Total de Gestos,98,17,61,59,62
Total de Gestos,99,17,62,61,63
Total de Gestos,0,18,0,0,0
Total de Gestos,1,18,19,20,21
Total de Gestos,2,18,23,23,24
Total de Gestos,3,18,25,25,26
Total de Gestos,4,18,26,26,28
Total de Gestos,5,18,28,27,30
Total de Gestos,6,18,29,28,31
Total de Gestos,7,18,30,29,32
Total de Gestos,8,18,31,30,33
Total de Gestos,9,18,32,31,34
Total de Gestos,10,18,32,32,35
Total de Gestos,11,18,33,32,35
Total de Gestos,12,18,34,33,36
Total de Gestos,13,18,34,33,37
Total de Gestos,14,18,35,34,37
Total de Gestos,15,18,36,34,38
Total de Gestos,16,18,36,35,39
Total de Gestos,17,18,37,35,39
Total de Gestos,18,18,37,36,40
Total de Gestos,19,18,38,36,40
Total de Gestos,20,18,38,37,41
Total de Gestos,21,18,39,37,41
Total de Gestos,22,18,39,38,42
Total de Gestos,23,18,39,38,42
Total de Gestos,24,18,40,38,42
Total de Gestos,25,18,40,39,43
Total de Gestos,26,18,41,39,43
Total de Gestos,27,18,41,39,44
Total de Gestos,28,18,41,40,44
Total de Gestos,29,18,42,40,44
Total de Gestos,30,18,42,40,45
Total de Gestos,31,18,42,41,45
Total de Gestos,32,18,43,41,46
Total de Gestos,33,18,43,41,46
Total de Gestos,34,18,43,42,46
Total de Gestos,35,18,44,42,47
Total de Gestos,36,18,44,42,47
Total de Gestos,37,18,44,43,47
Total de Gestos,38,18,45,43,48
Total de Gestos,39,18,45,43,48
Total de Gestos,40,18,45,44,48
Total de Gestos,41,18,46,44,48
Total de Gestos,42,18,46,44,49
Total de Gestos,43,18,46,44,49
Total de Gestos,44,18,47,45,49
Total de Gestos,45,18,47,45,50
Total de Gestos,46,18,47,45,50
Total de Gestos,47,18,47,45,50
Total de Gestos,48,18,48,46,50
Total de Gestos,49,18,48,46,51
Total de Gestos,50,18,48,46,51
Total de Gestos,51,18,49,47,51
Total de Gestos,52,18,49,47,51
Total de Gestos,53,18,49,47,52
Total de Gestos,54,18,49,47,52
Total de Gestos,55,18,50,48,52
Total de Gestos,56,18,50,48,53
Total de Gestos,57,18,50,48,53
Total de Gestos,58,18,50,48,53
Total de Gestos,59,18,51,49,53
Total de Gestos,60,18,51,49,54
Total de Gestos,61,18,51,49,54
Total de Gestos,62,18,51,49,54
Total de Gestos,63,18,52,50,54
Total de Gestos,64,18,52,50,54
Total de Gestos,65,18,52,50,55
Total de Gestos,66,18,52,50,55
Total de Gestos,67,18,53,51,55
Total de Gestos,68,18,53,51,55
Total de Gestos,69,18,53,51,56
Total de Gestos,70,18,53,51,56
Total de Gestos,71,18,54,52,56
Total de Gestos,72,18,54,52,56
Total de Gestos,73,18,54,52,57
Total de Gestos,74,18,54,52,57
Total de Gestos,75,18,55,53,57
Total de Gestos,76,18,55,53,57
Total de Gestos,77,18,55,53,58
Total de Gestos,78,18,55,53,58
Total de Gestos,79,18,56,54,58
Total de Gestos,80,18,56,54,58
Total de Gestos,81,18,56,54,58
Total de Gestos,82,18,57,55,59
Total de Gestos,83,18,57,55,59
Total de Gestos,84,18,57,55,59
Total de Gestos,85,18,57,55,59
Total de Gestos,86,18,58,56,60
Total de Gestos,87,18,58,56,60
Total de Gestos,88,18,58,56,60
Total de Gestos,89,18,59,57,60
Total de Gestos,90,18,59,57,61
Total de Gestos,91,18,59,57,61
Total de Gestos,92,18,60,58,61
Total de Gestos,93,18,60,58,61
Total de Gestos,94,18,60,59,62
Total de Gestos,95,18,61,59,62
Total de Gestos,96,18,61,60,62
Total de Gestos,97,18,61,60,63
Total de Gestos,98,18,62,61,63
Total de Gestos,99,18,63,62,63
Primeras frases,0,8,0,0,0
Primeras frases,1,8,0,0,1
Primeras frases,2,8,1,1,1
Primeras frases,3,8,1,1,1
Primeras frases,4,8,1,1,2
Primeras frases,5,8,2,1,2
Primeras frases,6,8,2,2,2
Primeras frases,7,8,2,2,2
Primeras frases,8,8,2,2,3
Primeras frases,9,8,3,2,3
Primeras frases,10,8,3,2,3
Primeras frases,11,8,3,3,3
Primeras frases,12,8,3,3,4
Primeras frases,13,8,3,3,4
Primeras frases,14,8,4,3,4
Primeras frases,15,8,4,3,4
Primeras frases,16,8,4,4,4
Primeras frases,17,8,4,4,5
Primeras frases,18,8,4,4,5
Primeras frases,19,8,5,4,5
Primeras frases,20,8,5,4,5
Primeras frases,21,8,5,4,5
Primeras frases,22,8,5,5,6
Primeras frases,23,8,5,5,6
Primeras frases,24,8,5,5,6
Primeras frases,25,8,6,5,6
Primeras frases,26,8,6,5,6
Primeras frases,27,8,6,6,7
Primeras frases,28,8,6,6,7
Primeras frases,29,8,6,6,7
Primeras frases,30,8,7,6,7
Primeras frases,31,8,7,6,7
Primeras frases,32,8,7,6,8
Primeras frases,33,8,7,7,8
Primeras frases,34,8,7,7,8
Primeras frases,35,8,8,7,8
Primeras frases,36,8,8,7,8
Primeras frases,37,8,8,7,9
Primeras frases,38,8,8,8,9
Primeras frases,39,8,8,8,9
Primeras frases,40,8,8,8,9
Primeras frases,41,8,9,8,9
Primeras frases,42,8,9,8,10
Primeras frases,43,8,9,9,10
Primeras frases,44,8,9,9,10
Primeras frases,45,8,9,9,10
Primeras frases,46,8,10,9,10
Primeras frases,47,8,10,9,11
Primeras frases,48,8,10,9,11
Primeras frases,49,8,10,10,11
Primeras frases,50,8,10,10,11
Primeras frases,51,8,11,10,11
Primeras frases,52,8,11,10,12
Primeras frases,53,8,11,10,12
Primeras frases,54,8,11,11,12
Primeras frases,55,8,11,11,12
Primeras frases,56,8,12,11,12
Primeras frases,57,8,12,11,13
Primeras frases,58,8,12,12,13
Primeras frases,59,8,12,12,13
Primeras frases,60,8,12,12,13
Primeras frases,61,8,13,12,13
Primeras frases,62,8,13,12,14
Primeras frases,63,8,13,13,14
Primeras frases,64,8,13,13,14
Primeras frases,65,8,14,13,14
Primeras frases,66,8,14,13,14
Primeras frases,67,8,14,13,15
Primeras frases,68,8,14,14,15
Primeras frases,69,8,14,14,15
Primeras frases,70,8,15,14,15
Primeras frases,71,8,15,14,16
Primeras frases,72,8,15,15,16
Primeras frases,73,8,15,15,16
Primeras frases,74,8,16,15,16
Primeras frases,75,8,16,15,17
Primeras frases,76,8,16,16,17
Primeras frases,77,8,16,16,17
Primeras frases,78,8,17,16,17
Primeras frases,79,8,17,17,18
Primeras frases,80,8,17,17,18
Primeras frases,81,8,17,17,18
Primeras frases,82,8,18,17,18
Primeras frases,83,8,18,18,19
Primeras frases,84,8,18,18,19
Primeras frases,85,8,19,18,19
Primeras frases,86,8,19,19,20
Primeras frases,87,8,19,19,20
Primeras frases,88,8,20,19,20
Primeras frases,89,8,20,20,21
Primeras frases,90,8,20,20,21
Primeras frases,91,8,21,21,21
Primeras frases,92,8,21,21,22
Primeras frases,93,8,22,21,22
Primeras frases,94,8,22,22,23
Primeras frases,95,8,23,22,23
Primeras frases,96,8,23,23,24
Primeras frases,97,8,24,24,24
Primeras frases,98,8,25,24,25
Primeras frases,99,8,26,25,26
Primeras frases,0,9,0,0,0
Primeras frases,1,9,1,1,1
Primeras frases,2,9,1,1,2
Primeras frases,3,9,2,1,2
Primeras frases,4,9,2,2,2
Primeras frases,5,9,2,2,3
Primeras frases,6,9,3,2,3
Primeras frases,7,9,3,3,3
Primeras frases,8,9,3,3,4
Primeras frases,9,9,4,3,4
Primeras frases,10,9,4,3,4
Primeras frases,11,9,4,4,5
Primeras frases,12,9,4,4,5
Primeras frases,13,9,5,4,5
Primeras frases,14,9,5,4,5
Primeras frases,15,9,5,5,6
Primeras frases,16,9,5,5,6
Primeras frases,17,9,6,5,6
Primeras frases,18,9,6,5,6
Primeras frases,19,9,6,5,7
Primeras frases,20,9,6,6,7
Primeras frases,21,9,6,6,7
Primeras frases,22,9,7,6,7
Primeras frases,23,9,7,6,8
Primeras frases,24,9,7,7,8
Primeras frases,25,9,7,7,8
Primeras frases,26,9,8,7,8
Primeras frases,27,9,8,7,8
Primeras frases,28,9,8,7,9
Primeras frases,29,9,8,8,9
Primeras frases,30,9,8,8,9
Primeras frases,31,9,9,8,9
Primeras frases,32,9,9,8,9
Primeras frases,33,9,9,8,10
Primeras frases,34,9,9,9,10
Primeras frases,35,9,9,9,10
Primeras frases,36,9,10,9,10
Primeras frases,37,9,10,9,11
Primeras frases,38,9,10,9,11
Primeras frases,39,9,10,10,11
Primeras frases,40,9,10,10,11
Primeras frases,41,9,11,10,11
Primeras frases,42,9,11,10,12
Primeras frases,43,9,11,11,12
Primeras frases,44,9,11,11,12
Primeras frases,45,9,12,11,12
Primeras frases,46,9,12,11,12
Primeras frases,47,9,12,11,13
Primeras frases,48,9,12,12,13
Primeras frases,49,9,12,12,13
Primeras frases,50,9,13,12,13
Primeras frases,51,9,13,12,13
Primeras frases,52,9,13,12,14
Primeras frases,53,9,13,13,14
Primeras frases,54,9,13,13,14
Primeras frases,55,9,14,13,14
Primeras frases,56,9,14,13,14
Primeras frases,57,9,14,13,15
Primeras frases,58,9,14,14,15
Primeras frases,59,9,14,14,15
Primeras frases,60,9,15,14,15
Primeras frases,61,9,15,14,16
Primeras frases,62,9,15,15,16
Primeras frases,63,9,15,15,16
Primeras frases,64,9,16,15,16
Primeras frases,65,9,16,15,16
Primeras frases,66,9,16,15,17
Primeras frases,67,9,16,16,17
Primeras frases,68,9,16,16,17
Primeras frases,69,9,17,16,17
Primeras frases,70,9,17,16,17
Primeras frases,71,9,17,17,18
Primeras frases,72,9,17,17,18
Primeras frases,73,9,18,17,18
Primeras frases,74,9,18,17,18
Primeras frases,75,9,18,18,19
Primeras frases,76,9,18,18,19
Primeras frases,77,9,19,18,19
Primeras frases,78,9,19,18,19
Primeras frases,79,9,19,19,20
Primeras frases,80,9,19,19,20
Primeras frases,81,9,20,19,20
Primeras frases,82,9,20,19,20
Primeras frases,83,9,20,20,21
Primeras frases,84,9,20,20,21
Primeras frases,85,9,21,20,21
Primeras frases,86,9,21,21,21
Primeras frases,87,9,21,21,22
Primeras frases,88,9,22,21,22
Primeras frases,89,9,22,22,22
Primeras frases,90,9,22,22,23
Primeras frases,91,9,23,22,23
Primeras frases,92,9,23,23,23
Primeras frases,93,9,23,23,24
Primeras frases,94,9,24,24,24
Primeras frases,95,9,24,24,24
Primeras frases,96,9,25,24,25
Primeras frases,97,9,25,25,25
Primeras frases,98,9,26,26,26
Primeras frases,99,9,26,26,27
Primeras frases,0,10,0,0,0
Primeras frases,1,10,1,1,1
Primeras frases,2,10,2,2,2
Primeras frases,3,10,2,2,3
Primeras frases,4,10,3,2,3
Primeras frases,5,10,3,3,4
Primeras frases,6,10,4,3,4
Primeras frases,7,10,4,4,5
Primeras frases,8,10,4,4,5
Primeras frases,9,10,5,4,5
Primeras frases,10,10,5,5,6
Primeras frases,11,10,5,5,6
Primeras frases,12,10,6,5,6
Primeras frases,13,10,6,5,7
Primeras frases,14,10,6,6,7
Primeras frases,15,10,7,6,7
Primeras frases,16,10,7,6,7
Primeras frases,17,10,7,7,8
Primeras frases,18,10,7,7,8
Primeras frases,19,10,8,7,8
Primeras frases,20,10,8,7,9
Primeras frases,21,10,8,8,9
Primeras frases,22,10,8,8,9
Primeras frases,23,10,9,8,9
Primeras frases,24,10,9,8,10
Primeras frases,25,10,9,9,10
Primeras frases,26,10,9,9,10
Primeras frases,27,10,10,9,10
Primeras frases,28,10,10,9,11
Primeras frases,29,10,10,10,11
Primeras frases,30,10,10,10,11
Primeras frases,31,10,11,10,11
Primeras frases,32,10,11,10,11
Primeras frases,33,10,11,10,12
Primeras frases,34,10,11,11,12
Primeras frases,35,10,11,11,12
Primeras frases,36,10,12,11,12
Primeras frases,37,10,12,11,13
Primeras frases,38,10,12,12,13
Primeras frases,39,10,12,12,13
Primeras frases,40,10,13,12,13
Primeras frases,41,10,13,12,13
Primeras frases,42,10,13,12,14
Primeras frases,43,10,13,13,14
Primeras frases,44,10,13,13,14
Primeras frases,45,10,14,13,14
Primeras frases,46,10,14,13,15
Primeras frases,47,10,14,14,15
Primeras frases,48,10,14,14,15
Primeras frases,49,10,15,14,15
Primeras frases,50,10,15,14,15
Primeras frases,51,10,15,14,16
Primeras frases,52,10,15,15,16
Primeras frases,53,10,15,15,16
Primeras frases,54,10,16,15,16
Primeras frases,55,10,16,15,16
Primeras frases,56,10,16,15,17
Primeras frases,57,10,16,16,17
Primeras frases,58,10,16,16,17
Primeras frases,59,10,17,16,17
Primeras frases,60,10,17,16,17
Primeras frases,61,10,17,17,18
Primeras frases,62,10,17,17,18
Primeras frases,63,10,18,17,18
Primeras frases,64,10,18,17,18
Primeras frases,65,10,18,17,18
Primeras frases,66,10,18,18,19
Primeras frases,67,10,18,18,19
Primeras frases,68,10,19,18,19
Primeras frases,69,10,19,18,19
Primeras frases,70,10,19,19,20
Primeras frases,71,10,19,19,20
Primeras frases,72,10,19,19,20
Primeras frases,73,10,20,19,20
Primeras frases,74,10,20,19,20
Primeras frases,75,10,20,20,21
Primeras frases,76,10,20,20,21
Primeras frases,77,10,21,20,21
Primeras frases,78,10,21,20,21
Primeras frases,79,10,21,21,21
Primeras frases,80,10,21,21,22
Primeras frases,81,10,22,21,22
Primeras frases,82,10,22,21,22
Primeras frases,83,10,22,22,22
Primeras frases,84,10,22,22,23
Primeras frases,85,10,23,22,23
Primeras frases,86,10,23,22,23
Primeras frases,87,10,23,23,23
Primeras frases,88,10,23,23,24
Primeras frases,89,10,24,23,24
Primeras frases,90,10,24,24,24
Primeras frases,91,10,24,24,24
Primeras frases,92,10,24,24,25
Primeras frases,93,10,25,25,25
Primeras frases,94,10,25,25,25
Primeras frases,95,10,25,25,26
Primeras frases,96,10,26,26,26
Primeras frases,97,10,26,26,26
Primeras frases,98,10,27,27,27
Primeras frases,99,10,27,27,27
Primeras frases,0,11,0,0,0
Primeras frases,1,11,2,1,2
Primeras frases,2,11,3,2,3
Primeras frases,3,11,3,3,4
Primeras frases,4,11,4,3,4
Primeras frases,5,11,4,4,5
Primeras frases,6,11,5,4,5
Primeras frases,7,11,5,5,6
Primeras frases,8,11,6,5,6
Primeras frases,9,11,6,6,7
Primeras frases,10,11,7,6,7
Primeras frases,11,11,7,6,8
Primeras frases,12,11,7,7,8
Primeras frases,13,11,8,7,8
Primeras frases,14,11,8,7,9
Primeras frases,15,11,8,8,9
Primeras frases,16,11,9,8,9
Primeras frases,17,11,9,8,10
Primeras frases,18,11,9,9,10
Primeras frases,19,11,9,9,10
Primeras frases,20,11,10,9,10
Primeras frases,21,11,10,9,11
Primeras frases,22,11,10,10,11
Primeras frases,23,11,11,10,11
Primeras frases,24,11,11,10,12
Primeras frases,25,11,11,11,12
Primeras frases,26,11,11,11,12
Primeras frases,27,11,12,11,12
Primeras frases,28,11,12,11,13
Primeras frases,29,11,12,12,13
Primeras frases,30,11,12,12,13
Primeras frases,31,11,13,12,13
Primeras frases,32,11,13,12,14
Primeras frases,33,11,13,13,14
Primeras frases,34,11,13,13,14
Primeras frases,35,11,14,13,14
Primeras frases,36,11,14,13,14
Primeras frases,37,11,14,13,15
Primeras frases,38,11,14,14,15
Primeras frases,39,11,15,14,15
Primeras frases,40,11,15,14,15
Primeras frases,41,11,15,14,16
Primeras frases,42,11,15,15,16
Primeras frases,43,11,15,15,16
Primeras frases,44,11,16,15,16
Primeras frases,45,11,16,15,16
Primeras frases,46,11,16,16,17
Primeras frases,47,11,16,16,17
Primeras frases,48,11,17,16,17
Primeras frases,49,11,17,16,17
Primeras frases,50,11,17,16,17
Primeras frases,51,11,17,17,18
Primeras frases,52,11,17,17,18
Primeras frases,53,11,18,17,18
Primeras frases,54,11,18,17,18
Primeras frases,55,11,18,17,18
Primeras frases,56,11,18,18,19
Primeras frases,57,11,18,18,19
Primeras frases,58,11,19,18,19
Primeras frases,59,11,19,18,19
Primeras frases,60,11,19,19,19
Primeras frases,61,11,19,19,20
Primeras frases,62,11,19,19,20
Primeras frases,63,11,20,19,20
Primeras frases,64,11,20,19,20
Primeras frases,65,11,20,20,20
Primeras frases,66,11,20,20,21
Primeras frases,67,11,20,20,21
Primeras frases,68,11,21,20,21
Primeras frases,69,11,21,20,21
Primeras frases,70,11,21,21,21
Primeras frases,71,11,21,21,22
Primeras frases,72,11,21,21,22
Primeras frases,73,11,22,21,22
Primeras frases,74,11,22,21,22
Primeras frases,75,11,22,22,22
Primeras frases,76,11,22,22,23
Primeras frases,77,11,22,22,23
Primeras frases,78,11,23,22,23
Primeras frases,79,11,23,23,23
Primeras frases,80,11,23,23,23
Primeras frases,81,11,23,23,24
Primeras frases,82,11,24,23,24
Primeras frases,83,11,24,23,24
Primeras frases,84,11,24,24,24
Primeras frases,85,11,24,24,24
Primeras frases,86,11,24,24,25
Primeras frases,87,11,25,24,25
Primeras frases,88,11,25,25,25
Primeras frases,89,11,25,25,25
Primeras frases,90,11,25,25,25
Primeras frases,91,11,25,25,26
Primeras frases,92,11,26,26,26
Primeras frases,93,11,26,26,26
Primeras frases,94,11,26,26,26
Primeras frases,95,11,26,26,27
Primeras frases,96,11,27,27,27
Primeras frases,97,11,27,27,27
Primeras frases,98,11,27,27,27
Primeras frases,99,11,28,28,28
Primeras frases,0,12,0,0,0
Primeras frases,1,12,2,2,3
Primeras frases,2,12,3,3,4
Primeras frases,3,12,4,4,5
Primeras frases,4,12,5,5,6
Primeras frases,5,12,6,5,6
Primeras frases,6,12,6,6,7
Primeras frases,7,12,7,6,7
Primeras frases,8,12,7,7,8
Primeras frases,9,12,8,7,8
Primeras frases,10,12,8,8,9
Primeras frases,11,12,9,8,9
Primeras frases,12,12,9,8,10
Primeras frases,13,12,9,9,10
Primeras frases,14,12,10,9,10
Primeras frases,15,12,10,9,11
Primeras frases,16,12,10,10,11
Primeras frases,17,12,11,10,11
Primeras frases,18,12,11,10,12
Primeras frases,19,12,11,11,12
Primeras frases,20,12,12,11,12
Primeras frases,21,12,12,11,13
Primeras frases,22,12,12,12,13
Primeras frases,23,12,13,12,13
Primeras frases,24,12,13,12,13
Primeras frases,25,12,13,13,14
Primeras frases,26,12,13,13,14
Primeras frases,27,12,14,13,14
Primeras frases,28,12,14,13,15
Primeras frases,29,12,14,14,15
Primeras frases,30,12,14,14,15
Primeras frases,31,12,15,14,15
Primeras frases,32,12,15,14,16
Primeras frases,33,12,15,15,16
Primeras frases,34,12,15,15,16
Primeras frases,35,12,16,15,16
Primeras frases,36,12,16,15,17
Primeras frases,37,12,16,16,17
Primeras frases,38,12,16,16,17
Primeras frases,39,12,17,16,17
Primeras frases,40,12,17,16,17
Primeras frases,41,12,17,17,18
Primeras frases,42,12,17,17,18
Primeras frases,43,12,18,17,18
Primeras frases,44,12,18,17,18
Primeras frases,45,12,18,17,18
Primeras frases,46,12,18,18,19
Primeras frases,47,12,18,18,19
Primeras frases,48,12,19,18,19
Primeras frases,49,12,19,18,19
Primeras frases,50,12,19,19,19
Primeras frases,51,12,19,19,20
Primeras frases,52,12,19,19,20
Primeras frases,53,12,20,19,20
Primeras frases,54,12,20,19,20
Primeras frases,55,12,20,20,20
Primeras frases,56,12,20,20,21
Primeras frases,57,12,20,20,21
Primeras frases,58,12,21,20,21
Primeras frases,59,12,21,20,21
Primeras frases,60,12,21,21,21
Primeras frases,61,12,21,21,22
Primeras frases,62,12,21,21,22
Primeras frases,63,12,22,21,22
Primeras frases,64,12,22,21,22
Primeras frases,65,12,22,22,22
Primeras frases,66,12,22,22,22
Primeras frases,67,12,22,22,23
Primeras frases,68,12,22,22,23
Primeras frases,69,12,23,22,23
Primeras frases,70,12,23,23,23
Primeras frases,71,12,23,23,23
Primeras frases,72,12,23,23,23
Primeras frases,73,12,23,23,24
Primeras frases,74,12,24,23,24
Primeras frases,75,12,24,23,24
Primeras frases,76,12,24,24,24
Primeras frases,77,12,24,24,24
Primeras frases,78,12,24,24,24
Primeras frases,79,12,24,24,25
Primeras frases,80,12,25,24,25
Primeras frases,81,12,25,25,25
Primeras frases,82,12,25,25,25
Primeras frases,83,12,25,25,25
Primeras frases,84,12,25,25,25
Primeras frases,85,12,25,25,26
Primeras frases,86,12,26,25,26
Primeras frases,87,12,26,26,26
Primeras frases,88,12,26,26,26
Primeras frases,89,12,26,26,26
Primeras frases,90,12,26,26,26
Primeras frases,91,12,26,26,27
Primeras frases,92,12,27,27,27
Primeras frases,93,12,27,27,27
Primeras frases,94,12,27,27,27
Primeras frases,95,12,27,27,27
Primeras frases,96,12,27,27,27
Primeras frases,97,12,27,27,27
Primeras frases,98,12,28,28,28
Primeras frases,99,12,28,28,28
Primeras frases,0,13,0,0,0
Primeras frases,1,13,3,3,4
Primeras frases,2,13,4,4,5
Primeras frases,3,13,5,5,6
Primeras frases,4,13,6,6,7
Primeras frases,5,13,7,6,8
Primeras frases,6,13,8,7,8
Primeras frases,7,13,8,8,9
Primeras frases,8,13,9,8,9
Primeras frases,9,13,9,9,10
Primeras frases,10,13,10,9,10
Primeras frases,11,13,10,10,11
Primeras frases,12,13,11,10,11
Primeras frases,13,13,11,10,12
Primeras frases,14,13,11,11,12
Primeras frases,15,13,12,11,13
Primeras frases,16,13,12,12,13
Primeras frases,17,13,13,12,13
Primeras frases,18,13,13,12,14
Primeras frases,19,13,13,13,14
Primeras frases,20,13,14,13,14
Primeras frases,21,13,14,13,15
Primeras frases,22,13,14,14,15
Primeras frases,23,13,15,14,15
Primeras frases,24,13,15,14,15
Primeras frases,25,13,15,15,16
Primeras frases,26,13,15,15,16
Primeras frases,27,13,16,15,16
Primeras frases,28,13,16,15,17
Primeras frases,29,13,16,16,17
Primeras frases,30,13,17,16,17
Primeras frases,31,13,17,16,17
Primeras frases,32,13,17,17,18
Primeras frases,33,13,17,17,18
Primeras frases,34,13,18,17,18
Primeras frases,35,13,18,17,18
Primeras frases,36,13,18,18,18
Primeras frases,37,13,18,18,19
Primeras frases,38,13,18,18,19
Primeras frases,39,13,19,18,19
Primeras frases,40,13,19,18,19
Primeras frases,41,13,19,19,20
Primeras frases,42,13,19,19,20
Primeras frases,43,13,20,19,20
Primeras frases,44,13,20,19,20
Primeras frases,45,13,20,20,20
Primeras frases,46,13,20,20,21
Primeras frases,47,13,20,20,21
Primeras frases,48,13,21,20,21
Primeras frases,49,13,21,20,21
Primeras frases,50,13,21,21,21
Primeras frases,51,13,21,21,21
Primeras frases,52,13,21,21,22
Primeras frases,53,13,22,21,22
Primeras frases,54,13,22,21,22
Primeras frases,55,13,22,22,22
Primeras frases,56,13,22,22,22
Primeras frases,57,13,22,22,23
Primeras frases,58,13,22,22,23
Primeras frases,59,13,23,22,23
Primeras frases,60,13,23,22,23
Primeras frases,61,13,23,23,23
Primeras frases,62,13,23,23,23
Primeras frases,63,13,23,23,23
Primeras frases,64,13,23,23,24
Primeras frases,65,13,24,23,24
Primeras frases,66,13,24,24,24
Primeras frases,67,13,24,24,24
Primeras frases,68,13,24,24,24
Primeras frases,69,13,24,24,24
Primeras frases,70,13,24,24,25
Primeras frases,71,13,25,24,25
Primeras frases,72,13,25,24,25
Primeras frases,73,13,25,25,25
Primeras frases,74,13,25,25,25
Primeras frases,75,13,25,25,25
Primeras frases,76,13,25,25,25
Primeras frases,77,13,25,25,25
Primeras frases,78,13,26,25,26
Primeras frases,79,13,26,26,26
Primeras frases,80,13,26,26,26
Primeras frases,81,13,26,26,26
Primeras frases,82,13,26,26,26
Primeras frases,83,13,26,26,26
Primeras frases,84,13,26,26,26
Primeras frases,85,13,26,26,26
Primeras frases,86,13,27,26,27
Primeras frases,87,13,27,27,27
Primeras frases,88,13,27,27,27
Primeras frases,89,13,27,27,27
Primeras frases,90,13,27,27,27
Primeras frases,91,13,27,27,27
Primeras frases,92,13,27,27,27
Primeras frases,93,13,27,27,27
Primeras frases,94,13,27,27,27
Primeras frases,95,13,28,28,28
Primeras frases,96,13,28,28,28
Primeras frases,97,13,28,28,28
Primeras frases,98,13,28,28,28
Primeras frases,99,13,28,28,28
Primeras frases,0,14,0,0,0
Primeras frases,1,14,4,4,5
Primeras frases,2,14,5,5,6
Primeras frases,3,14,7,6,7
Primeras frases,4,14,8,7,8
Primeras frases,5,14,8,8,9
Primeras frases,6,14,9,9,10
Primeras frases,7,14,10,9,10
Primeras frases,8,14,10,10,11
Primeras frases,9,14,11,10,12
Primeras frases,10,14,11,11,12
Primeras frases,11,14,12,11,13
Primeras frases,12,14,12,12,13
Primeras frases,13,14,13,12,14
Primeras frases,14,14,13,13,14
Primeras frases,15,14,14,13,14
Primeras frases,16,14,14,14,15
Primeras frases,17,14,15,14,15
Primeras frases,18,14,15,14,15
Primeras frases,19,14,15,15,16
Primeras frases,20,14,16,15,16
Primeras frases,21,14,16,15,16
Primeras frases,22,14,16,16,17
Primeras frases,23,14,17,16,17
Primeras frases,24,14,17,16,17
Primeras frases,25,14,17,17,18
Primeras frases,26,14,17,17,18
Primeras frases,27,14,18,17,18
Primeras frases,28,14,18,18,18
Primeras frases,29,14,18,18,19
Primeras frases,30,14,19,18,19
Primeras frases,31,14,19,18,19
Primeras frases,32,14,19,19,19
Primeras frases,33,14,19,19,20
Primeras frases,34,14,19,19,20
Primeras frases,35,14,20,19,20
Primeras frases,36,14,20,20,20
Primeras frases,37,14,20,20,21
Primeras frases,38,14,20,20,21
Primeras frases,39,14,21,20,21
Primeras frases,40,14,21,20,21
Primeras frases,41,14,21,21,21
Primeras frases,42,14,21,21,21
Primeras frases,43,14,21,21,22
Primeras frases,44,14,22,21,22
Primeras frases,45,14,22,21,22
Primeras frases,46,14,22,22,22
Primeras frases,47,14,22,22,22
Primeras frases,48,14,22,22,23
Primeras frases,49,14,23,22,23
Primeras frases,50,14,23,22,23
Primeras frases,51,14,23,23,23
Primeras frases,52,14,23,23,23
Primeras frases,53,14,23,23,23
Primeras frases,54,14,23,23,24
Primeras frases,55,14,24,23,24
Primeras frases,56,14,24,23,24
Primeras frases,57,14,24,24,24
Primeras frases,58,14,24,24,24
Primeras frases,59,14,24,24,24
Primeras frases,60,14,24,24,24
Primeras frases,61,14,24,24,25
Primeras frases,62,14,25,24,25
Primeras frases,63,14,25,25,25
Primeras frases,64,14,25,25,25
Primeras frases,65,14,25,25,25
Primeras frases,66,14,25,25,25
Primeras frases,67,14,25,25,25
Primeras frases,68,14,25,25,25
Primeras frases,69,14,25,25,26
Primeras frases,70,14,26,25,26
Primeras frases,71,14,26,26,26
Primeras frases,72,14,26,26,26
Primeras frases,73,14,26,26,26
Primeras frases,74,14,26,26,26
Primeras frases,75,14,26,26,26
Primeras frases,76,14,26,26,26
Primeras frases,77,14,26,26,26
Primeras frases,78,14,26,26,27
Primeras frases,79,14,27,27,27
Primeras frases,80,14,27,27,27
Primeras frases,81,14,27,27,27
Primeras frases,82,14,27,27,27
Primeras frases,83,14,27,27,27
Primeras frases,84,14,27,27,27
Primeras frases,85,14,27,27,27
Primeras frases,86,14,27,27,27
Primeras frases,87,14,27,27,27
Primeras frases,88,14,27,27,27
Primeras frases,89,14,27,27,27
Primeras frases,90,14,28,27,28
Primeras frases,91,14,28,28,28
Primeras frases,92,14,28,28,28
Primeras frases,93,14,28,28,28
Primeras frases,94,14,28,28,28
Primeras frases,95,14,28,28,28
Primeras frases,96,14,28,28,28
Primeras frases,97,14,28,28,28
Primeras frases,98,14,28,28,28
Primeras frases,99,14,28,28,28
Primeras frases,0,15,0,0,0
Primeras frases,1,15,5,4,6
Primeras frases,2,15,7,6,7
Primeras frases,3,15,8,7,9
Primeras frases,4,15,9,8,10
Primeras frases,5,15,10,9,11
Primeras frases,6,15,11,10,11
Primeras frases,7,15,11,11,12
Primeras frases,8,15,12,11,13
Primeras frases,9,15,13,12,13
Primeras frases,10,15,13,13,14
Primeras frases,11,15,14,13,14
Primeras frases,12,15,14,14,15
Primeras frases,13,15,15,14,15
Primeras frases,14,15,15,15,16
Primeras frases,15,15,16,15,16
Primeras frases,16,15,16,15,17
Primeras frases,17,15,16,16,17
Primeras frases,18,15,17,16,17
Primeras frases,19,15,17,17,18
Primeras frases,20,15,17,17,18
Primeras frases,21,15,18,17,18
Primeras frases,22,15,18,18,19
Primeras frases,23,15,18,18,19
Primeras frases,24,15,19,18,19
Primeras frases,25,15,19,19,19
Primeras frases,26,15,19,19,20
Primeras frases,27,15,20,19,20
Primeras frases,28,15,20,19,20
Primeras frases,29,15,20,20,20
Primeras frases,30,15,20,20,21
Primeras frases,31,15,21,20,21
Primeras frases,32,15,21,20,21
Primeras frases,33,15,21,21,21
Primeras frases,34,15,21,21,22
Primeras frases,35,15,21,21,22
Primeras frases,36,15,22,21,22
Primeras frases,37,15,22,22,22
Primeras frases,38,15,22,22,22
Primeras frases,39,15,22,22,23
Primeras frases,40,15,22,22,23
Primeras frases,41,15,23,22,23
Primeras frases,42,15,23,23,23
Primeras frases,43,15,23,23,23
Primeras frases,44,15,23,23,23
Primeras frases,45,15,23,23,24
Primeras frases,46,15,24,23,24
Primeras frases,47,15,24,24,24
Primeras frases,48,15,24,24,24
Primeras frases,49,15,24,24,24
Primeras frases,50,15,24,24,24
Primeras frases,51,15,24,24,24
Primeras frases,52,15,24,24,25
Primeras frases,53,15,25,24,25
Primeras frases,54,15,25,25,25
Primeras frases,55,15,25,25,25
Primeras frases,56,15,25,25,25
Primeras frases,57,15,25,25,25
Primeras frases,58,15,25,25,25
Primeras frases,59,15,25,25,25
Primeras frases,60,15,26,25,26
Primeras frases,61,15,26,26,26
Primeras frases,62,15,26,26,26
Primeras frases,63,15,26,26,26
Primeras frases,64,15,26,26,26
Primeras frases,65,15,26,26,26
Primeras frases,66,15,26,26,26
Primeras frases,67,15,26,26,26
Primeras frases,68,15,26,26,26
Primeras frases,69,15,26,26,26
Primeras frases,70,15,27,26,27
Primeras frases,71,15,27,27,27
Primeras frases,72,15,27,27,27
Primeras frases,73,15,27,27,27
Primeras frases,74,15,27,27,27
Primeras frases,75,15,27,27,27
Primeras frases,76,15,27,27,27
Primeras frases,77,15,27,27,27
Primeras frases,78,15,27,27,27
Primeras frases,79,15,27,27,27
Primeras frases,80,15,27,27,27
Primeras frases,81,15,27,27,27
Primeras frases,82,15,27,27,27
Primeras frases,83,15,27,27,27
Primeras frases,84,15,28,28,27
Primeras frases,85,15,28,28,28
Primeras frases,86,15,28,28,28
Primeras frases,87,15,28,28,28
Primeras frases,88,15,28,28,28
Primeras frases,89,15,28,28,28
Primeras frases,90,15,28,28,28
Primeras frases,91,15,28,28,28
Primeras frases,92,15,28,28,28
Primeras frases,93,15,28,28,28
Primeras frases,94,15,28,28,28
Primeras frases,95,15,28,28,28
Primeras frases,96,15,28,28,28
Primeras frases,97,15,28,28,28
Primeras frases,98,15,28,28,28
Primeras frases,99,15,28,28,28
Primeras frases,0,16,0,0,0
Primeras frases,1,16,6,5,7
Primeras frases,2,16,8,7,9
Primeras frases,3,16,9,9,10
Primeras frases,4,16,10,10,11
Primeras frases,5,16,11,11,12
Primeras frases,6,16,12,12,13
Primeras frases,7,16,13,12,14
Primeras frases,8,16,14,13,14
Primeras frases,9,16,14,14,15
Primeras frases,10,16,15,14,15
Primeras frases,11,16,15,15,16
Primeras frases,12,16,16,15,17
Primeras frases,13,16,16,16,17
Primeras frases,14,16,17,16,17
Primeras frases,15,16,17,17,18
Primeras frases,16,16,18,17,18
Primeras frases,17,16,18,18,19
Primeras frases,18,16,18,18,19
Primeras frases,19,16,19,18,19
Primeras frases,20,16,19,19,20
Primeras frases,21,16,20,19,20
Primeras frases,22,16,20,20,20
Primeras frases,23,16,20,20,20
Primeras frases,24,16,20,20,21
Primeras frases,25,16,21,20,21
Primeras frases,26,16,21,21,21
Primeras frases,27,16,21,21,22
Primeras frases,28,16,21,21,22
Primeras frases,29,16,22,22,22
Primeras frases,30,16,22,22,22
Primeras frases,31,16,22,22,22
Primeras frases,32,16,22,22,23
Primeras frases,33,16,23,22,23
Primeras frases,34,16,23,23,23
Primeras frases,35,16,23,23,23
Primeras frases,36,16,23,23,23
Primeras frases,37,16,23,23,24
Primeras frases,38,16,24,23,24
Primeras frases,39,16,24,24,24
Primeras frases,40,16,24,24,24
Primeras frases,41,16,24,24,24
Primeras frases,42,16,24,24,24
Primeras frases,43,16,24,24,24
Primeras frases,44,16,25,25,25
Primeras frases,45,16,25,25,25
Primeras frases,46,16,25,25,25
Primeras frases,47,16,25,25,25
Primeras frases,48,16,25,25,25
Primeras frases,49,16,25,25,25
Primeras frases,50,16,25,25,25
Primeras frases,51,16,26,25,26
Primeras frases,52,16,26,26,26
Primeras frases,53,16,26,26,26
Primeras frases,54,16,26,26,26
Primeras frases,55,16,26,26,26
Primeras frases,56,16,26,26,26
Primeras frases,57,16,26,26,26
Primeras frases,58,16,26,26,26
Primeras frases,59,16,26,26,26
Primeras frases,60,16,26,26,26
Primeras frases,61,16,27,27,27
Primeras frases,62,16,27,27,27
Primeras frases,63,16,27,27,27
Primeras frases,64,16,27,27,27
Primeras frases,65,16,27,27,27
Primeras frases,66,16,27,27,27
Primeras frases,67,16,27,27,27
Primeras frases,68,16,27,27,27
Primeras frases,69,16,27,27,27
Primeras frases,70,16,27,27,27
Primeras frases,71,16,27,27,27
Primeras frases,72,16,27,27,27
Primeras frases,73,16,27,27,27
Primeras frases,74,16,27,27,27
Primeras frases,75,16,27,27,27
Primeras frases,76,16,27,28,27
Primeras frases,77,16,28,28,28
Primeras frases,78,16,28,28,28
Primeras frases,79,16,28,28,28
Primeras frases,80,16,28,28,28
Primeras frases,81,16,28,28,28
Primeras frases,82,16,28,28,28
Primeras frases,83,16,28,28,28
Primeras frases,84,16,28,28,28
Primeras frases,85,16,28,28,28
Primeras frases,86,16,28,28,28
Primeras frases,87,16,28,28,28
Primeras frases,88,16,28,28,28
Primeras frases,89,16,28,28,28
Primeras frases,90,16,28,28,28
Primeras frases,91,16,28,28,28
Primeras frases,92,16,28,28,28
Primeras frases,93,16,28,28,28
Primeras frases,94,16,28,28,28
Primeras frases,95,16,28,28,28
Primeras frases,96,16,28,28,28
Primeras frases,97,16,28,28,28
Primeras frases,98,16,28,28,28
Primeras frases,99,16,28,28,28
Primeras frases,0,17,0,0,0
Primeras frases,1,17,7,6,8
Primeras frases,2,17,9,8,10
Primeras frases,3,17,10,10,11
Primeras frases,4,17,12,11,13
Primeras frases,5,17,13,12,14
Primeras frases,6,17,14,13,14
Primeras frases,7,17,15,14,15
Primeras frases,8,17,15,15,16
Primeras frases,9,17,16,15,17
Primeras frases,10,17,17,16,17
Primeras frases,11,17,17,17,18
Primeras frases,12,17,18,17,18
Primeras frases,13,17,18,18,19
Primeras frases,14,17,19,18,19
Primeras frases,15,17,19,19,19
Primeras frases,16,17,19,19,20
Primeras frases,17,17,20,20,20
Primeras frases,18,17,20,20,20
Primeras frases,19,17,20,20,21
Primeras frases,20,17,21,21,21
Primeras frases,21,17,21,21,21
Primeras frases,22,17,21,21,22
Primeras frases,23,17,22,22,22
Primeras frases,24,17,22,22,22
Primeras frases,25,17,22,22,22
Primeras frases,26,17,23,22,23
Primeras frases,27,17,23,23,23
Primeras frases,28,17,23,23,23
Primeras frases,29,17,23,23,23
Primeras frases,30,17,23,23,24
Primeras frases,31,17,24,24,24
Primeras frases,32,17,24,24,24
Primeras frases,33,17,24,24,24
Primeras frases,34,17,24,24,24
Primeras frases,35,17,24,24,24
Primeras frases,36,17,25,25,25
Primeras frases,37,17,25,25,25
Primeras frases,38,17,25,25,25
Primeras frases,39,17,25,25,25
Primeras frases,40,17,25,25,25
Primeras frases,41,17,25,25,25
Primeras frases,42,17,25,25,25
Primeras frases,43,17,26,26,26
Primeras frases,44,17,26,26,26
Primeras frases,45,17,26,26,26
Primeras frases,46,17,26,26,26
Primeras frases,47,17,26,26,26
Primeras frases,48,17,26,26,26
Primeras frases,49,17,26,26,26
Primeras frases,50,17,26,26,26
Primeras frases,51,17,26,26,26
Primeras frases,52,17,27,27,26
Primeras frases,53,17,27,27,27
Primeras frases,54,17,27,27,27
Primeras frases,55,17,27,27,27
Primeras frases,56,17,27,27,27
Primeras frases,57,17,27,27,27
Primeras frases,58,17,27,27,27
Primeras frases,59,17,27,27,27
Primeras frases,60,17,27,27,27
Primeras frases,61,17,27,27,27
Primeras frases,62,17,27,27,27
Primeras frases,63,17,27,27,27
Primeras frases,64,17,27,27,27
Primeras frases,65,17,27,27,27
Primeras frases,66,17,27,27,27
Primeras frases,67,17,27,28,27
Primeras frases,68,17,28,28,27
Primeras frases,69,17,28,28,28
Primeras frases,70,17,28,28,28
Primeras frases,71,17,28,28,28
Primeras frases,72,17,28,28,28
Primeras frases,73,17,28,28,28
Primeras frases,74,17,28,28,28
Primeras frases,75,17,28,28,28
Primeras frases,76,17,28,28,28
Primeras frases,77,17,28,28,28
Primeras frases,78,17,28,28,28
Primeras frases,79,17,28,28,28
Primeras frases,80,17,28,28,28
Primeras frases,81,17,28,28,28
Primeras frases,82,17,28,28,28
Primeras frases,83,17,28,28,28
Primeras frases,84,17,28,28,28
Primeras frases,85,17,28,28,28
Primeras frases,86,17,28,28,28
Primeras frases,87,17,28,28,28
Primeras frases,88,17,28,28,28
Primeras frases,89,17,28,28,28
Primeras frases,90,17,28,28,28
Primeras frases,91,17,28,28,28
Primeras frases,92,17,28,28,28
Primeras frases,93,17,28,28,28
Primeras frases,94,17,28,28,28
Primeras frases,95,17,28,28,28
Primeras frases,96,17,28,28,28
Primeras frases,97,17,28,28,28
Primeras frases,98,17,28,28,28
Primeras frases,99,17,28,28,28
Primeras frases,0,18,0,0,0
Primeras frases,1,18,8,7,9
Primeras frases,2,18,10,9,11
Primeras frases,3,18,12,11,13
Primeras frases,4,18,13,12,14
Primeras frases,5,18,14,14,15
Primeras frases,6,18,15,15,16
Primeras frases,7,18,16,16,17
Primeras frases,8,18,17,16,17
Primeras frases,9,18,17,17,18
Primeras frases,10,18,18,18,19
Primeras frases,11,18,19,18,19
Primeras frases,12,18,19,19,20
Primeras frases,13,18,20,19,20
Primeras frases,14,18,20,20,21
Primeras frases,15,18,21,20,21
Primeras frases,16,18,21,21,21
Primeras frases,17,18,21,21,22
Primeras frases,18,18,22,22,22
Primeras frases,19,18,22,22,22
Primeras frases,20,18,22,22,23
Primeras frases,21,18,23,23,23
Primeras frases,22,18,23,23,23
Primeras frases,23,18,23,23,23
Primeras frases,24,18,23,23,24
Primeras frases,25,18,24,24,24
Primeras frases,26,18,24,24,24
Primeras frases,27,18,24,24,24
Primeras frases,28,18,24,24,24
Primeras frases,29,18,25,25,25
Primeras frases,30,18,25,25,25
Primeras frases,31,18,25,25,25
Primeras frases,32,18,25,25,25
Primeras frases,33,18,25,25,25
Primeras frases,34,18,25,25,25
Primeras frases,35,18,25,26,25
Primeras frases,36,18,26,26,26
Primeras frases,37,18,26,26,26
Primeras frases,38,18,26,26,26
Primeras frases,39,18,26,26,26
Primeras frases,40,18,26,26,26
Primeras frases,41,18,26,26,26
Primeras frases,42,18,26,26,26
Primeras frases,43,18,26,27,26
Primeras frases,44,18,27,27,26
Primeras frases,45,18,27,27,27
Primeras frases,46,18,27,27,27
Primeras frases,47,18,27,27,27
Primeras frases,48,18,27,27,27
Primeras frases,49,18,27,27,27
Primeras frases,50,18,27,27,27
Primeras frases,51,18,27,27,27
Primeras frases,52,18,27,27,27
Primeras frases,53,18,27,27,27
Primeras frases,54,18,27,27,27
Primeras frases,55,18,27,27,27
Primeras frases,56,18,27,27,27
Primeras frases,57,18,27,27,27
Primeras frases,58,18,27,28,27
Primeras frases,59,18,28,28,27
Primeras frases,60,18,28,28,27
Primeras frases,61,18,28,28,28
Primeras frases,62,18,28,28,28
Primeras frases,63,18,28,28,28
Primeras frases,64,18,28,28,28
Primeras frases,65,18,28,28,28
Primeras frases,66,18,28,28,28
Primeras frases,67,18,28,28,28
Primeras frases,68,18,28,28,28
Primeras frases,69,18,28,28,28
Primeras frases,70,18,28,28,28
Primeras frases,71,18,28,28,28
Primeras frases,72,18,28,28,28
Primeras frases,73,18,28,28,28
Primeras frases,74,18,28,28,28
Primeras frases,75,18,28,28,28
Primeras frases,76,18,28,28,28
Primeras frases,77,18,28,28,28
Primeras frases,78,18,28,28,28
Primeras frases,79,18,28,28,28
Primeras frases,80,18,28,28,28
Primeras frases,81,18,28,28,28
Primeras frases,82,18,28,28,28
Primeras frases,83,18,28,28,28
Primeras frases,84,18,28,28,28
Primeras frases,85,18,28,28,28
Primeras frases,86,18,28,28,28
Primeras frases,87,18,28,28,28
Primeras frases,88,18,28,28,28
Primeras frases,89,18,28,28,28
Primeras frases,90,18,28,28,28
Primeras frases,91,18,28,28,28
Primeras frases,92,18,28,28,28
Primeras frases,93,18,28,28,28
Primeras frases,94,18,28,28,28
Primeras frases,95,18,28,28,28
Primeras frases,96,18,28,28,28
Primeras frases,97,18,28,28,28
Primeras frases,98,18,28,28,28
Primeras frases,99,18,28,28,28